{
  "type": "FeatureCollection",
  "features": [
    {
      "type": "Feature",
      "id": "PB1",
      "geometry": {
        "type": "Point",
        "coordinates": [
          -4.115,
          47.875
        ]
      },
      "properties": {
        "pb": 1,
        "nom": "La Pyramide",
        "accessibilite": "Voiture",
        "villeProche": "",
        "structure": "Tour tronconique blanche haut vert",
        "validationExpedition": "Oui",
        "departement": "29",
        "wlotta": "Oui",
        "positionDMS": "47°52,5 N 004°06,9 W",
        "recherchePourcentage": "76%",
        "derniereActivite": "2005",
        "typePoint": "lighthouse",
        "urlId": 139
      }
    },
    {
      "type": "Feature",
      "id": "PB3",
      "geometry": {
        "type": "Point",
        "coordinates": [
          -4.0283,
          47.775
        ]
      },
      "properties": {
        "pb": 3,
        "nom": "Ile aux Moutons",
        "accessibilite": "Bateau",
        "villeProche": "",
        "structure": "Tour carrée et maison blanche",
        "validationExpedition": "Oui",
        "departement": "29",
        "wlotta": "Oui",
        "positionDMS": "47°46,5 N 004°01,7 W",
        "recherchePourcentage": "62%",
        "derniereActivite": "2018",
        "typePoint": "lighthouse",
        "urlId": 140
      }
    },
    {
      "type": "Feature",
      "id": "PB5",
      "geometry": {
        "type": "Point",
        "coordinates": [
          -3.89,
          48.675
        ]
      },
      "properties": {
        "pb": 5,
        "nom": "Ile Louet",
        "accessibilite": "Bateau",
        "villeProche": "",
        "structure": "Tour carrée blanche haut noir",
        "validationExpedition": "Oui",
        "departement": "29",
        "wlotta": "Oui",
        "positionDMS": "48°40,5 N 003°53,4 W",
        "recherchePourcentage": "48%",
        "derniereActivite": "2013",
        "typePoint": "lighthouse",
        "urlId": 141
      }
    },
    {
      "type": "Feature",
      "id": "PB7",
      "geometry": {
        "type": "Point",
        "coordinates": [
          -4.5683,
          48.64
        ]
      },
      "properties": {
        "pb": 7,
        "nom": "Ile Vierge",
        "accessibilite": "Bateau",
        "villeProche": "",
        "structure": "Tour grise",
        "validationExpedition": "Oui",
        "departement": "29",
        "wlotta": "Oui",
        "positionDMS": "48°38,4 N 004°34,1 W",
        "recherchePourcentage": "48%",
        "derniereActivite": "2018",
        "typePoint": "lighthouse",
        "urlId": 142
      }
    },
    {
      "type": "Feature",
      "id": "PB11",
      "geometry": {
        "type": "Point",
        "coordinates": [
          -4.805,
          48.5233
        ]
      },
      "properties": {
        "pb": 11,
        "nom": "Le Four",
        "accessibilite": "Bateau",
        "villeProche": "",
        "structure": "Tour grise",
        "validationExpedition": "Oui",
        "departement": "29",
        "wlotta": "Oui",
        "positionDMS": "48°31,4 N 004°48,3 W",
        "recherchePourcentage": "100%",
        "derniereActivite": "Expéditions réalisées :",
        "typePoint": "lighthouse",
        "urlId": 143
      }
    },
    {
      "type": "Feature",
      "id": "PB12",
      "geometry": {
        "type": "Point",
        "coordinates": [
          -4.9967,
          48.05
        ]
      },
      "properties": {
        "pb": 12,
        "nom": "Ar Men",
        "accessibilite": "Bateau",
        "villeProche": "",
        "structure": "Tour blanche base sombre haut noir",
        "validationExpedition": "Oui",
        "departement": "29",
        "wlotta": "Oui",
        "positionDMS": "48°03,0 N 004°59,8 W",
        "recherchePourcentage": "100%",
        "derniereActivite": "Expéditions réalisées :",
        "typePoint": "lighthouse",
        "urlId": 144
      }
    },
    {
      "type": "Feature",
      "id": "PB13",
      "geometry": {
        "type": "Point",
        "coordinates": [
          -4.7933,
          48.0717
        ]
      },
      "properties": {
        "pb": 13,
        "nom": "Tevennec",
        "accessibilite": "Bateau",
        "villeProche": "",
        "structure": "Tour et maison blanche",
        "validationExpedition": "Oui",
        "departement": "29",
        "wlotta": "Oui",
        "positionDMS": "48°04,3 N 004°47,6 W",
        "recherchePourcentage": "100%",
        "derniereActivite": "Expéditions réalisées :",
        "typePoint": "lighthouse",
        "urlId": 145
      }
    },
    {
      "type": "Feature",
      "id": "PB14",
      "geometry": {
        "type": "Point",
        "coordinates": [
          -5.0267,
          48.4383
        ]
      },
      "properties": {
        "pb": 14,
        "nom": "Men Tensel - Kereon",
        "accessibilite": "Bateau",
        "villeProche": "",
        "structure": "Tour grise",
        "validationExpedition": "Oui",
        "departement": "29",
        "wlotta": "Oui",
        "positionDMS": "48°26,3 N 005°01,6 W",
        "recherchePourcentage": "100%",
        "derniereActivite": "Expéditions réalisées :",
        "typePoint": "lighthouse",
        "urlId": 146
      }
    },
    {
      "type": "Feature",
      "id": "PB22",
      "geometry": {
        "type": "Point",
        "coordinates": [
          -5.135,
          48.4233
        ]
      },
      "properties": {
        "pb": 22,
        "nom": "La Jument",
        "accessibilite": "Bateau",
        "villeProche": "",
        "structure": "Tour octogonale grise haut rouge",
        "validationExpedition": "Oui",
        "departement": "29",
        "wlotta": "Oui",
        "positionDMS": "48°25,4 N 005°08,1 W",
        "recherchePourcentage": "100%",
        "derniereActivite": "Expéditions réalisées :",
        "typePoint": "lighthouse",
        "urlId": 147
      }
    },
    {
      "type": "Feature",
      "id": "PB26",
      "geometry": {
        "type": "Point",
        "coordinates": [
          -4.7567,
          48.0417
        ]
      },
      "properties": {
        "pb": 26,
        "nom": "La Vieille",
        "accessibilite": "Bateau",
        "villeProche": "",
        "structure": "Tour carrée grise haut noir",
        "validationExpedition": "Oui",
        "departement": "29",
        "wlotta": "Oui",
        "positionDMS": "48°02,5 N 004°45,4 W",
        "recherchePourcentage": "100%",
        "derniereActivite": "Expéditions réalisées :",
        "typePoint": "lighthouse",
        "urlId": 148
      }
    },
    {
      "type": "Feature",
      "id": "PB33",
      "geometry": {
        "type": "Point",
        "coordinates": [
          -4.915,
          48.3117
        ]
      },
      "properties": {
        "pb": 33,
        "nom": "Les Pierres Noires",
        "accessibilite": "Bateau",
        "villeProche": "",
        "structure": "Tour tronconique blanche haut rouge",
        "validationExpedition": "Oui",
        "departement": "29",
        "wlotta": "Oui",
        "positionDMS": "48°18,7 N 004°54,9 W",
        "recherchePourcentage": "100%",
        "derniereActivite": "Expéditions réalisées :",
        "typePoint": "lighthouse",
        "urlId": 149
      }
    },
    {
      "type": "Feature",
      "id": "PB38",
      "geometry": {
        "type": "Point",
        "coordinates": [
          -3.9533,
          47.7217
        ]
      },
      "properties": {
        "pb": 38,
        "nom": "Ile de Penfret",
        "accessibilite": "Bateau",
        "villeProche": "",
        "structure": "Tour carrée blanche haut rouge",
        "validationExpedition": "Oui",
        "departement": "29",
        "wlotta": "Oui",
        "positionDMS": "47°43,3 N 003°57,2 W",
        "recherchePourcentage": "38%",
        "derniereActivite": "2016",
        "typePoint": "lighthouse",
        "urlId": 150
      }
    },
    {
      "type": "Feature",
      "id": "PBUNKNOWN",
      "geometry": {
        "type": "Point",
        "coordinates": [
          0.0,
          0.0
        ]
      },
      "properties": {
        "pb": null,
        "nom": "",
        "accessibilite": "",
        "villeProche": "",
        "structure": "",
        "validationExpedition": "",
        "departement": "29",
        "wlotta": "Non",
        "positionDMS": "",
        "recherchePourcentage": "",
        "derniereActivite": "",
        "typePoint": "lighthouse",
        "urlId": 151
      }
    },
    {
      "type": "Feature",
      "id": "PB40",
      "geometry": {
        "type": "Point",
        "coordinates": [
          -4.5767,
          48.615
        ]
      },
      "properties": {
        "pb": 40,
        "nom": "Ile Wrac'h",
        "accessibilite": "Bateau",
        "villeProche": "",
        "structure": "Tour carrée blanche haut orange et maison",
        "validationExpedition": "Oui",
        "departement": "29",
        "wlotta": "Oui",
        "positionDMS": "48°36,9 N 004°34,6 W",
        "recherchePourcentage": "48%",
        "derniereActivite": "2015",
        "typePoint": "lighthouse",
        "urlId": 152
      }
    },
    {
      "type": "Feature",
      "id": "PB42",
      "geometry": {
        "type": "Point",
        "coordinates": [
          -5.1517,
          48.4467
        ]
      },
      "properties": {
        "pb": 42,
        "nom": "Nividic",
        "accessibilite": "Bateau",
        "villeProche": "",
        "structure": "Tour octogonale grise",
        "validationExpedition": "Oui",
        "departement": "29",
        "wlotta": "Oui",
        "positionDMS": "48°26,8 N 005°09,1 W",
        "recherchePourcentage": "100%",
        "derniereActivite": "2009",
        "typePoint": "lighthouse",
        "urlId": 153
      }
    },
    {
      "type": "Feature",
      "id": "PB61",
      "geometry": {
        "type": "Point",
        "coordinates": [
          -3.8767,
          48.6733
        ]
      },
      "properties": {
        "pb": 61,
        "nom": "Ile Noire",
        "accessibilite": "Bateau",
        "villeProche": "",
        "structure": "Tour carrée blanchie vers le large lanterne rouge",
        "validationExpedition": "Oui",
        "departement": "29",
        "wlotta": "Oui",
        "positionDMS": "48°40,4 N 003°52,6 W",
        "recherchePourcentage": "81%",
        "derniereActivite": "2012",
        "typePoint": "lighthouse",
        "urlId": 154
      }
    },
    {
      "type": "Feature",
      "id": "PB63",
      "geometry": {
        "type": "Point",
        "coordinates": [
          -4.3383,
          48.1033
        ]
      },
      "properties": {
        "pb": 63,
        "nom": "Ile Tristan",
        "accessibilite": "Bateau",
        "villeProche": "",
        "structure": "Tour grise bande blanche haut noir",
        "validationExpedition": "Oui",
        "departement": "29",
        "wlotta": "Oui",
        "positionDMS": "48°06,2 N 004°20,3 W",
        "recherchePourcentage": "71%",
        "derniereActivite": "2008",
        "typePoint": "lighthouse",
        "urlId": 155
      }
    },
    {
      "type": "Feature",
      "id": "PB65",
      "geometry": {
        "type": "Point",
        "coordinates": [
          -4.7317,
          48.5867
        ]
      },
      "properties": {
        "pb": 65,
        "nom": "Corn Carhai",
        "accessibilite": "Bateau",
        "villeProche": "",
        "structure": "Tour octogonale blanche haut noir",
        "validationExpedition": "Oui",
        "departement": "29",
        "wlotta": "Oui",
        "positionDMS": "48°35,2 N 004°43,9 W",
        "recherchePourcentage": "100%",
        "derniereActivite": "Expéditions réalisées :",
        "typePoint": "lighthouse",
        "urlId": 156
      }
    },
    {
      "type": "Feature",
      "id": "PB93",
      "geometry": {
        "type": "Point",
        "coordinates": [
          -3.885,
          48.6367
        ]
      },
      "properties": {
        "pb": 93,
        "nom": "La Lande",
        "accessibilite": "Voiture",
        "villeProche": "",
        "structure": "Tour carrée blanche haut noir",
        "validationExpedition": "Oui",
        "departement": "29",
        "wlotta": "Oui",
        "positionDMS": "48°38,2 N 003°53,1 W",
        "recherchePourcentage": "29%",
        "derniereActivite": "2009",
        "typePoint": "lighthouse",
        "urlId": 157
      }
    },
    {
      "type": "Feature",
      "id": "PB1010",
      "geometry": {
        "type": "Point",
        "coordinates": [
          -4.0267,
          48.7467
        ]
      },
      "properties": {
        "pb": 1010,
        "nom": "Ile de Batz",
        "accessibilite": "Bateau",
        "villeProche": "",
        "structure": "Tour grise lanterne noire",
        "validationExpedition": "Oui",
        "departement": "29",
        "wlotta": "Oui",
        "positionDMS": "48°44,8 N 004°01,6 W",
        "recherchePourcentage": "57%",
        "derniereActivite": "2010",
        "typePoint": "lighthouse",
        "urlId": 158
      }
    },
    {
      "type": "Feature",
      "id": "PB95",
      "geometry": {
        "type": "Point",
        "coordinates": [
          -3.98,
          48.7233
        ]
      },
      "properties": {
        "pb": 95,
        "nom": "Roscoff Rear",
        "accessibilite": "Voiture",
        "villeProche": "",
        "structure": "Tour carrée grise blanchie",
        "validationExpedition": "Oui",
        "departement": "29",
        "wlotta": "Oui",
        "positionDMS": "48°43,4 N 003°58,8 W",
        "recherchePourcentage": "48%",
        "derniereActivite": "2008",
        "typePoint": "lighthouse",
        "urlId": 159
      }
    },
    {
      "type": "Feature",
      "id": "PB96",
      "geometry": {
        "type": "Point",
        "coordinates": [
          -4.3467,
          48.6783
        ]
      },
      "properties": {
        "pb": 96,
        "nom": "Pontusval - Pointe de Beg Pol",
        "accessibilite": "Voiture",
        "villeProche": "",
        "structure": "Tour carrée et maison blanches haut noir",
        "validationExpedition": "Oui",
        "departement": "29",
        "wlotta": "Oui",
        "positionDMS": "48°40,7 N 004°20,8 W",
        "recherchePourcentage": "38%",
        "derniereActivite": "2014",
        "typePoint": "lighthouse",
        "urlId": 160
      }
    },
    {
      "type": "Feature",
      "id": "PB97",
      "geometry": {
        "type": "Point",
        "coordinates": [
          -5.13,
          48.46
        ]
      },
      "properties": {
        "pb": 97,
        "nom": "Pointe de Creac'h",
        "accessibilite": "Bateau",
        "villeProche": "",
        "structure": "Tour bandes noires et blanches",
        "validationExpedition": "Oui",
        "departement": "29",
        "wlotta": "Oui",
        "positionDMS": "48°27,6 N 005°07,8 W",
        "recherchePourcentage": "95%",
        "derniereActivite": "2007",
        "typePoint": "lighthouse",
        "urlId": 161
      }
    },
    {
      "type": "Feature",
      "id": "PB99",
      "geometry": {
        "type": "Point",
        "coordinates": [
          -5.0567,
          48.475
        ]
      },
      "properties": {
        "pb": 99,
        "nom": "Le Stiff",
        "accessibilite": "Bateau",
        "villeProche": "",
        "structure": "2 tours blanches accolées",
        "validationExpedition": "Oui",
        "departement": "29",
        "wlotta": "Oui",
        "positionDMS": "48°28,5 N 005°03,4 W",
        "recherchePourcentage": "90%",
        "derniereActivite": "2007",
        "typePoint": "lighthouse",
        "urlId": 162
      }
    },
    {
      "type": "Feature",
      "id": "PB100",
      "geometry": {
        "type": "Point",
        "coordinates": [
          -4.7717,
          48.33
        ]
      },
      "properties": {
        "pb": 100,
        "nom": "Saint Mathieu",
        "accessibilite": "Voiture",
        "villeProche": "",
        "structure": "Tour tronconique blanche haut rouge",
        "validationExpedition": "Oui",
        "departement": "29",
        "wlotta": "Oui",
        "positionDMS": "48°19,8 N 004°46,3 W",
        "recherchePourcentage": "81%",
        "derniereActivite": "2015",
        "typePoint": "lighthouse",
        "urlId": 163
      }
    },
    {
      "type": "Feature",
      "id": "PB101",
      "geometry": {
        "type": "Point",
        "coordinates": [
          -4.765,
          48.3433
        ]
      },
      "properties": {
        "pb": 101,
        "nom": "Lochrist",
        "accessibilite": "Voiture",
        "villeProche": "",
        "structure": "Tour octogonale blanche à haut rouge",
        "validationExpedition": "Oui",
        "departement": "29",
        "wlotta": "Oui",
        "positionDMS": "48°20,6 N 004°45,9 W",
        "recherchePourcentage": "100%",
        "derniereActivite": "2007",
        "typePoint": "lighthouse",
        "urlId": 164
      }
    },
    {
      "type": "Feature",
      "id": "PB102",
      "geometry": {
        "type": "Point",
        "coordinates": [
          -4.78,
          48.4233
        ]
      },
      "properties": {
        "pb": 102,
        "nom": "Trezien",
        "accessibilite": "Voiture",
        "villeProche": "",
        "structure": "Tour tronconique grise et blanche",
        "validationExpedition": "Oui",
        "departement": "29",
        "wlotta": "Oui",
        "positionDMS": "48°25,4 N 004°46,8 W",
        "recherchePourcentage": "100%",
        "derniereActivite": "2016",
        "typePoint": "lighthouse",
        "urlId": 165
      }
    },
    {
      "type": "Feature",
      "id": "PB103",
      "geometry": {
        "type": "Point",
        "coordinates": [
          -4.79,
          48.3617
        ]
      },
      "properties": {
        "pb": 103,
        "nom": "Kermorvan",
        "accessibilite": "A Pieds",
        "villeProche": "",
        "structure": "Tour carrée blanche",
        "validationExpedition": "Oui",
        "departement": "29",
        "wlotta": "Oui",
        "positionDMS": "48°21,7 N 004°47,4 W",
        "recherchePourcentage": "86%",
        "derniereActivite": "2009",
        "typePoint": "lighthouse",
        "urlId": 166
      }
    },
    {
      "type": "Feature",
      "id": "PB104",
      "geometry": {
        "type": "Point",
        "coordinates": [
          -4.4983,
          48.22
        ]
      },
      "properties": {
        "pb": 104,
        "nom": "Pointe de Morgat",
        "accessibilite": "Voiture",
        "villeProche": "",
        "structure": "Tour carrée blanche haut rouge",
        "validationExpedition": "Oui",
        "departement": "29",
        "wlotta": "Oui",
        "positionDMS": "48°13,2 N 004°29,9 W",
        "recherchePourcentage": "76%",
        "derniereActivite": "2008",
        "typePoint": "lighthouse",
        "urlId": 167
      }
    },
    {
      "type": "Feature",
      "id": "PB105",
      "geometry": {
        "type": "Point",
        "coordinates": [
          -4.465,
          48.0983
        ]
      },
      "properties": {
        "pb": 105,
        "nom": "Pointe du Millier",
        "accessibilite": "A Pieds",
        "villeProche": "",
        "structure": "Maison blanche",
        "validationExpedition": "Oui",
        "departement": "29",
        "wlotta": "Oui",
        "positionDMS": "48°05,9 N 004°27,9 W",
        "recherchePourcentage": "100%",
        "derniereActivite": "2002",
        "typePoint": "lighthouse",
        "urlId": 168
      }
    },
    {
      "type": "Feature",
      "id": "PB106",
      "geometry": {
        "type": "Point",
        "coordinates": [
          -4.8517,
          48.0433
        ]
      },
      "properties": {
        "pb": 106,
        "nom": "Ile de Sein - Grand Phare",
        "accessibilite": "Bateau, à pieds",
        "villeProche": "",
        "structure": "Tour tronconique blanche haut noir",
        "validationExpedition": "Oui",
        "departement": "29",
        "wlotta": "Oui",
        "positionDMS": "48°02,6 N 004°51,1 W",
        "recherchePourcentage": "90%",
        "derniereActivite": "2005",
        "typePoint": "lighthouse",
        "urlId": 169
      }
    },
    {
      "type": "Feature",
      "id": "PBUNKNOWN",
      "geometry": {
        "type": "Point",
        "coordinates": [
          -3.855,
          47.7933
        ]
      },
      "properties": {
        "pb": null,
        "nom": "Trévignon Jetée",
        "accessibilite": "A Pieds",
        "villeProche": "",
        "structure": "Tour carrée blanche haut vert",
        "validationExpedition": "Oui",
        "departement": "29",
        "wlotta": "Oui",
        "positionDMS": "47°47,6 N 003°51,3 W",
        "recherchePourcentage": "86%",
        "derniereActivite": "2016",
        "typePoint": "lighthouse",
        "urlId": 170
      }
    },
    {
      "type": "Feature",
      "id": "PB109",
      "geometry": {
        "type": "Point",
        "coordinates": [
          -4.63,
          48.28
        ]
      },
      "properties": {
        "pb": 109,
        "nom": "Pointe du Toulinguet",
        "accessibilite": "A Pieds",
        "villeProche": "",
        "structure": "Tour carrée et maison blanche",
        "validationExpedition": "Oui",
        "departement": "29",
        "wlotta": "Oui",
        "positionDMS": "48°16,8 N 004°37,8 W",
        "recherchePourcentage": "86%",
        "derniereActivite": "Expéditions réalisées :",
        "typePoint": "lighthouse",
        "urlId": 171
      }
    },
    {
      "type": "Feature",
      "id": "PB110",
      "geometry": {
        "type": "Point",
        "coordinates": [
          -4.615,
          48.3367
        ]
      },
      "properties": {
        "pb": 110,
        "nom": "Pointe du Petit Minou",
        "accessibilite": "A Pieds",
        "villeProche": "",
        "structure": "Tour grise et blanche haut rouge",
        "validationExpedition": "Oui",
        "departement": "29",
        "wlotta": "Oui",
        "positionDMS": "48°20,2 N 004°36,9 W",
        "recherchePourcentage": "86%",
        "derniereActivite": "1999",
        "typePoint": "lighthouse",
        "urlId": 172
      }
    },
    {
      "type": "Feature",
      "id": "PB111",
      "geometry": {
        "type": "Point",
        "coordinates": [
          -4.5333,
          48.36
        ]
      },
      "properties": {
        "pb": 111,
        "nom": "Pointe du Portzic",
        "accessibilite": "A Pieds (Terrain Militaire)",
        "villeProche": "",
        "structure": "Tour octogonale grise",
        "validationExpedition": "Oui",
        "departement": "29",
        "wlotta": "Oui",
        "positionDMS": "48°21,6 N 004°32,0 W",
        "recherchePourcentage": "100%",
        "derniereActivite": "Expéditions réalisées :",
        "typePoint": "lighthouse",
        "urlId": 173
      }
    },
    {
      "type": "Feature",
      "id": "PB112",
      "geometry": {
        "type": "Point",
        "coordinates": [
          -4.5667,
          48.0017
        ]
      },
      "properties": {
        "pb": 112,
        "nom": "Pointe de Lervily",
        "accessibilite": "Voiture",
        "villeProche": "",
        "structure": "Tour blanche de l'ancien Sémaphore haut rouge",
        "validationExpedition": "Oui",
        "departement": "29",
        "wlotta": "Oui",
        "positionDMS": "48°00,1 N 004°34,0 W",
        "recherchePourcentage": "86%",
        "derniereActivite": "2017",
        "typePoint": "lighthouse",
        "urlId": 174
      }
    },
    {
      "type": "Feature",
      "id": "PB114",
      "geometry": {
        "type": "Point",
        "coordinates": [
          -4.3733,
          47.7983
        ]
      },
      "properties": {
        "pb": 114,
        "nom": "Pointe de Penmarc'h",
        "accessibilite": "Voiture",
        "villeProche": "",
        "structure": "Tour octogonale grise",
        "validationExpedition": "Oui",
        "departement": "29",
        "wlotta": "Oui",
        "positionDMS": "47°47,9 N 004°22,4 W",
        "recherchePourcentage": "81%",
        "derniereActivite": "2008",
        "typePoint": "lighthouse",
        "urlId": 175
      }
    },
    {
      "type": "Feature",
      "id": "PB116",
      "geometry": {
        "type": "Point",
        "coordinates": [
          -4.275,
          47.7967
        ]
      },
      "properties": {
        "pb": 116,
        "nom": "Le Guilvinec - Rear",
        "accessibilite": "Voiture",
        "villeProche": "",
        "structure": "Tour rectangulaire blanche bande verticale rouge",
        "validationExpedition": "Oui",
        "departement": "29",
        "wlotta": "Oui",
        "positionDMS": "47°47,8 N 004°16,5 W",
        "recherchePourcentage": "76%",
        "derniereActivite": "2007",
        "typePoint": "lighthouse",
        "urlId": 176
      }
    },
    {
      "type": "Feature",
      "id": "PB117",
      "geometry": {
        "type": "Point",
        "coordinates": [
          -4.16,
          47.8317
        ]
      },
      "properties": {
        "pb": 117,
        "nom": "Pointe de Langoz",
        "accessibilite": "Voiture",
        "villeProche": "",
        "structure": "Tour blanche haut rouge",
        "validationExpedition": "Oui",
        "departement": "29",
        "wlotta": "Oui",
        "positionDMS": "47°49,9 N 004°09,6 W",
        "recherchePourcentage": "81%",
        "derniereActivite": "2007",
        "typePoint": "lighthouse",
        "urlId": 177
      }
    },
    {
      "type": "Feature",
      "id": "PB120",
      "geometry": {
        "type": "Point",
        "coordinates": [
          -3.9183,
          47.87
        ]
      },
      "properties": {
        "pb": 120,
        "nom": "La Croix",
        "accessibilite": "Voiture",
        "villeProche": "",
        "structure": "Tour rouge et blanche",
        "validationExpedition": "Oui",
        "departement": "29",
        "wlotta": "Oui",
        "positionDMS": "47°52,2 N 003°55,1 W",
        "recherchePourcentage": "100%",
        "derniereActivite": "2001",
        "typePoint": "lighthouse",
        "urlId": 178
      }
    },
    {
      "type": "Feature",
      "id": "PB150",
      "geometry": {
        "type": "Point",
        "coordinates": [
          -4.5367,
          48.61
        ]
      },
      "properties": {
        "pb": 150,
        "nom": "Lanvaon - Rear",
        "accessibilite": "Voiture",
        "villeProche": "",
        "structure": "Tour rectangulaire blanche haut orange",
        "validationExpedition": "Oui",
        "departement": "29",
        "wlotta": "Oui",
        "positionDMS": "48°36,6 N 004°32,2 W",
        "recherchePourcentage": "43%",
        "derniereActivite": "2015",
        "typePoint": "lighthouse",
        "urlId": 179
      }
    },
    {
      "type": "Feature",
      "id": "PB153",
      "geometry": {
        "type": "Point",
        "coordinates": [
          -3.9617,
          48.72
        ]
      },
      "properties": {
        "pb": 153,
        "nom": "Bloscon - Jetée",
        "accessibilite": "A Pieds",
        "villeProche": "",
        "structure": "Tourelle blanche haut vert",
        "validationExpedition": "Oui",
        "departement": "29",
        "wlotta": "Oui",
        "positionDMS": "48°43,2 N 003°57,7 W",
        "recherchePourcentage": "100%",
        "derniereActivite": "Expéditions réalisées :",
        "typePoint": "lighthouse",
        "urlId": 180
      }
    },
    {
      "type": "Feature",
      "id": "PB157",
      "geometry": {
        "type": "Point",
        "coordinates": [
          -4.76,
          48.4717
        ]
      },
      "properties": {
        "pb": 157,
        "nom": "Aber Ildut",
        "accessibilite": "Voiture",
        "villeProche": "",
        "structure": "Construction blanche",
        "validationExpedition": "Oui",
        "departement": "29",
        "wlotta": "Oui",
        "positionDMS": "48°28,3 N 004°45,6 W",
        "recherchePourcentage": "100%",
        "derniereActivite": "2008",
        "typePoint": "lighthouse",
        "urlId": 181
      }
    },
    {
      "type": "Feature",
      "id": "PB162",
      "geometry": {
        "type": "Point",
        "coordinates": [
          -4.795,
          48.415
        ]
      },
      "properties": {
        "pb": 162,
        "nom": "Pointe de Corsen",
        "accessibilite": "Voiture",
        "villeProche": "",
        "structure": "Abri et murs blancs",
        "validationExpedition": "Oui",
        "departement": "29",
        "wlotta": "Oui",
        "positionDMS": "48°24,9 N 004°47,7 W",
        "recherchePourcentage": "86%",
        "derniereActivite": "2014",
        "typePoint": "lighthouse",
        "urlId": 182
      }
    },
    {
      "type": "Feature",
      "id": "PB165",
      "geometry": {
        "type": "Point",
        "coordinates": [
          -4.5467,
          48.0167
        ]
      },
      "properties": {
        "pb": 165,
        "nom": "Kergadec",
        "accessibilite": "Voiture",
        "villeProche": "",
        "structure": "Audierne - Tour octogonale blanche haut rouge",
        "validationExpedition": "Oui",
        "departement": "29",
        "wlotta": "Oui",
        "positionDMS": "48°01,0 N 004°32,8 W",
        "recherchePourcentage": "86%",
        "derniereActivite": "2017",
        "typePoint": "lighthouse",
        "urlId": 183
      }
    },
    {
      "type": "Feature",
      "id": "PB191",
      "geometry": {
        "type": "Point",
        "coordinates": [
          -3.6083,
          47.7717
        ]
      },
      "properties": {
        "pb": 191,
        "nom": "Doelan Aval",
        "accessibilite": "Voiture",
        "villeProche": "",
        "structure": "Tour blanche bande et haut vert",
        "validationExpedition": "Oui",
        "departement": "29",
        "wlotta": "Oui",
        "positionDMS": "47°46,3 N 003°36,5 W",
        "recherchePourcentage": "48%",
        "derniereActivite": "2015",
        "typePoint": "lighthouse",
        "urlId": 184
      }
    },
    {
      "type": "Feature",
      "id": "PB203",
      "geometry": {
        "type": "Point",
        "coordinates": [
          -3.605,
          47.775
        ]
      },
      "properties": {
        "pb": 203,
        "nom": "Doelan Amont",
        "accessibilite": "Voiture",
        "villeProche": "",
        "structure": "Tour blanche bande et haut rouges",
        "validationExpedition": "Oui",
        "departement": "29",
        "wlotta": "Oui",
        "positionDMS": "47°46,5 N 003°36,3 W",
        "recherchePourcentage": "90%",
        "derniereActivite": "2015",
        "typePoint": "lighthouse",
        "urlId": 185
      }
    },
    {
      "type": "Feature",
      "id": "PBUNKNOWN",
      "geometry": {
        "type": "Point",
        "coordinates": [
          -4.85,
          48.0383
        ]
      },
      "properties": {
        "pb": null,
        "nom": "Men Brial - Ile de Sein",
        "accessibilite": "Bateau",
        "villeProche": "",
        "structure": "Tour verte et blanche",
        "validationExpedition": "Oui",
        "departement": "29",
        "wlotta": "Oui",
        "positionDMS": "48°02,3 N 004°51,0 W",
        "recherchePourcentage": "100%",
        "derniereActivite": "Expéditions réalisées :",
        "typePoint": "lighthouse",
        "urlId": 186
      }
    },
    {
      "type": "Feature",
      "id": "PB268",
      "geometry": {
        "type": "Point",
        "coordinates": [
          -3.74,
          47.8
        ]
      },
      "properties": {
        "pb": 268,
        "nom": "Port Manec'h - Beg Ar Vechen",
        "accessibilite": "Voiture",
        "villeProche": "",
        "structure": "Tour rouge et blanche",
        "validationExpedition": "Oui",
        "departement": "29",
        "wlotta": "Oui",
        "positionDMS": "47°48,0 N 003°44,4 W",
        "recherchePourcentage": "92%",
        "derniereActivite": "2016",
        "typePoint": "lighthouse",
        "urlId": 187
      }
    },
    {
      "type": "Feature",
      "id": "PB276",
      "geometry": {
        "type": "Point",
        "coordinates": [
          -4.5417,
          48.01
        ]
      },
      "properties": {
        "pb": 276,
        "nom": "Raoulic - Jetée - Audierne",
        "accessibilite": "A pieds",
        "villeProche": "",
        "structure": "Tour blanche",
        "validationExpedition": "Oui",
        "departement": "29",
        "wlotta": "Oui",
        "positionDMS": "48°00,6 N 004°32,5 W",
        "recherchePourcentage": "100%",
        "derniereActivite": "Expéditions réalisées :",
        "typePoint": "lighthouse",
        "urlId": 188
      }
    },
    {
      "type": "Feature",
      "id": "PB277",
      "geometry": {
        "type": "Point",
        "coordinates": [
          -4.4667,
          47.985
        ]
      },
      "properties": {
        "pb": 277,
        "nom": "Pors Poulhan",
        "accessibilite": "Voiture",
        "villeProche": "",
        "structure": "Tourelle carrée blanche haut rouge",
        "validationExpedition": "Oui",
        "departement": "29",
        "wlotta": "Oui",
        "positionDMS": "47°59,1 N 004°28,0 W",
        "recherchePourcentage": "100%",
        "derniereActivite": "2008",
        "typePoint": "lighthouse",
        "urlId": 189
      }
    },
    {
      "type": "Feature",
      "id": "PB279",
      "geometry": {
        "type": "Point",
        "coordinates": [
          -4.2783,
          47.785
        ]
      },
      "properties": {
        "pb": 279,
        "nom": "Lost Moan",
        "accessibilite": "Bateau",
        "villeProche": "",
        "structure": "Tour blanche haut rouge",
        "validationExpedition": "Oui",
        "departement": "29",
        "wlotta": "Non",
        "positionDMS": "47°47,1 N 004°16,7 W",
        "recherchePourcentage": "100%",
        "derniereActivite": "Expéditions réalisées :",
        "typePoint": "lighthouse",
        "urlId": 190
      }
    },
    {
      "type": "Feature",
      "id": "PB280",
      "geometry": {
        "type": "Point",
        "coordinates": [
          -4.2833,
          47.7933
        ]
      },
      "properties": {
        "pb": 280,
        "nom": "Guilvinec - Entrée Nord - Môle en Epi",
        "accessibilite": "Voiture",
        "villeProche": "",
        "structure": "Tour blanche haut rouge",
        "validationExpedition": "Oui",
        "departement": "29",
        "wlotta": "Oui",
        "positionDMS": "47°47,6 N 004°17,0 W",
        "recherchePourcentage": "100%",
        "derniereActivite": "Expéditions réalisées :",
        "typePoint": "lighthouse",
        "urlId": 191
      }
    },
    {
      "type": "Feature",
      "id": "PB281",
      "geometry": {
        "type": "Point",
        "coordinates": [
          -4.54,
          48.0067
        ]
      },
      "properties": {
        "pb": 281,
        "nom": "Trescadec - Audierne",
        "accessibilite": "Voiture",
        "villeProche": "",
        "structure": "Vieux phare",
        "validationExpedition": "Oui",
        "departement": "29",
        "wlotta": "Oui",
        "positionDMS": "48°00,4 N 004°32,4 W",
        "recherchePourcentage": "95%",
        "derniereActivite": "2008",
        "typePoint": "lighthouse",
        "urlId": 192
      }
    },
    {
      "type": "Feature",
      "id": "PB295",
      "geometry": {
        "type": "Point",
        "coordinates": [
          -4.1117,
          47.865
        ]
      },
      "properties": {
        "pb": 295,
        "nom": "Pointe de Combrit",
        "accessibilite": "Voiture",
        "villeProche": "",
        "structure": "Tour carrée blanche, angles gris",
        "validationExpedition": "Oui",
        "departement": "29",
        "wlotta": "Oui",
        "positionDMS": "47°51,9 N 004°06,7 W",
        "recherchePourcentage": "95%",
        "derniereActivite": "2016",
        "typePoint": "lighthouse",
        "urlId": 193
      }
    },
    {
      "type": "Feature",
      "id": "PB296",
      "geometry": {
        "type": "Point",
        "coordinates": [
          -5.0533,
          48.47
        ]
      },
      "properties": {
        "pb": 296,
        "nom": "Port du Stiff - Môle Est",
        "accessibilite": "Bateau",
        "villeProche": "",
        "structure": "Tourelle blanche haut vert",
        "validationExpedition": "Oui",
        "departement": "29",
        "wlotta": "Oui",
        "positionDMS": "48°28,2 N 005°03,2 W",
        "recherchePourcentage": "100%",
        "derniereActivite": "Expéditions réalisées :",
        "typePoint": "lighthouse",
        "urlId": 194
      }
    },
    {
      "type": "Feature",
      "id": "PB340",
      "geometry": {
        "type": "Point",
        "coordinates": [
          -4.075,
          48.69
        ]
      },
      "properties": {
        "pb": 340,
        "nom": "Mogueriec - Front",
        "accessibilite": "A Pieds",
        "villeProche": "",
        "structure": "Tour blanche haut vert",
        "validationExpedition": "Oui",
        "departement": "29",
        "wlotta": "Oui",
        "positionDMS": "48°41,4 N 004°04,5 W",
        "recherchePourcentage": "100%",
        "derniereActivite": "Expéditions réalisées :",
        "typePoint": "lighthouse",
        "urlId": 195
      }
    },
    {
      "type": "Feature",
      "id": "PB347",
      "geometry": {
        "type": "Point",
        "coordinates": [
          -3.9,
          47.8883
        ]
      },
      "properties": {
        "pb": 347,
        "nom": "Beuzec",
        "accessibilite": "Voiture",
        "villeProche": "",
        "structure": "Clocher de l'église",
        "validationExpedition": "Oui",
        "departement": "29",
        "wlotta": "Oui",
        "positionDMS": "47°53,3 N 003°54,0 W",
        "recherchePourcentage": "95%",
        "derniereActivite": "2016",
        "typePoint": "lighthouse",
        "urlId": 196
      }
    },
    {
      "type": "Feature",
      "id": "PB1002",
      "geometry": {
        "type": "Point",
        "coordinates": [
          -5.0767,
          48.4583
        ]
      },
      "properties": {
        "pb": 1002,
        "nom": "Ile d'Ouessant",
        "accessibilite": "Bateau",
        "villeProche": "",
        "structure": "Validation expédition : Non (sans carte de validation : votre expédition ne sera pas comptabilisée pour les diplômes expéditionnaires)",
        "validationExpedition": "Non (sans carte de validation : votre expédition ne sera pas comptabilisée pour les diplômes expéditionnaires)",
        "departement": "29",
        "wlotta": "Oui",
        "positionDMS": "48°27,5N 005°04,6W",
        "recherchePourcentage": "90%",
        "derniereActivite": "2023",
        "typePoint": "lighthouse",
        "urlId": 197
      }
    },
    {
      "type": "Feature",
      "id": "PB1003",
      "geometry": {
        "type": "Point",
        "coordinates": [
          -4.8517,
          48.0367
        ]
      },
      "properties": {
        "pb": 1003,
        "nom": "Ile de Sein",
        "accessibilite": "Bateau",
        "villeProche": "",
        "structure": "Validation expédition : Non",
        "validationExpedition": "Non",
        "departement": "29",
        "wlotta": "Oui",
        "positionDMS": "48°02,2 N 004°51,1 W",
        "recherchePourcentage": "90%",
        "derniereActivite": "2019",
        "typePoint": "lighthouse",
        "urlId": 198
      }
    },
    {
      "type": "Feature",
      "id": "PB1010",
      "geometry": {
        "type": "Point",
        "coordinates": [
          -4.0133,
          48.7467
        ]
      },
      "properties": {
        "pb": 1010,
        "nom": "Ile de Batz",
        "accessibilite": "Bateau",
        "villeProche": "",
        "structure": "Validation expédition : Non (sans carte de validation : votre expédition ne sera pas comptabilisée pour les diplômes expéditionnaires)",
        "validationExpedition": "Non (sans carte de validation : votre expédition ne sera pas comptabilisée pour les diplômes expéditionnaires)",
        "departement": "29",
        "wlotta": "Oui",
        "positionDMS": "48°44,8 N 004°00,8 W",
        "recherchePourcentage": "100%",
        "derniereActivite": "2022",
        "typePoint": "lighthouse",
        "urlId": 199
      }
    },
    {
      "type": "Feature",
      "id": "PBUNKNOWN",
      "geometry": {
        "type": "Point",
        "coordinates": [
          -1.1733,
          45.5867
        ]
      },
      "properties": {
        "pb": null,
        "nom": "Cordouan",
        "accessibilite": "Bateau",
        "villeProche": "",
        "structure": "Tour blanche haut gris",
        "validationExpedition": "Oui",
        "departement": "29",
        "wlotta": "Oui",
        "positionDMS": "45°35,2 N 001°10,4 W",
        "recherchePourcentage": "100%",
        "derniereActivite": "2005",
        "typePoint": "lighthouse",
        "urlId": 200
      }
    },
    {
      "type": "Feature",
      "id": "PBUNKNOWN",
      "geometry": {
        "type": "Point",
        "coordinates": [
          -1.2467,
          44.6483
        ]
      },
      "properties": {
        "pb": null,
        "nom": "Cap Ferret",
        "accessibilite": "Voiture",
        "villeProche": "",
        "structure": "Tour blanche haut rouge",
        "validationExpedition": "Oui",
        "departement": "29",
        "wlotta": "Oui",
        "positionDMS": "44°38,9 N 001°14,8 W",
        "recherchePourcentage": "81%",
        "derniereActivite": "2013",
        "typePoint": "lighthouse",
        "urlId": 201
      }
    },
    {
      "type": "Feature",
      "id": "PBUNKNOWN",
      "geometry": {
        "type": "Point",
        "coordinates": [
          -1.1617,
          45.1417
        ]
      },
      "properties": {
        "pb": null,
        "nom": "Hourtin",
        "accessibilite": "A pieds",
        "villeProche": "",
        "structure": "Tour carrée rouge en briques",
        "validationExpedition": "Oui",
        "departement": "29",
        "wlotta": "Oui",
        "positionDMS": "45°08,5 N 001°09,7 W",
        "recherchePourcentage": "81%",
        "derniereActivite": "2003",
        "typePoint": "lighthouse",
        "urlId": 202
      }
    },
    {
      "type": "Feature",
      "id": "PBUNKNOWN",
      "geometry": {
        "type": "Point",
        "coordinates": [
          -1.065,
          45.57
        ]
      },
      "properties": {
        "pb": null,
        "nom": "Pointe de Grave",
        "accessibilite": "Voiture",
        "villeProche": "",
        "structure": "Tour blanche haut noir",
        "validationExpedition": "Oui",
        "departement": "29",
        "wlotta": "Oui",
        "positionDMS": "45°34,2 N 001°03,9 W",
        "recherchePourcentage": "100%",
        "derniereActivite": "2019",
        "typePoint": "lighthouse",
        "urlId": 203
      }
    },
    {
      "type": "Feature",
      "id": "PBUNKNOWN",
      "geometry": {
        "type": "Point",
        "coordinates": [
          -3.925,
          45.4367
        ]
      },
      "properties": {
        "pb": null,
        "nom": "Phare de Richard",
        "accessibilite": "Voiture",
        "villeProche": "",
        "structure": "Tour Grise",
        "validationExpedition": "Oui",
        "departement": "29",
        "wlotta": "Oui",
        "positionDMS": "45°26,2 N 003°55,5 W",
        "recherchePourcentage": "100%",
        "derniereActivite": "2018",
        "typePoint": "lighthouse",
        "urlId": 204
      }
    },
    {
      "type": "Feature",
      "id": "PBUNKNOWN",
      "geometry": {
        "type": "Point",
        "coordinates": [
          3.5017,
          43.2633
        ]
      },
      "properties": {
        "pb": null,
        "nom": "Ile de Brescou",
        "accessibilite": "Bateau",
        "villeProche": "",
        "structure": "Tour blanche haut rouge",
        "validationExpedition": "Oui",
        "departement": "29",
        "wlotta": "Oui",
        "positionDMS": "43°15,8 N 003°30,1 E",
        "recherchePourcentage": "90%",
        "derniereActivite": "2017",
        "typePoint": "lighthouse",
        "urlId": 205
      }
    },
    {
      "type": "Feature",
      "id": "PBUNKNOWN",
      "geometry": {
        "type": "Point",
        "coordinates": [
          3.69,
          43.395
        ]
      },
      "properties": {
        "pb": null,
        "nom": "Mont de Sète - Mont Saint Clair",
        "accessibilite": "Voiture",
        "villeProche": "",
        "structure": "Tour blanche haut rouge",
        "validationExpedition": "Oui",
        "departement": "29",
        "wlotta": "Oui",
        "positionDMS": "43°23,7 N 003°41,4 E",
        "recherchePourcentage": "52%",
        "derniereActivite": "2005",
        "typePoint": "lighthouse",
        "urlId": 206
      }
    },
    {
      "type": "Feature",
      "id": "PBUNKNOWN",
      "geometry": {
        "type": "Point",
        "coordinates": [
          0.0,
          0.0
        ]
      },
      "properties": {
        "pb": null,
        "nom": "",
        "accessibilite": "",
        "villeProche": "",
        "structure": "",
        "validationExpedition": "",
        "departement": "29",
        "wlotta": "Non",
        "positionDMS": "",
        "recherchePourcentage": "",
        "derniereActivite": "",
        "typePoint": "lighthouse",
        "urlId": 207
      }
    },
    {
      "type": "Feature",
      "id": "PBUNKNOWN",
      "geometry": {
        "type": "Point",
        "coordinates": [
          3.705,
          43.3983
        ]
      },
      "properties": {
        "pb": null,
        "nom": "Mole Saint Louis",
        "accessibilite": "Voiture",
        "villeProche": "",
        "structure": "Tour blanche lanterne rouge",
        "validationExpedition": "Oui",
        "departement": "29",
        "wlotta": "Oui",
        "positionDMS": "43°23,9 N 003°42,3 E",
        "recherchePourcentage": "48%",
        "derniereActivite": "2018",
        "typePoint": "lighthouse",
        "urlId": 208
      }
    },
    {
      "type": "Feature",
      "id": "PBUNKNOWN",
      "geometry": {
        "type": "Point",
        "coordinates": [
          3.7167,
          43.3983
        ]
      },
      "properties": {
        "pb": null,
        "nom": "Epi Dellon",
        "accessibilite": "Bateau",
        "villeProche": "",
        "structure": "Tour blanche haut rouge",
        "validationExpedition": "Oui",
        "departement": "29",
        "wlotta": "Oui",
        "positionDMS": "43°23,9 N 003°43,0 E",
        "recherchePourcentage": "90%",
        "derniereActivite": "Expéditions réalisées :",
        "typePoint": "lighthouse",
        "urlId": 209
      }
    },
    {
      "type": "Feature",
      "id": "PBUNKNOWN",
      "geometry": {
        "type": "Point",
        "coordinates": [
          3.5367,
          43.35
        ]
      },
      "properties": {
        "pb": null,
        "nom": "Les Onglous",
        "accessibilite": "Voiture",
        "villeProche": "",
        "structure": "Tour blanche haut rouge",
        "validationExpedition": "Oui",
        "departement": "29",
        "wlotta": "Oui",
        "positionDMS": "43°21,0 N 003°32,2 E",
        "recherchePourcentage": "67%",
        "derniereActivite": "2018",
        "typePoint": "lighthouse",
        "urlId": 210
      }
    },
    {
      "type": "Feature",
      "id": "PBUNKNOWN",
      "geometry": {
        "type": "Point",
        "coordinates": [
          -2.0833,
          48.67
        ]
      },
      "properties": {
        "pb": null,
        "nom": "Grand Jardin",
        "accessibilite": "Bateau",
        "villeProche": "",
        "structure": "Tour grise haut rouge",
        "validationExpedition": "Oui",
        "departement": "29",
        "wlotta": "Oui",
        "positionDMS": "48°40,2 N 002°05,0 W",
        "recherchePourcentage": "100%",
        "derniereActivite": "Expéditions réalisées :",
        "typePoint": "lighthouse",
        "urlId": 211
      }
    },
    {
      "type": "Feature",
      "id": "PBUNKNOWN",
      "geometry": {
        "type": "Point",
        "coordinates": [
          0.0,
          0.0
        ]
      },
      "properties": {
        "pb": null,
        "nom": "",
        "accessibilite": "",
        "villeProche": "",
        "structure": "",
        "validationExpedition": "",
        "departement": "29",
        "wlotta": "Non",
        "positionDMS": "",
        "recherchePourcentage": "",
        "derniereActivite": "",
        "typePoint": "lighthouse",
        "urlId": 212
      }
    },
    {
      "type": "Feature",
      "id": "PBUNKNOWN",
      "geometry": {
        "type": "Point",
        "coordinates": [
          -1.815,
          48.73
        ]
      },
      "properties": {
        "pb": null,
        "nom": "Le Herpin",
        "accessibilite": "Bateau",
        "villeProche": "",
        "structure": "Tour blanche haut et base noire",
        "validationExpedition": "Oui",
        "departement": "29",
        "wlotta": "Oui",
        "positionDMS": "48°43,8 N 001°48,9 W",
        "recherchePourcentage": "100%",
        "derniereActivite": "Expéditions réalisées :",
        "typePoint": "lighthouse",
        "urlId": 213
      }
    },
    {
      "type": "Feature",
      "id": "PBUNKNOWN",
      "geometry": {
        "type": "Point",
        "coordinates": [
          -1.9783,
          48.6717
        ]
      },
      "properties": {
        "pb": null,
        "nom": "Rochebonne",
        "accessibilite": "Voiture",
        "villeProche": "",
        "structure": "Tour carrée grise - Face Ouest blanche - Haut rouge",
        "validationExpedition": "Oui",
        "departement": "29",
        "wlotta": "Oui",
        "positionDMS": "48°40,3 N 001°58,7 W",
        "recherchePourcentage": "100%",
        "derniereActivite": "Expéditions réalisées :",
        "typePoint": "lighthouse",
        "urlId": 214
      }
    },
    {
      "type": "Feature",
      "id": "PBUNKNOWN",
      "geometry": {
        "type": "Point",
        "coordinates": [
          -2.0017,
          48.6267
        ]
      },
      "properties": {
        "pb": null,
        "nom": "La Balue",
        "accessibilite": "Voiture",
        "villeProche": "",
        "structure": "Tour carrée grise",
        "validationExpedition": "Oui",
        "departement": "29",
        "wlotta": "Oui",
        "positionDMS": "48°37,6 N 002°00,1 W",
        "recherchePourcentage": "71%",
        "derniereActivite": "2003",
        "typePoint": "lighthouse",
        "urlId": 215
      }
    },
    {
      "type": "Feature",
      "id": "PBUNKNOWN",
      "geometry": {
        "type": "Point",
        "coordinates": [
          -2.0217,
          48.6367
        ]
      },
      "properties": {
        "pb": null,
        "nom": "Les Bas Sablons",
        "accessibilite": "Voiture",
        "villeProche": "",
        "structure": "Tour carrée blanche haut noir",
        "validationExpedition": "Oui",
        "departement": "29",
        "wlotta": "Oui",
        "positionDMS": "48°38,2 N 002°01,3 W",
        "recherchePourcentage": "100%",
        "derniereActivite": "Expéditions réalisées :",
        "typePoint": "lighthouse",
        "urlId": 216
      }
    },
    {
      "type": "Feature",
      "id": "PBUNKNOWN",
      "geometry": {
        "type": "Point",
        "coordinates": [
          -1.32,
          44.095
        ]
      },
      "properties": {
        "pb": null,
        "nom": "Contis-les-Bains",
        "accessibilite": "Voiture",
        "villeProche": "",
        "structure": "Tour blanche bandes diagonales noires",
        "validationExpedition": "Oui",
        "departement": "29",
        "wlotta": "Oui",
        "positionDMS": "44°05,7 N 001°19,2 W",
        "recherchePourcentage": "86%",
        "derniereActivite": "2015",
        "typePoint": "lighthouse",
        "urlId": 217
      }
    },
    {
      "type": "Feature",
      "id": "PBUNKNOWN",
      "geometry": {
        "type": "Point",
        "coordinates": [
          -2.4683,
          47.1767
        ]
      },
      "properties": {
        "pb": null,
        "nom": "La Banche",
        "accessibilite": "Bateau",
        "villeProche": "",
        "structure": "Tour bandes noires et blanches",
        "validationExpedition": "Oui",
        "departement": "29",
        "wlotta": "Oui",
        "positionDMS": "47°10,6 N 002°28,1 W",
        "recherchePourcentage": "90%",
        "derniereActivite": "2015",
        "typePoint": "lighthouse",
        "urlId": 218
      }
    },
    {
      "type": "Feature",
      "id": "PBUNKNOWN",
      "geometry": {
        "type": "Point",
        "coordinates": [
          -2.3183,
          47.2133
        ]
      },
      "properties": {
        "pb": null,
        "nom": "Le Grand Charpentier",
        "accessibilite": "Bateau",
        "villeProche": "",
        "structure": "Tour grise lanterne verte",
        "validationExpedition": "Oui",
        "departement": "29",
        "wlotta": "Oui",
        "positionDMS": "47°12,8 N 002°19,1 W",
        "recherchePourcentage": "90%",
        "derniereActivite": "2014",
        "typePoint": "lighthouse",
        "urlId": 219
      }
    },
    {
      "type": "Feature",
      "id": "PBUNKNOWN",
      "geometry": {
        "type": "Point",
        "coordinates": [
          -2.4683,
          47.2983
        ]
      },
      "properties": {
        "pb": null,
        "nom": "Plateau du Four",
        "accessibilite": "Bateau",
        "villeProche": "",
        "structure": "Tour bandes obliques noires et blanches",
        "validationExpedition": "Oui",
        "departement": "29",
        "wlotta": "Oui",
        "positionDMS": "47°17,9 N 002°28,1 W",
        "recherchePourcentage": "71%",
        "derniereActivite": "2015",
        "typePoint": "lighthouse",
        "urlId": 220
      }
    },
    {
      "type": "Feature",
      "id": "PBUNKNOWN",
      "geometry": {
        "type": "Point",
        "coordinates": [
          -2.2467,
          47.1333
        ]
      },
      "properties": {
        "pb": null,
        "nom": "Pointe Saint Gildas",
        "accessibilite": "Voiture",
        "villeProche": "",
        "structure": "Maison blanche haut vert",
        "validationExpedition": "Oui",
        "departement": "29",
        "wlotta": "Non",
        "positionDMS": "47°08,0 N 002°14,8 W",
        "recherchePourcentage": "52%",
        "derniereActivite": "2015",
        "typePoint": "lighthouse",
        "urlId": 221
      }
    },
    {
      "type": "Feature",
      "id": "PBUNKNOWN",
      "geometry": {
        "type": "Point",
        "coordinates": [
          -2.4683,
          47.4217
        ]
      },
      "properties": {
        "pb": null,
        "nom": "Mesquer Jetée",
        "accessibilite": "Voiture",
        "villeProche": "",
        "structure": "Colonne Blanche haut Vert",
        "validationExpedition": "Oui",
        "departement": "29",
        "wlotta": "Non",
        "positionDMS": "47°25,3 N 002°28,1 W",
        "recherchePourcentage": "52%",
        "derniereActivite": "2015",
        "typePoint": "lighthouse",
        "urlId": 222
      }
    },
    {
      "type": "Feature",
      "id": "PBUNKNOWN",
      "geometry": {
        "type": "Point",
        "coordinates": [
          -2.41,
          47.2667
        ]
      },
      "properties": {
        "pb": null,
        "nom": "Les Petits Impairs",
        "accessibilite": "Bateau",
        "villeProche": "",
        "structure": "Tour noire haut vert",
        "validationExpedition": "Oui",
        "departement": "29",
        "wlotta": "Non",
        "positionDMS": "47°16,0 N 002°24,6 W",
        "recherchePourcentage": "81%",
        "derniereActivite": "2016",
        "typePoint": "lighthouse",
        "urlId": 223
      }
    },
    {
      "type": "Feature",
      "id": "PBUNKNOWN",
      "geometry": {
        "type": "Point",
        "coordinates": [
          -2.5233,
          47.3083
        ]
      },
      "properties": {
        "pb": null,
        "nom": "Trehic",
        "accessibilite": "A pieds",
        "villeProche": "",
        "structure": "Tour tronconique grise haut vert",
        "validationExpedition": "Oui",
        "departement": "29",
        "wlotta": "Non",
        "positionDMS": "47°18,5 N 002°31,4 W",
        "recherchePourcentage": "81%",
        "derniereActivite": "2015",
        "typePoint": "lighthouse",
        "urlId": 224
      }
    },
    {
      "type": "Feature",
      "id": "PBUNKNOWN",
      "geometry": {
        "type": "Point",
        "coordinates": [
          -2.115,
          47.11
        ]
      },
      "properties": {
        "pb": null,
        "nom": "Pornic",
        "accessibilite": "Voiture",
        "villeProche": "",
        "structure": "Tour blanche haut vert",
        "validationExpedition": "Oui",
        "departement": "29",
        "wlotta": "Non",
        "positionDMS": "47°06,6 N 002°06,9 W",
        "recherchePourcentage": "43%",
        "derniereActivite": "2015",
        "typePoint": "lighthouse",
        "urlId": 225
      }
    },
    {
      "type": "Feature",
      "id": "PBUNKNOWN",
      "geometry": {
        "type": "Point",
        "coordinates": [
          -2.5167,
          47.3
        ]
      },
      "properties": {
        "pb": null,
        "nom": "Le Croisic N°1",
        "accessibilite": "Voiture",
        "villeProche": "",
        "structure": "Pylone blanc - marque rectangulaire orange",
        "validationExpedition": "Oui",
        "departement": "29",
        "wlotta": "Non",
        "positionDMS": "47°18,0 N 002°31,0 W",
        "recherchePourcentage": "81%",
        "derniereActivite": "2016",
        "typePoint": "lighthouse",
        "urlId": 226
      }
    },
    {
      "type": "Feature",
      "id": "PBUNKNOWN",
      "geometry": {
        "type": "Point",
        "coordinates": [
          -2.2283,
          47.255
        ]
      },
      "properties": {
        "pb": null,
        "nom": "Villes-Martin Jetée",
        "accessibilite": "A pieds",
        "villeProche": "",
        "structure": "Tour tronconique blanche haut rouge",
        "validationExpedition": "Oui",
        "departement": "29",
        "wlotta": "Oui",
        "positionDMS": "47°15,3 N 002°13,7 W",
        "recherchePourcentage": "100%",
        "derniereActivite": "2014",
        "typePoint": "lighthouse",
        "urlId": 227
      }
    },
    {
      "type": "Feature",
      "id": "PBUNKNOWN",
      "geometry": {
        "type": "Point",
        "coordinates": [
          -2.2633,
          47.2433
        ]
      },
      "properties": {
        "pb": null,
        "nom": "Pointe d'Aiguillon",
        "accessibilite": "Voiture",
        "villeProche": "",
        "structure": "Tour blanche",
        "validationExpedition": "Oui",
        "departement": "29",
        "wlotta": "Non",
        "positionDMS": "47°14,6 N 002°15,8 W",
        "recherchePourcentage": "100%",
        "derniereActivite": "2016",
        "typePoint": "lighthouse",
        "urlId": 228
      }
    },
    {
      "type": "Feature",
      "id": "PBUNKNOWN",
      "geometry": {
        "type": "Point",
        "coordinates": [
          -1.5717,
          47.2083
        ]
      },
      "properties": {
        "pb": null,
        "nom": "Nantes",
        "accessibilite": "Voiture",
        "villeProche": "",
        "structure": "Pylone blanc",
        "validationExpedition": "Oui",
        "departement": "29",
        "wlotta": "Non",
        "positionDMS": "47°12,5 N 001°34,3 W",
        "recherchePourcentage": "100%",
        "derniereActivite": "1999",
        "typePoint": "lighthouse",
        "urlId": 229
      }
    },
    {
      "type": "Feature",
      "id": "PBUNKNOWN",
      "geometry": {
        "type": "Point",
        "coordinates": [
          -2.195,
          47.2717
        ]
      },
      "properties": {
        "pb": null,
        "nom": "Vieux-Môle",
        "accessibilite": "Voiture",
        "villeProche": "",
        "structure": "Tour blanche haut rouge",
        "validationExpedition": "Oui",
        "departement": "29",
        "wlotta": "Non",
        "positionDMS": "47°16,3 N 002°11,7 W",
        "recherchePourcentage": "81%",
        "derniereActivite": "2016",
        "typePoint": "lighthouse",
        "urlId": 230
      }
    },
    {
      "type": "Feature",
      "id": "PBUNKNOWN",
      "geometry": {
        "type": "Point",
        "coordinates": [
          -2.2467,
          47.2617
        ]
      },
      "properties": {
        "pb": null,
        "nom": "Kerlede",
        "accessibilite": "Voiture",
        "villeProche": "",
        "structure": "Vieux phare",
        "validationExpedition": "Oui",
        "departement": "29",
        "wlotta": "Non",
        "positionDMS": "47°15,7 N 002°14,8 W",
        "recherchePourcentage": "86%",
        "derniereActivite": "2016",
        "typePoint": "lighthouse",
        "urlId": 231
      }
    },
    {
      "type": "Feature",
      "id": "PBUNKNOWN",
      "geometry": {
        "type": "Point",
        "coordinates": [
          -2.0333,
          47.29
        ]
      },
      "properties": {
        "pb": null,
        "nom": "Paimboeuf",
        "accessibilite": "Voiture",
        "villeProche": "",
        "structure": "Tour blanche haut vert",
        "validationExpedition": "Oui",
        "departement": "29",
        "wlotta": "Non",
        "positionDMS": "47°17,4 N 002°02,0 W",
        "recherchePourcentage": "81%",
        "derniereActivite": "2015",
        "typePoint": "lighthouse",
        "urlId": 232
      }
    },
    {
      "type": "Feature",
      "id": "PBUNKNOWN",
      "geometry": {
        "type": "Point",
        "coordinates": [
          -2.545,
          47.3817
        ]
      },
      "properties": {
        "pb": null,
        "nom": "Piriac sur Mer",
        "accessibilite": "Voiture",
        "villeProche": "",
        "structure": "Tour tronconique blanche",
        "validationExpedition": "Oui",
        "departement": "29",
        "wlotta": "Non",
        "positionDMS": "47°22,9 N 002°32,7 W",
        "recherchePourcentage": "81%",
        "derniereActivite": "2015",
        "typePoint": "lighthouse",
        "urlId": 233
      }
    },
    {
      "type": "Feature",
      "id": "PBUNKNOWN",
      "geometry": {
        "type": "Point",
        "coordinates": [
          -2.07,
          47.305
        ]
      },
      "properties": {
        "pb": null,
        "nom": "Donges - Jetée",
        "accessibilite": "Voiture",
        "villeProche": "",
        "structure": "Tour métallique rouge",
        "validationExpedition": "Oui",
        "departement": "29",
        "wlotta": "Non",
        "positionDMS": "47°18,3 N 002°04,2 W",
        "recherchePourcentage": "90%",
        "derniereActivite": "2015",
        "typePoint": "lighthouse",
        "urlId": 234
      }
    },
    {
      "type": "Feature",
      "id": "PBUNKNOWN",
      "geometry": {
        "type": "Point",
        "coordinates": [
          -2.3517,
          47.2583
        ]
      },
      "properties": {
        "pb": null,
        "nom": "Port de Pornichet - Jetée Sud",
        "accessibilite": "Voiture",
        "villeProche": "",
        "structure": "Tour tronconique blanche haut vert",
        "validationExpedition": "Oui",
        "departement": "29",
        "wlotta": "Non",
        "positionDMS": "47°15,5 N 002°21,1 W",
        "recherchePourcentage": "100%",
        "derniereActivite": "2016",
        "typePoint": "lighthouse",
        "urlId": 235
      }
    },
    {
      "type": "Feature",
      "id": "PBUNKNOWN",
      "geometry": {
        "type": "Point",
        "coordinates": [
          -2.2483,
          47.255
        ]
      },
      "properties": {
        "pb": null,
        "nom": "Portcé - Falaise",
        "accessibilite": "Voiture",
        "villeProche": "",
        "structure": "Tour voyants rectangulaires blancs",
        "validationExpedition": "Oui",
        "departement": "29",
        "wlotta": "Non",
        "positionDMS": "47°15,3 N 002°14,9 W",
        "recherchePourcentage": "100%",
        "derniereActivite": "2015",
        "typePoint": "lighthouse",
        "urlId": 236
      }
    },
    {
      "type": "Feature",
      "id": "PBUNKNOWN",
      "geometry": {
        "type": "Point",
        "coordinates": [
          -2.2033,
          47.2667
        ]
      },
      "properties": {
        "pb": null,
        "nom": "Saint Nazaire - Jetée Ouest",
        "accessibilite": "A pieds",
        "villeProche": "",
        "structure": "Tour blanche haut rouge",
        "validationExpedition": "Oui",
        "departement": "29",
        "wlotta": "Non",
        "positionDMS": "47°16,0 N 002°12,2 W",
        "recherchePourcentage": "100%",
        "derniereActivite": "2016",
        "typePoint": "lighthouse",
        "urlId": 237
      }
    },
    {
      "type": "Feature",
      "id": "PBUNKNOWN",
      "geometry": {
        "type": "Point",
        "coordinates": [
          -2.2017,
          47.2667
        ]
      },
      "properties": {
        "pb": null,
        "nom": "Saint Nazaire - Jetée Est",
        "accessibilite": "Voiture",
        "villeProche": "",
        "structure": "Tour blanche haut vert",
        "validationExpedition": "Oui",
        "departement": "29",
        "wlotta": "Non",
        "positionDMS": "47°16,0 N 002°12,1 W",
        "recherchePourcentage": "95%",
        "derniereActivite": "2016",
        "typePoint": "lighthouse",
        "urlId": 238
      }
    },
    {
      "type": "Feature",
      "id": "PBUNKNOWN",
      "geometry": {
        "type": "Point",
        "coordinates": [
          -2.09,
          47.3067
        ]
      },
      "properties": {
        "pb": null,
        "nom": "Montoir - Arceau",
        "accessibilite": "Voiture",
        "villeProche": "",
        "structure": "Pylône blanc haut rouge",
        "validationExpedition": "Oui",
        "departement": "29",
        "wlotta": "Non",
        "positionDMS": "47°18,4 N 002°05,4 W",
        "recherchePourcentage": "100%",
        "derniereActivite": "2016",
        "typePoint": "lighthouse",
        "urlId": 239
      }
    },
    {
      "type": "Feature",
      "id": "PBUNKNOWN",
      "geometry": {
        "type": "Point",
        "coordinates": [
          -2.5167,
          47.345
        ]
      },
      "properties": {
        "pb": null,
        "nom": "La Turballe - Jetée Ouest - Garlahy",
        "accessibilite": "Voiture",
        "villeProche": "",
        "structure": "Pylône blanc haut rouge",
        "validationExpedition": "Oui",
        "departement": "29",
        "wlotta": "Non",
        "positionDMS": "47°20,7 N 002°31,0 W",
        "recherchePourcentage": "100%",
        "derniereActivite": "2015",
        "typePoint": "lighthouse",
        "urlId": 240
      }
    },
    {
      "type": "Feature",
      "id": "PBUNKNOWN",
      "geometry": {
        "type": "Point",
        "coordinates": [
          -2.1967,
          47.275
        ]
      },
      "properties": {
        "pb": null,
        "nom": "Old Dock Entrée",
        "accessibilite": "Voiture",
        "villeProche": "",
        "structure": "Pylône rouge",
        "validationExpedition": "Oui",
        "departement": "29",
        "wlotta": "Non",
        "positionDMS": "47°16,5 N 002°11,8 W",
        "recherchePourcentage": "100%",
        "derniereActivite": "2015",
        "typePoint": "lighthouse",
        "urlId": 241
      }
    },
    {
      "type": "Feature",
      "id": "PBUNKNOWN",
      "geometry": {
        "type": "Point",
        "coordinates": [
          -2.1817,
          47.2333
        ]
      },
      "properties": {
        "pb": null,
        "nom": "Le Pointeau - South Breakwater",
        "accessibilite": "A pieds",
        "villeProche": "",
        "structure": "Pylône rouge",
        "validationExpedition": "Oui",
        "departement": "29",
        "wlotta": "Non",
        "positionDMS": "47°14,0 N 002°10,9 W",
        "recherchePourcentage": "100%",
        "derniereActivite": "Expéditions réalisées :",
        "typePoint": "lighthouse",
        "urlId": 242
      }
    },
    {
      "type": "Feature",
      "id": "PBUNKNOWN",
      "geometry": {
        "type": "Point",
        "coordinates": [
          -2.1467,
          47.3017
        ]
      },
      "properties": {
        "pb": null,
        "nom": "Le Village N°1",
        "accessibilite": "Voiture",
        "villeProche": "",
        "structure": "Tour rouge et blanche",
        "validationExpedition": "Oui",
        "departement": "29",
        "wlotta": "Non",
        "positionDMS": "47°18,1 N 002°08,8 W",
        "recherchePourcentage": "100%",
        "derniereActivite": "2016",
        "typePoint": "lighthouse",
        "urlId": 243
      }
    },
    {
      "type": "Feature",
      "id": "PBUNKNOWN",
      "geometry": {
        "type": "Point",
        "coordinates": [
          -1.6117,
          48.835
        ]
      },
      "properties": {
        "pb": null,
        "nom": "Pointe du Roc",
        "accessibilite": "Voiture",
        "villeProche": "",
        "structure": "Tour grise haut rouge",
        "validationExpedition": "Oui",
        "departement": "29",
        "wlotta": "Non",
        "positionDMS": "48°50,1 N 001°36,7 W",
        "recherchePourcentage": "100%",
        "derniereActivite": "Expéditions réalisées :",
        "typePoint": "lighthouse",
        "urlId": 244
      }
    },
    {
      "type": "Feature",
      "id": "PBUNKNOWN",
      "geometry": {
        "type": "Point",
        "coordinates": [
          -1.955,
          49.7233
        ]
      },
      "properties": {
        "pb": null,
        "nom": "Cap de la Hague",
        "accessibilite": "Bateau",
        "villeProche": "",
        "structure": "Tour grise haut blanc",
        "validationExpedition": "Oui",
        "departement": "29",
        "wlotta": "Oui",
        "positionDMS": "49°43,4 N 001°57,3 W",
        "recherchePourcentage": "100%",
        "derniereActivite": "Expéditions réalisées :",
        "typePoint": "lighthouse",
        "urlId": 245
      }
    },
    {
      "type": "Feature",
      "id": "PBUNKNOWN",
      "geometry": {
        "type": "Point",
        "coordinates": [
          -1.6617,
          49.0917
        ]
      },
      "properties": {
        "pb": null,
        "nom": "Le Senequet",
        "accessibilite": "Bateau",
        "villeProche": "",
        "structure": "Tour blanche",
        "validationExpedition": "Oui",
        "departement": "29",
        "wlotta": "Oui",
        "positionDMS": "49°05,5 N 001°39,7 W",
        "recherchePourcentage": "100%",
        "derniereActivite": "Expéditions réalisées :",
        "typePoint": "lighthouse",
        "urlId": 246
      }
    },
    {
      "type": "Feature",
      "id": "PBUNKNOWN",
      "geometry": {
        "type": "Point",
        "coordinates": [
          -1.1467,
          49.4983
        ]
      },
      "properties": {
        "pb": null,
        "nom": "Ile Saint Marcouf - Ile du large",
        "accessibilite": "Bateau",
        "villeProche": "",
        "structure": "Tour carrée grise haut vert",
        "validationExpedition": "Oui",
        "departement": "29",
        "wlotta": "Oui",
        "positionDMS": "49°29,9 N 001°08,8 W",
        "recherchePourcentage": "52%",
        "derniereActivite": "2013",
        "typePoint": "lighthouse",
        "urlId": 247
      }
    },
    {
      "type": "Feature",
      "id": "PBUNKNOWN",
      "geometry": {
        "type": "Point",
        "coordinates": [
          -1.8217,
          48.87
        ]
      },
      "properties": {
        "pb": null,
        "nom": "Ile Chausey - Grande Ile",
        "accessibilite": "Bateau",
        "villeProche": "",
        "structure": "Tour carrée grise",
        "validationExpedition": "Oui",
        "departement": "29",
        "wlotta": "Oui",
        "positionDMS": "48°52,2 N 001°49,3 W",
        "recherchePourcentage": "41%",
        "derniereActivite": "2022",
        "typePoint": "lighthouse",
        "urlId": 248
      }
    },
    {
      "type": "Feature",
      "id": "PBUNKNOWN",
      "geometry": {
        "type": "Point",
        "coordinates": [
          -1.2667,
          49.6967
        ]
      },
      "properties": {
        "pb": null,
        "nom": "Pointe de Barfleur",
        "accessibilite": "A pieds",
        "villeProche": "",
        "structure": "Tour grise haut noir",
        "validationExpedition": "Oui",
        "departement": "29",
        "wlotta": "Non",
        "positionDMS": "49°41,8 N 001°16,0 W",
        "recherchePourcentage": "76%",
        "derniereActivite": "2023",
        "typePoint": "lighthouse",
        "urlId": 249
      }
    },
    {
      "type": "Feature",
      "id": "PBUNKNOWN",
      "geometry": {
        "type": "Point",
        "coordinates": [
          -1.4733,
          49.695
        ]
      },
      "properties": {
        "pb": null,
        "nom": "Cap Levi",
        "accessibilite": "Voiture",
        "villeProche": "",
        "structure": "Tour carrée grise haut blanc",
        "validationExpedition": "Oui",
        "departement": "29",
        "wlotta": "Non",
        "positionDMS": "49°41,7 N 001°28,4 W",
        "recherchePourcentage": "67%",
        "derniereActivite": "2005",
        "typePoint": "lighthouse",
        "urlId": 250
      }
    },
    {
      "type": "Feature",
      "id": "PBUNKNOWN",
      "geometry": {
        "type": "Point",
        "coordinates": [
          -1.8067,
          49.3733
        ]
      },
      "properties": {
        "pb": null,
        "nom": "Cap de Carteret",
        "accessibilite": "Voiture",
        "villeProche": "",
        "structure": "Tour grise haut vert",
        "validationExpedition": "Oui",
        "departement": "29",
        "wlotta": "Non",
        "positionDMS": "49°22,4 N 001°48,4 W",
        "recherchePourcentage": "90%",
        "derniereActivite": "Expéditions réalisées :",
        "typePoint": "lighthouse",
        "urlId": 251
      }
    },
    {
      "type": "Feature",
      "id": "PBUNKNOWN",
      "geometry": {
        "type": "Point",
        "coordinates": [
          -1.6483,
          49.675
        ]
      },
      "properties": {
        "pb": null,
        "nom": "Fort de l'Ouest - Digue centrale",
        "accessibilite": "Bateau",
        "villeProche": "",
        "structure": "Tour grise haut rouge",
        "validationExpedition": "Oui",
        "departement": "29",
        "wlotta": "Oui",
        "positionDMS": "49°40,5 N 001°38,9 W",
        "recherchePourcentage": "100%",
        "derniereActivite": "Expéditions réalisées :",
        "typePoint": "lighthouse",
        "urlId": 252
      }
    },
    {
      "type": "Feature",
      "id": "PBUNKNOWN",
      "geometry": {
        "type": "Point",
        "coordinates": [
          -1.5467,
          49.655
        ]
      },
      "properties": {
        "pb": null,
        "nom": "Le Becquet Front",
        "accessibilite": "Voiture",
        "villeProche": "",
        "structure": "2 phares - Tourelle octogonale blanche",
        "validationExpedition": "Oui",
        "departement": "29",
        "wlotta": "Non",
        "positionDMS": "49°39,3 N 001°32,8 W",
        "recherchePourcentage": "100%",
        "derniereActivite": "Expéditions réalisées :",
        "typePoint": "lighthouse",
        "urlId": 253
      }
    },
    {
      "type": "Feature",
      "id": "PBUNKNOWN",
      "geometry": {
        "type": "Point",
        "coordinates": [
          -1.3183,
          49.57
        ]
      },
      "properties": {
        "pb": null,
        "nom": "Phare des Arquets - Morsalines",
        "accessibilite": "Voiture",
        "villeProche": "",
        "structure": "Tour octogonale blanche haut vert",
        "validationExpedition": "Oui",
        "departement": "29",
        "wlotta": "Non",
        "positionDMS": "49°34,2 N 001°19,1 W",
        "recherchePourcentage": "81%",
        "derniereActivite": "2003",
        "typePoint": "lighthouse",
        "urlId": 254
      }
    },
    {
      "type": "Feature",
      "id": "PBUNKNOWN",
      "geometry": {
        "type": "Point",
        "coordinates": [
          -1.2567,
          49.5867
        ]
      },
      "properties": {
        "pb": null,
        "nom": "St Vaast La Hougue - Jetée",
        "accessibilite": "A Pieds",
        "villeProche": "",
        "structure": "Tour octogonale métallique blanche haut rouge",
        "validationExpedition": "Oui",
        "departement": "29",
        "wlotta": "Non",
        "positionDMS": "49°35,2 N 001°15,4 W",
        "recherchePourcentage": "100%",
        "derniereActivite": "Expéditions réalisées :",
        "typePoint": "lighthouse",
        "urlId": 255
      }
    },
    {
      "type": "Feature",
      "id": "PBUNKNOWN",
      "geometry": {
        "type": "Point",
        "coordinates": [
          -1.23,
          49.6067
        ]
      },
      "properties": {
        "pb": null,
        "nom": "Pointe de Saire",
        "accessibilite": "Voiture",
        "villeProche": "",
        "structure": "Tour carrée blanche haut vert",
        "validationExpedition": "Oui",
        "departement": "29",
        "wlotta": "Non",
        "positionDMS": "49°36,4 N 001°13,8 W",
        "recherchePourcentage": "100 %",
        "derniereActivite": "Expéditions réalisées :",
        "typePoint": "lighthouse",
        "urlId": 256
      }
    },
    {
      "type": "Feature",
      "id": "PBUNKNOWN",
      "geometry": {
        "type": "Point",
        "coordinates": [
          -1.2583,
          49.67
        ]
      },
      "properties": {
        "pb": null,
        "nom": "Barfleur Ville - Front",
        "accessibilite": "Voiture",
        "villeProche": "",
        "structure": "Tour carrée blanche",
        "validationExpedition": "Oui",
        "departement": "29",
        "wlotta": "Non",
        "positionDMS": "49°40,2 N 001°15,5 W",
        "recherchePourcentage": "100 %",
        "derniereActivite": "Expéditions réalisées :",
        "typePoint": "lighthouse",
        "urlId": 257
      }
    },
    {
      "type": "Feature",
      "id": "PBUNKNOWN",
      "geometry": {
        "type": "Point",
        "coordinates": [
          -1.2633,
          49.6683
        ]
      },
      "properties": {
        "pb": null,
        "nom": "Barfleur Ville - Front",
        "accessibilite": "Voiture",
        "villeProche": "",
        "structure": "Tour grise et blanche haut vert",
        "validationExpedition": "Oui",
        "departement": "29",
        "wlotta": "Non",
        "positionDMS": "49°40,1 N 001°15,8 W",
        "recherchePourcentage": "100 %",
        "derniereActivite": "Expéditions réalisées :",
        "typePoint": "lighthouse",
        "urlId": 258
      }
    },
    {
      "type": "Feature",
      "id": "PBUNKNOWN",
      "geometry": {
        "type": "Point",
        "coordinates": [
          -1.8633,
          49.5533
        ]
      },
      "properties": {
        "pb": null,
        "nom": "Dielette - Digue Ouest",
        "accessibilite": "Pieds",
        "villeProche": "",
        "structure": "Tour blanche haut vert",
        "validationExpedition": "Oui",
        "departement": "29",
        "wlotta": "Non",
        "positionDMS": "49°33,2 N 001°51,8 W",
        "recherchePourcentage": "100 %",
        "derniereActivite": "Expéditions réalisées :",
        "typePoint": "lighthouse",
        "urlId": 259
      }
    },
    {
      "type": "Feature",
      "id": "PBUNKNOWN",
      "geometry": {
        "type": "Point",
        "coordinates": [
          -1.5767,
          49.0033
        ]
      },
      "properties": {
        "pb": null,
        "nom": "Regneville - Pointe d'Agon",
        "accessibilite": "Voiture",
        "villeProche": "",
        "structure": "Tour blanche haut rouge",
        "validationExpedition": "Oui",
        "departement": "29",
        "wlotta": "Non",
        "positionDMS": "49°00,2 N 001°34,6 W",
        "recherchePourcentage": "90 %",
        "derniereActivite": "2011",
        "typePoint": "lighthouse",
        "urlId": 260
      }
    },
    {
      "type": "Feature",
      "id": "PBUNKNOWN",
      "geometry": {
        "type": "Point",
        "coordinates": [
          -1.5567,
          49.0117
        ]
      },
      "properties": {
        "pb": null,
        "nom": "Havre de Regneville 028°",
        "accessibilite": "Voiture",
        "villeProche": "",
        "structure": "Maison",
        "validationExpedition": "Oui",
        "departement": "29",
        "wlotta": "Non",
        "positionDMS": "49°00,7 N 001°33,4 W",
        "recherchePourcentage": "100 %",
        "derniereActivite": "Expéditions réalisées :",
        "typePoint": "lighthouse",
        "urlId": 261
      }
    },
    {
      "type": "Feature",
      "id": "PBUNKNOWN",
      "geometry": {
        "type": "Point",
        "coordinates": [
          -1.8217,
          48.87
        ]
      },
      "properties": {
        "pb": null,
        "nom": "Ile Chausey - Grande Ile",
        "accessibilite": "Bateau",
        "villeProche": "",
        "structure": "Tour carrée grise",
        "validationExpedition": "Non (sans carte de validation : votre expédition ne sera pas comptabilisée pour les diplômes expéditionnaires)",
        "departement": "29",
        "wlotta": "Oui",
        "positionDMS": "48°52,2 N 001°49,3 W",
        "recherchePourcentage": "100%",
        "derniereActivite": "2022",
        "typePoint": "lighthouse",
        "urlId": 262
      }
    },
    {
      "type": "Feature",
      "id": "PBUNKNOWN",
      "geometry": {
        "type": "Point",
        "coordinates": [
          -2.835,
          47.3217
        ]
      },
      "properties": {
        "pb": null,
        "nom": "Les Grands Cardinaux",
        "accessibilite": "Bateau",
        "villeProche": "",
        "structure": "Tour rouge large bande blanche",
        "validationExpedition": "Oui",
        "departement": "29",
        "wlotta": "Oui",
        "positionDMS": "47°19,3 N 002°50,1 W",
        "recherchePourcentage": "100%",
        "derniereActivite": "2006",
        "typePoint": "lighthouse",
        "urlId": 263
      }
    },
    {
      "type": "Feature",
      "id": "PBUNKNOWN",
      "geometry": {
        "type": "Point",
        "coordinates": [
          -3.0467,
          47.4583
        ]
      },
      "properties": {
        "pb": null,
        "nom": "La Teignouse",
        "accessibilite": "Bateau",
        "villeProche": "",
        "structure": "Tour rouge large bande blanche",
        "validationExpedition": "Oui",
        "departement": "29",
        "wlotta": "Oui",
        "positionDMS": "47°27,5 N 003°02,8 W",
        "recherchePourcentage": "100%",
        "derniereActivite": "Expéditions réalisées :",
        "typePoint": "lighthouse",
        "urlId": 264
      }
    },
    {
      "type": "Feature",
      "id": "PBUNKNOWN",
      "geometry": {
        "type": "Point",
        "coordinates": [
          -2.5033,
          47.5167
        ]
      },
      "properties": {
        "pb": null,
        "nom": "Pointe de Penlan",
        "accessibilite": "Voiture",
        "villeProche": "",
        "structure": "Tour bandes blanches et rouges",
        "validationExpedition": "Oui",
        "departement": "29",
        "wlotta": "Oui",
        "positionDMS": "47°31,0 N 002°30,2 W",
        "recherchePourcentage": "100%",
        "derniereActivite": "2015",
        "typePoint": "lighthouse",
        "urlId": 265
      }
    },
    {
      "type": "Feature",
      "id": "PBUNKNOWN",
      "geometry": {
        "type": "Point",
        "coordinates": [
          -3.0067,
          47.5683
        ]
      },
      "properties": {
        "pb": null,
        "nom": "Pointe de Kernevest - Crach Entrée - Front",
        "accessibilite": "Voiture",
        "villeProche": "",
        "structure": "Maison Tourelle tronconique blanche haut vert",
        "validationExpedition": "Oui",
        "departement": "29",
        "wlotta": "Oui",
        "positionDMS": "47°34,1 N 003°00,4 W",
        "recherchePourcentage": "100%",
        "derniereActivite": "Expéditions réalisées :",
        "typePoint": "lighthouse",
        "urlId": 266
      }
    },
    {
      "type": "Feature",
      "id": "PBUNKNOWN",
      "geometry": {
        "type": "Point",
        "coordinates": [
          -3.2267,
          47.3117
        ]
      },
      "properties": {
        "pb": null,
        "nom": "Goulphar",
        "accessibilite": "Bateau",
        "villeProche": "",
        "structure": "Tour grise lanterne rouge",
        "validationExpedition": "Oui",
        "departement": "29",
        "wlotta": "Oui",
        "positionDMS": "47°18,7 N 003°13,6 W",
        "recherchePourcentage": "81%",
        "derniereActivite": "2002",
        "typePoint": "lighthouse",
        "urlId": 267
      }
    },
    {
      "type": "Feature",
      "id": "PBUNKNOWN",
      "geometry": {
        "type": "Point",
        "coordinates": [
          -2.9183,
          47.5483
        ]
      },
      "properties": {
        "pb": null,
        "nom": "Port Navalo",
        "accessibilite": "Voiture",
        "villeProche": "",
        "structure": "Tour blanche et maison",
        "validationExpedition": "Oui",
        "departement": "29",
        "wlotta": "Oui",
        "positionDMS": "47°32,9 N 002°55,1 W",
        "recherchePourcentage": "100%",
        "derniereActivite": "Expéditions réalisées :",
        "typePoint": "lighthouse",
        "urlId": 268
      }
    },
    {
      "type": "Feature",
      "id": "PBUNKNOWN",
      "geometry": {
        "type": "Point",
        "coordinates": [
          -3.06,
          47.31
        ]
      },
      "properties": {
        "pb": null,
        "nom": "Les Poulains",
        "accessibilite": "Bateau",
        "villeProche": "",
        "structure": "Tour carrée et maison blanche lanterne rouge",
        "validationExpedition": "Oui",
        "departement": "29",
        "wlotta": "Oui",
        "positionDMS": "47°18,6 N 003°03,6 W",
        "recherchePourcentage": "100%",
        "derniereActivite": "2007",
        "typePoint": "lighthouse",
        "urlId": 269
      }
    },
    {
      "type": "Feature",
      "id": "PBUNKNOWN",
      "geometry": {
        "type": "Point",
        "coordinates": [
          -3.0583,
          47.3117
        ]
      },
      "properties": {
        "pb": null,
        "nom": "Pointe de Kerdonis",
        "accessibilite": "Bateau",
        "villeProche": "",
        "structure": "Tour carrée blanche haut rouge et maison",
        "validationExpedition": "Oui",
        "departement": "29",
        "wlotta": "Oui",
        "positionDMS": "47°18,7 N 003°03,5 W",
        "recherchePourcentage": "100%",
        "derniereActivite": "2007",
        "typePoint": "lighthouse",
        "urlId": 270
      }
    },
    {
      "type": "Feature",
      "id": "PBUNKNOWN",
      "geometry": {
        "type": "Point",
        "coordinates": [
          -3.5083,
          47.6483
        ]
      },
      "properties": {
        "pb": null,
        "nom": "Pen-Men",
        "accessibilite": "Bateau",
        "villeProche": "",
        "structure": "Tour carrée blanche haut noir",
        "validationExpedition": "Oui",
        "departement": "29",
        "wlotta": "Oui",
        "positionDMS": "47°38,9 N 003°30,5 W",
        "recherchePourcentage": "100%",
        "derniereActivite": "2016",
        "typePoint": "lighthouse",
        "urlId": 271
      }
    },
    {
      "type": "Feature",
      "id": "PBUNKNOWN",
      "geometry": {
        "type": "Point",
        "coordinates": [
          -3.4217,
          47.6217
        ]
      },
      "properties": {
        "pb": null,
        "nom": "Pointe des Chats",
        "accessibilite": "Bateau",
        "villeProche": "",
        "structure": "Tour carrée blanche et maison",
        "validationExpedition": "Oui",
        "departement": "29",
        "wlotta": "Oui",
        "positionDMS": "47°37,3 N 003°25,3 W",
        "recherchePourcentage": "100%",
        "derniereActivite": "2016",
        "typePoint": "lighthouse",
        "urlId": 272
      }
    },
    {
      "type": "Feature",
      "id": "PBUNKNOWN",
      "geometry": {
        "type": "Point",
        "coordinates": [
          -3.3617,
          47.7033
        ]
      },
      "properties": {
        "pb": null,
        "nom": "Les Sœurs",
        "accessibilite": "Bateau",
        "villeProche": "",
        "structure": "Tourelle rouge bande horizontale blanche",
        "validationExpedition": "Oui",
        "departement": "29",
        "wlotta": "Oui",
        "positionDMS": "47°42,2 N 003°21,7 W",
        "recherchePourcentage": "100%",
        "derniereActivite": "Expéditions réalisées :",
        "typePoint": "lighthouse",
        "urlId": 273
      }
    },
    {
      "type": "Feature",
      "id": "PBUNKNOWN",
      "geometry": {
        "type": "Point",
        "coordinates": [
          -3.125,
          47.48
        ]
      },
      "properties": {
        "pb": null,
        "nom": "Port-Maria - Feu principal",
        "accessibilite": "Voiture",
        "villeProche": "",
        "structure": "Tour blanche lanterne verte",
        "validationExpedition": "Oui",
        "departement": "29",
        "wlotta": "Oui",
        "positionDMS": "47°28,8 N 003°07,5 W",
        "recherchePourcentage": "86%",
        "derniereActivite": "Expéditions réalisées :",
        "typePoint": "lighthouse",
        "urlId": 274
      }
    },
    {
      "type": "Feature",
      "id": "PBUNKNOWN",
      "geometry": {
        "type": "Point",
        "coordinates": [
          -3.3667,
          47.7267
        ]
      },
      "properties": {
        "pb": null,
        "nom": "Keroman Range Front",
        "accessibilite": "Voiture",
        "villeProche": "",
        "structure": "Cabane bandes blanches et rouges",
        "validationExpedition": "Oui",
        "departement": "29",
        "wlotta": "Oui",
        "positionDMS": "47°43,6 N 003°22,0 W",
        "recherchePourcentage": "100%",
        "derniereActivite": "Expéditions réalisées :",
        "typePoint": "lighthouse",
        "urlId": 275
      }
    },
    {
      "type": "Feature",
      "id": "PBUNKNOWN",
      "geometry": {
        "type": "Point",
        "coordinates": [
          0.0,
          0.0
        ]
      },
      "properties": {
        "pb": null,
        "nom": "",
        "accessibilite": "",
        "villeProche": "",
        "structure": "",
        "validationExpedition": "",
        "departement": "29",
        "wlotta": "Non",
        "positionDMS": "",
        "recherchePourcentage": "",
        "derniereActivite": "",
        "typePoint": "lighthouse",
        "urlId": 276
      }
    },
    {
      "type": "Feature",
      "id": "PBUNKNOWN",
      "geometry": {
        "type": "Point",
        "coordinates": [
          -3.1,
          47.49
        ]
      },
      "properties": {
        "pb": null,
        "nom": "Port Haliguen - Nouvelle jetée",
        "accessibilite": "A pieds",
        "villeProche": "",
        "structure": "Tour tronconique blanche haut rouge",
        "validationExpedition": "Oui",
        "departement": "29",
        "wlotta": "Oui",
        "positionDMS": "47°29,4 N 003°06,0 W",
        "recherchePourcentage": "100%",
        "derniereActivite": "Expéditions réalisées :",
        "typePoint": "lighthouse",
        "urlId": 277
      }
    },
    {
      "type": "Feature",
      "id": "PBUNKNOWN",
      "geometry": {
        "type": "Point",
        "coordinates": [
          0.0,
          0.0
        ]
      },
      "properties": {
        "pb": null,
        "nom": "",
        "accessibilite": "",
        "villeProche": "",
        "structure": "",
        "validationExpedition": "",
        "departement": "29",
        "wlotta": "Non",
        "positionDMS": "",
        "recherchePourcentage": "",
        "derniereActivite": "",
        "typePoint": "lighthouse",
        "urlId": 278
      }
    },
    {
      "type": "Feature",
      "id": "PBUNKNOWN",
      "geometry": {
        "type": "Point",
        "coordinates": [
          -3.2167,
          47.375
        ]
      },
      "properties": {
        "pb": null,
        "nom": "Sauzon - Jetée Nord Ouest",
        "accessibilite": "Bateau",
        "villeProche": "",
        "structure": "Tourelle tronconique blanche haut vert",
        "validationExpedition": "Oui",
        "departement": "29",
        "wlotta": "Oui",
        "positionDMS": "47°22,5 N 003°13,0 W",
        "recherchePourcentage": "90%",
        "derniereActivite": "Expéditions réalisées :",
        "typePoint": "lighthouse",
        "urlId": 279
      }
    },
    {
      "type": "Feature",
      "id": "PBUNKNOWN",
      "geometry": {
        "type": "Point",
        "coordinates": [
          -3.3733,
          47.715
        ]
      },
      "properties": {
        "pb": null,
        "nom": "Kernevel - Rear",
        "accessibilite": "Voiture",
        "villeProche": "",
        "structure": "Tour carrée blanche et rouge",
        "validationExpedition": "Oui",
        "departement": "29",
        "wlotta": "Oui",
        "positionDMS": "47°42,9 N 003°22,4 W",
        "recherchePourcentage": "100%",
        "derniereActivite": "2016",
        "typePoint": "lighthouse",
        "urlId": 280
      }
    },
    {
      "type": "Feature",
      "id": "PBUNKNOWN",
      "geometry": {
        "type": "Point",
        "coordinates": [
          -3.4217,
          47.7033
        ]
      },
      "properties": {
        "pb": null,
        "nom": "Lomener - Anse de Stole",
        "accessibilite": "Voiture",
        "villeProche": "",
        "structure": "Tour blanche haut rouge",
        "validationExpedition": "Oui",
        "departement": "29",
        "wlotta": "Oui",
        "positionDMS": "47°42,2 N 003°25,3 W",
        "recherchePourcentage": "100%",
        "derniereActivite": "2016",
        "typePoint": "lighthouse",
        "urlId": 281
      }
    },
    {
      "type": "Feature",
      "id": "PBUNKNOWN",
      "geometry": {
        "type": "Point",
        "coordinates": [
          -3.3433,
          47.7433
        ]
      },
      "properties": {
        "pb": null,
        "nom": "Pointe de l'Espérance",
        "accessibilite": "Voiture",
        "villeProche": "",
        "structure": "Tour blanche haut vert",
        "validationExpedition": "Oui",
        "departement": "29",
        "wlotta": "Non",
        "positionDMS": "47°44,6 N 003°20,6 W",
        "recherchePourcentage": "100 %",
        "derniereActivite": "2016",
        "typePoint": "lighthouse",
        "urlId": 282
      }
    },
    {
      "type": "Feature",
      "id": "PBUNKNOWN",
      "geometry": {
        "type": "Point",
        "coordinates": [
          0.0,
          0.0
        ]
      },
      "properties": {
        "pb": null,
        "nom": "",
        "accessibilite": "",
        "villeProche": "",
        "structure": "",
        "validationExpedition": "",
        "departement": "29",
        "wlotta": "Non",
        "positionDMS": "",
        "recherchePourcentage": "",
        "derniereActivite": "",
        "typePoint": "lighthouse",
        "urlId": 283
      }
    },
    {
      "type": "Feature",
      "id": "PBUNKNOWN",
      "geometry": {
        "type": "Point",
        "coordinates": [
          -3.4617,
          47.7
        ]
      },
      "properties": {
        "pb": null,
        "nom": "Kerroc'h",
        "accessibilite": "Voiture",
        "villeProche": "",
        "structure": "Tour tronconique blanche haut rouge",
        "validationExpedition": "Oui",
        "departement": "29",
        "wlotta": "Oui",
        "positionDMS": "47°42,0 N 003°27,7 W",
        "recherchePourcentage": "100%",
        "derniereActivite": "2016",
        "typePoint": "lighthouse",
        "urlId": 284
      }
    },
    {
      "type": "Feature",
      "id": "PBUNKNOWN",
      "geometry": {
        "type": "Point",
        "coordinates": [
          -3.12,
          47.48
        ]
      },
      "properties": {
        "pb": null,
        "nom": "Quiberon Rear",
        "accessibilite": "Voiture",
        "villeProche": "",
        "structure": "Tour tronconique blanche bande médiane et haut noirs",
        "validationExpedition": "Oui",
        "departement": "29",
        "wlotta": "Oui",
        "positionDMS": "47°28,8 N 003°07,2 W",
        "recherchePourcentage": "100%",
        "derniereActivite": "Expéditions réalisées :",
        "typePoint": "lighthouse",
        "urlId": 285
      }
    },
    {
      "type": "Feature",
      "id": "PBUNKNOWN",
      "geometry": {
        "type": "Point",
        "coordinates": [
          -3.005,
          47.575
        ]
      },
      "properties": {
        "pb": null,
        "nom": "Kernevest Rear",
        "accessibilite": "Voiture",
        "villeProche": "",
        "structure": "Tour blanche haut vert",
        "validationExpedition": "Oui",
        "departement": "29",
        "wlotta": "Oui",
        "positionDMS": "47°34,5 N 003°00,3 W",
        "recherchePourcentage": "100%",
        "derniereActivite": "2016",
        "typePoint": "lighthouse",
        "urlId": 286
      }
    },
    {
      "type": "Feature",
      "id": "PBUNKNOWN",
      "geometry": {
        "type": "Point",
        "coordinates": [
          -3.0167,
          47.585
        ]
      },
      "properties": {
        "pb": null,
        "nom": "Saint Philibert",
        "accessibilite": "Voiture",
        "villeProche": "",
        "structure": "Maison et Tourelle blanche",
        "validationExpedition": "Oui",
        "departement": "29",
        "wlotta": "Oui",
        "positionDMS": "47°35,1 N 003°01,0 W",
        "recherchePourcentage": "100%",
        "derniereActivite": "Expéditions réalisées :",
        "typePoint": "lighthouse",
        "urlId": 287
      }
    },
    {
      "type": "Feature",
      "id": "PBUNKNOWN",
      "geometry": {
        "type": "Point",
        "coordinates": [
          -2.8933,
          47.545
        ]
      },
      "properties": {
        "pb": null,
        "nom": "Feu Postérieur",
        "accessibilite": "Voiture",
        "villeProche": "",
        "structure": "Tour blanche",
        "validationExpedition": "Oui",
        "departement": "29",
        "wlotta": "Oui",
        "positionDMS": "47°32,7 N 002°53,6 W",
        "recherchePourcentage": "100%",
        "derniereActivite": "Expéditions réalisées :",
        "typePoint": "lighthouse",
        "urlId": 288
      }
    },
    {
      "type": "Feature",
      "id": "PBUNKNOWN",
      "geometry": {
        "type": "Point",
        "coordinates": [
          -2.6483,
          47.5017
        ]
      },
      "properties": {
        "pb": null,
        "nom": "Le Pignon",
        "accessibilite": "Bateau",
        "villeProche": "",
        "structure": "Tour rouge",
        "validationExpedition": "Oui",
        "departement": "29",
        "wlotta": "Oui",
        "positionDMS": "47°30,1 N 002°38,9 W",
        "recherchePourcentage": "100%",
        "derniereActivite": "Expéditions réalisées :",
        "typePoint": "lighthouse",
        "urlId": 289
      }
    },
    {
      "type": "Feature",
      "id": "PBUNKNOWN",
      "geometry": {
        "type": "Point",
        "coordinates": [
          -3.2167,
          47.375
        ]
      },
      "properties": {
        "pb": null,
        "nom": "Sauzon - Jetée Sud Est",
        "accessibilite": "Bateau",
        "villeProche": "",
        "structure": "Tourelle tronconique blanche haut rouge",
        "validationExpedition": "Oui",
        "departement": "29",
        "wlotta": "Oui",
        "positionDMS": "47°22,5 N 003°13,0 W",
        "recherchePourcentage": "100%",
        "derniereActivite": "Expéditions réalisées :",
        "typePoint": "lighthouse",
        "urlId": 290
      }
    },
    {
      "type": "Feature",
      "id": "PBUNKNOWN",
      "geometry": {
        "type": "Point",
        "coordinates": [
          0.0,
          0.0
        ]
      },
      "properties": {
        "pb": null,
        "nom": "",
        "accessibilite": "",
        "villeProche": "",
        "structure": "",
        "validationExpedition": "",
        "departement": "29",
        "wlotta": "Non",
        "positionDMS": "",
        "recherchePourcentage": "",
        "derniereActivite": "",
        "typePoint": "lighthouse",
        "urlId": 291
      }
    },
    {
      "type": "Feature",
      "id": "PBUNKNOWN",
      "geometry": {
        "type": "Point",
        "coordinates": [
          -2.875,
          47.345
        ]
      },
      "properties": {
        "pb": null,
        "nom": "Argol",
        "accessibilite": "Bateau",
        "villeProche": "",
        "structure": "Tour Blanche haut vert",
        "validationExpedition": "Oui",
        "departement": "29",
        "wlotta": "Oui",
        "positionDMS": "47°20,7 N 002°52,5 W",
        "recherchePourcentage": "100%",
        "derniereActivite": "2009",
        "typePoint": "lighthouse",
        "urlId": 292
      }
    },
    {
      "type": "Feature",
      "id": "PBUNKNOWN",
      "geometry": {
        "type": "Point",
        "coordinates": [
          -2.9567,
          47.3917
        ]
      },
      "properties": {
        "pb": null,
        "nom": "Houat",
        "accessibilite": "Bateau",
        "villeProche": "",
        "structure": "Tour Blanche haut vert",
        "validationExpedition": "Oui",
        "departement": "29",
        "wlotta": "Oui",
        "positionDMS": "47°23,5 N 002°57,4 W",
        "recherchePourcentage": "100%",
        "derniereActivite": "2011",
        "typePoint": "lighthouse",
        "urlId": 293
      }
    },
    {
      "type": "Feature",
      "id": "PBUNKNOWN",
      "geometry": {
        "type": "Point",
        "coordinates": [
          -3.355,
          47.7067
        ]
      },
      "properties": {
        "pb": null,
        "nom": "Port Louis Rear",
        "accessibilite": "Voiture",
        "villeProche": "",
        "structure": "Pylône bandes rouges et blanches",
        "validationExpedition": "Oui",
        "departement": "29",
        "wlotta": "Oui",
        "positionDMS": "47°42,4 N 003°21,3 W",
        "recherchePourcentage": "100%",
        "derniereActivite": "2024",
        "typePoint": "lighthouse",
        "urlId": 294
      }
    },
    {
      "type": "Feature",
      "id": "PBUNKNOWN",
      "geometry": {
        "type": "Point",
        "coordinates": [
          -3.4583,
          47.6367
        ]
      },
      "properties": {
        "pb": null,
        "nom": "Ile de Groix",
        "accessibilite": "Bateau",
        "villeProche": "",
        "structure": "Validation expédition : Oui",
        "validationExpedition": "Oui",
        "departement": "29",
        "wlotta": "Oui",
        "positionDMS": "47°38,2 N 003°27,5 W",
        "recherchePourcentage": "100%",
        "derniereActivite": "2016",
        "typePoint": "lighthouse",
        "urlId": 295
      }
    },
    {
      "type": "Feature",
      "id": "PBUNKNOWN",
      "geometry": {
        "type": "Point",
        "coordinates": [
          -3.4583,
          47.6367
        ]
      },
      "properties": {
        "pb": null,
        "nom": "Belle Ile",
        "accessibilite": "Bateau",
        "villeProche": "",
        "structure": "Validation expédition : Oui",
        "validationExpedition": "Oui",
        "departement": "29",
        "wlotta": "Oui",
        "positionDMS": "47°38,2 N 003°27,5 W",
        "recherchePourcentage": "90%",
        "derniereActivite": "2009",
        "typePoint": "lighthouse",
        "urlId": 296
      }
    },
    {
      "type": "Feature",
      "id": "PBUNKNOWN",
      "geometry": {
        "type": "Point",
        "coordinates": [
          2.365,
          51.05
        ]
      },
      "properties": {
        "pb": null,
        "nom": "Dunkerque",
        "accessibilite": "Voiture",
        "villeProche": "",
        "structure": "Tour blanche haut noir",
        "validationExpedition": "Oui",
        "departement": "29",
        "wlotta": "Oui",
        "positionDMS": "51°03,0 N 002°21,9 E",
        "recherchePourcentage": "100%",
        "derniereActivite": "2008",
        "typePoint": "lighthouse",
        "urlId": 297
      }
    },
    {
      "type": "Feature",
      "id": "PBUNKNOWN",
      "geometry": {
        "type": "Point",
        "coordinates": [
          2.35,
          51.06
        ]
      },
      "properties": {
        "pb": null,
        "nom": "Jetée Ouest",
        "accessibilite": "A Pieds",
        "villeProche": "",
        "structure": "Tour blanche haut brun",
        "validationExpedition": "Oui",
        "departement": "29",
        "wlotta": "Oui",
        "positionDMS": "51°03,6 N 002°21,0 E",
        "recherchePourcentage": "100%",
        "derniereActivite": "Expéditions réalisées :",
        "typePoint": "lighthouse",
        "urlId": 298
      }
    },
    {
      "type": "Feature",
      "id": "PBUNKNOWN",
      "geometry": {
        "type": "Point",
        "coordinates": [
          2.0933,
          51.0167
        ]
      },
      "properties": {
        "pb": null,
        "nom": "Jetée Ouest",
        "accessibilite": "A Pieds",
        "villeProche": "",
        "structure": "Tour jaune et grise haut vert",
        "validationExpedition": "Oui",
        "departement": "29",
        "wlotta": "Oui",
        "positionDMS": "51°01,0 N 002°05,6 E",
        "recherchePourcentage": "100%",
        "derniereActivite": "Expéditions réalisées :",
        "typePoint": "lighthouse",
        "urlId": 299
      }
    },
    {
      "type": "Feature",
      "id": "PBUNKNOWN",
      "geometry": {
        "type": "Point",
        "coordinates": [
          2.2,
          51.0283
        ]
      },
      "properties": {
        "pb": null,
        "nom": "Nouveau Port - Avant Port Front",
        "accessibilite": "Voiture",
        "villeProche": "",
        "structure": "Colonne blanche haut vert",
        "validationExpedition": "Oui",
        "departement": "29",
        "wlotta": "Oui",
        "positionDMS": "51°01,7 N 002°12,0 E",
        "recherchePourcentage": "100%",
        "derniereActivite": "Expéditions réalisées :",
        "typePoint": "lighthouse",
        "urlId": 300
      }
    },
    {
      "type": "Feature",
      "id": "PBUNKNOWN",
      "geometry": {
        "type": "Point",
        "coordinates": [
          2.1633,
          51.0367
        ]
      },
      "properties": {
        "pb": null,
        "nom": "Nouveau Port - Jetée du Dyck",
        "accessibilite": "A Pieds",
        "villeProche": "",
        "structure": "Tour blanche haut vert",
        "validationExpedition": "Oui",
        "departement": "29",
        "wlotta": "Oui",
        "positionDMS": "51°02,2 N 002°09,8 E",
        "recherchePourcentage": "100%",
        "derniereActivite": "Expéditions réalisées :",
        "typePoint": "lighthouse",
        "urlId": 301
      }
    },
    {
      "type": "Feature",
      "id": "PBUNKNOWN",
      "geometry": {
        "type": "Point",
        "coordinates": [
          2.2067,
          51.0267
        ]
      },
      "properties": {
        "pb": null,
        "nom": "Dunkerque Nouveau Port - Avant Port Arrière",
        "accessibilite": "Voiture",
        "villeProche": "",
        "structure": "Colonne blanche haut vert",
        "validationExpedition": "Oui",
        "departement": "29",
        "wlotta": "Oui",
        "positionDMS": "51°01,6 N 002°12,4 E",
        "recherchePourcentage": "100%",
        "derniereActivite": "2000",
        "typePoint": "lighthouse",
        "urlId": 302
      }
    },
    {
      "type": "Feature",
      "id": "PBUNKNOWN",
      "geometry": {
        "type": "Point",
        "coordinates": [
          0.0,
          0.0
        ]
      },
      "properties": {
        "pb": null,
        "nom": "",
        "accessibilite": "",
        "villeProche": "",
        "structure": "",
        "validationExpedition": "",
        "departement": "29",
        "wlotta": "Non",
        "positionDMS": "",
        "recherchePourcentage": "",
        "derniereActivite": "",
        "typePoint": "lighthouse",
        "urlId": 303
      }
    },
    {
      "type": "Feature",
      "id": "PBUNKNOWN",
      "geometry": {
        "type": "Point",
        "coordinates": [
          1.5833,
          50.87
        ]
      },
      "properties": {
        "pb": null,
        "nom": "Cap Gris Nez",
        "accessibilite": "A Pieds",
        "villeProche": "",
        "structure": "Tour blanche haut noir",
        "validationExpedition": "Oui",
        "departement": "29",
        "wlotta": "Oui",
        "positionDMS": "50°52,2 N 001°35,0 E",
        "recherchePourcentage": "100%",
        "derniereActivite": "Expéditions réalisées :",
        "typePoint": "lighthouse",
        "urlId": 304
      }
    },
    {
      "type": "Feature",
      "id": "PBUNKNOWN",
      "geometry": {
        "type": "Point",
        "coordinates": [
          1.8533,
          50.9617
        ]
      },
      "properties": {
        "pb": null,
        "nom": "Calais",
        "accessibilite": "Voiture",
        "villeProche": "",
        "structure": "Tour blanche haut noir",
        "validationExpedition": "Oui",
        "departement": "29",
        "wlotta": "Oui",
        "positionDMS": "50°57,7 N 001°51,2 E",
        "recherchePourcentage": "100%",
        "derniereActivite": "2000",
        "typePoint": "lighthouse",
        "urlId": 305
      }
    },
    {
      "type": "Feature",
      "id": "PBUNKNOWN",
      "geometry": {
        "type": "Point",
        "coordinates": [
          1.5633,
          50.7
        ]
      },
      "properties": {
        "pb": null,
        "nom": "Alprech ou Portel",
        "accessibilite": "Voiture",
        "villeProche": "",
        "structure": "Tour blanche haut noir",
        "validationExpedition": "Oui",
        "departement": "29",
        "wlotta": "Oui",
        "positionDMS": "50°42,0 N 001°33,8 E",
        "recherchePourcentage": "100%",
        "derniereActivite": "2006",
        "typePoint": "lighthouse",
        "urlId": 306
      }
    },
    {
      "type": "Feature",
      "id": "PBUNKNOWN",
      "geometry": {
        "type": "Point",
        "coordinates": [
          1.5617,
          50.3983
        ]
      },
      "properties": {
        "pb": null,
        "nom": "Berck Plage",
        "accessibilite": "Voiture",
        "villeProche": "",
        "structure": "Tour bandes blanches et rouges",
        "validationExpedition": "Oui",
        "departement": "29",
        "wlotta": "Oui",
        "positionDMS": "50°23,9 N 001°33,7 E",
        "recherchePourcentage": "100%",
        "derniereActivite": "2025",
        "typePoint": "lighthouse",
        "urlId": 307
      }
    },
    {
      "type": "Feature",
      "id": "PBUNKNOWN",
      "geometry": {
        "type": "Point",
        "coordinates": [
          1.5683,
          50.74
        ]
      },
      "properties": {
        "pb": null,
        "nom": "Boulogne - Digue Sud Carnot",
        "accessibilite": "A pieds",
        "villeProche": "",
        "structure": "Tour bandes blanches et rouges",
        "validationExpedition": "Oui",
        "departement": "29",
        "wlotta": "Oui",
        "positionDMS": "50°44,4 N 001°34,1 E",
        "recherchePourcentage": "100%",
        "derniereActivite": "Expéditions réalisées :",
        "typePoint": "lighthouse",
        "urlId": 308
      }
    },
    {
      "type": "Feature",
      "id": "PBUNKNOWN",
      "geometry": {
        "type": "Point",
        "coordinates": [
          1.5933,
          50.5233
        ]
      },
      "properties": {
        "pb": null,
        "nom": "Le Touquet",
        "accessibilite": "Voiture",
        "villeProche": "",
        "structure": "Tour orange bande brune, haut blanc et vert",
        "validationExpedition": "Oui",
        "departement": "29",
        "wlotta": "Oui",
        "positionDMS": "50°31,4 N 001°35,6 E",
        "recherchePourcentage": "100%",
        "derniereActivite": "2001",
        "typePoint": "lighthouse",
        "urlId": 309
      }
    },
    {
      "type": "Feature",
      "id": "PBUNKNOWN",
      "geometry": {
        "type": "Point",
        "coordinates": [
          1.8417,
          50.9733
        ]
      },
      "properties": {
        "pb": null,
        "nom": "Calais Jetée Est",
        "accessibilite": "A Pieds",
        "villeProche": "",
        "structure": "Tour grise haut rouge",
        "validationExpedition": "Oui",
        "departement": "29",
        "wlotta": "Oui",
        "positionDMS": "50°58,4 N 001°50,5 E",
        "recherchePourcentage": "100%",
        "derniereActivite": "Expéditions réalisées :",
        "typePoint": "lighthouse",
        "urlId": 310
      }
    },
    {
      "type": "Feature",
      "id": "PBUNKNOWN",
      "geometry": {
        "type": "Point",
        "coordinates": [
          1.84,
          50.9717
        ]
      },
      "properties": {
        "pb": null,
        "nom": "Calais - Jetée Ouest",
        "accessibilite": "A Pieds",
        "villeProche": "",
        "structure": "Tour métallique blanche haut vert",
        "validationExpedition": "Oui",
        "departement": "29",
        "wlotta": "Oui",
        "positionDMS": "50°58,3 N 001°50,4 E",
        "recherchePourcentage": "100%",
        "derniereActivite": "Expéditions réalisées :",
        "typePoint": "lighthouse",
        "urlId": 311
      }
    },
    {
      "type": "Feature",
      "id": "PBUNKNOWN",
      "geometry": {
        "type": "Point",
        "coordinates": [
          -1.5533,
          43.4933
        ]
      },
      "properties": {
        "pb": null,
        "nom": "Pointe St Martin",
        "accessibilite": "Voiture",
        "villeProche": "",
        "structure": "Tour blanche haut noir",
        "validationExpedition": "Oui",
        "departement": "29",
        "wlotta": "Oui",
        "positionDMS": "43°29,6 N 001°33,2 W",
        "recherchePourcentage": "90%",
        "derniereActivite": "2000",
        "typePoint": "lighthouse",
        "urlId": 312
      }
    },
    {
      "type": "Feature",
      "id": "PBUNKNOWN",
      "geometry": {
        "type": "Point",
        "coordinates": [
          -1.6867,
          43.395
        ]
      },
      "properties": {
        "pb": null,
        "nom": "Socoa",
        "accessibilite": "Voiture",
        "villeProche": "",
        "structure": "Tour carrée maison blanche bandes verticales noires",
        "validationExpedition": "Oui",
        "departement": "29",
        "wlotta": "Oui",
        "positionDMS": "43°23,7 N 001°41,2 W",
        "recherchePourcentage": "86%",
        "derniereActivite": "2000",
        "typePoint": "lighthouse",
        "urlId": 313
      }
    },
    {
      "type": "Feature",
      "id": "PBUNKNOWN",
      "geometry": {
        "type": "Point",
        "coordinates": [
          -1.525,
          43.5283
        ]
      },
      "properties": {
        "pb": null,
        "nom": "Le Boucau - Jetée Sud",
        "accessibilite": "A Pieds",
        "villeProche": "",
        "structure": "Tour carrée blanche haut vert",
        "validationExpedition": "Oui",
        "departement": "29",
        "wlotta": "Oui",
        "positionDMS": "43°31,7 N 001°31,5 W",
        "recherchePourcentage": "100%",
        "derniereActivite": "Expéditions réalisées :",
        "typePoint": "lighthouse",
        "urlId": 314
      }
    },
    {
      "type": "Feature",
      "id": "PBUNKNOWN",
      "geometry": {
        "type": "Point",
        "coordinates": [
          -1.515,
          43.5267
        ]
      },
      "properties": {
        "pb": null,
        "nom": "Le Boucau",
        "accessibilite": "Voiture",
        "villeProche": "",
        "structure": "Tour carrée blanche bande verte face NE et NW",
        "validationExpedition": "Oui",
        "departement": "29",
        "wlotta": "Oui",
        "positionDMS": "43°31,6 N 001°30,9 W",
        "recherchePourcentage": "100%",
        "derniereActivite": "Expéditions réalisées :",
        "typePoint": "lighthouse",
        "urlId": 315
      }
    },
    {
      "type": "Feature",
      "id": "PBUNKNOWN",
      "geometry": {
        "type": "Point",
        "coordinates": [
          -1.66,
          43.3983
        ]
      },
      "properties": {
        "pb": null,
        "nom": "Pointe Sainte Barbe Arrière",
        "accessibilite": "Voiture",
        "villeProche": "",
        "structure": "Tour carrée blanche partie supérieure triangulaire noire",
        "validationExpedition": "Oui",
        "departement": "29",
        "wlotta": "Oui",
        "positionDMS": "43°23,9 N 001°39,6 W",
        "recherchePourcentage": "100%",
        "derniereActivite": "Expéditions réalisées :",
        "typePoint": "lighthouse",
        "urlId": 316
      }
    },
    {
      "type": "Feature",
      "id": "PBUNKNOWN",
      "geometry": {
        "type": "Point",
        "coordinates": [
          -1.6683,
          43.3883
        ]
      },
      "properties": {
        "pb": null,
        "nom": "St Jean de Luz - Jetée Est",
        "accessibilite": "Voiture",
        "villeProche": "",
        "structure": "Tour blanche bande verticale rouge",
        "validationExpedition": "Oui",
        "departement": "29",
        "wlotta": "Oui",
        "positionDMS": "43°23,3 N 001°40,1 W",
        "recherchePourcentage": "100%",
        "derniereActivite": "Expéditions réalisées :",
        "typePoint": "lighthouse",
        "urlId": 317
      }
    },
    {
      "type": "Feature",
      "id": "PBUNKNOWN",
      "geometry": {
        "type": "Point",
        "coordinates": [
          -1.6667,
          43.385
        ]
      },
      "properties": {
        "pb": null,
        "nom": "St Jean de Luz - Arrière",
        "accessibilite": "Voiture",
        "villeProche": "",
        "structure": "Tour blanche bande verticale verte",
        "validationExpedition": "Oui",
        "departement": "29",
        "wlotta": "Oui",
        "positionDMS": "43°23,1 N 001°40,0 W",
        "recherchePourcentage": "100%",
        "derniereActivite": "Expéditions réalisées :",
        "typePoint": "lighthouse",
        "urlId": 318
      }
    },
    {
      "type": "Feature",
      "id": "PBUNKNOWN",
      "geometry": {
        "type": "Point",
        "coordinates": [
          3.1367,
          42.515
        ]
      },
      "properties": {
        "pb": null,
        "nom": "Cap Bear",
        "accessibilite": "Voiture",
        "villeProche": "",
        "structure": "Tour rose haut rouge",
        "validationExpedition": "Oui",
        "departement": "29",
        "wlotta": "Non",
        "positionDMS": "42°30,9 N 003°08,2 E",
        "recherchePourcentage": "71%",
        "derniereActivite": "2019",
        "typePoint": "lighthouse",
        "urlId": 319
      }
    },
    {
      "type": "Feature",
      "id": "PBUNKNOWN",
      "geometry": {
        "type": "Point",
        "coordinates": [
          3.1767,
          42.44
        ]
      },
      "properties": {
        "pb": null,
        "nom": "Cap Cerbere",
        "accessibilite": "Voiture, à pieds",
        "villeProche": "",
        "structure": "Tour grise haut rouge",
        "validationExpedition": "Oui",
        "departement": "29",
        "wlotta": "Non",
        "positionDMS": "42°26,4 N 003°10,6 E",
        "recherchePourcentage": "52%",
        "derniereActivite": "1999",
        "typePoint": "lighthouse",
        "urlId": 320
      }
    },
    {
      "type": "Feature",
      "id": "PBUNKNOWN",
      "geometry": {
        "type": "Point",
        "coordinates": [
          3.115,
          42.5167
        ]
      },
      "properties": {
        "pb": null,
        "nom": "Port Vendres Entrance Range, Rear",
        "accessibilite": "Voiture, à pieds",
        "villeProche": "",
        "structure": "Tour blanche haut rouge",
        "validationExpedition": "Oui",
        "departement": "29",
        "wlotta": "Non",
        "positionDMS": "42°31,0 N 003°06,9 E",
        "recherchePourcentage": "90%",
        "derniereActivite": "Expéditions réalisées :",
        "typePoint": "lighthouse",
        "urlId": 321
      }
    },
    {
      "type": "Feature",
      "id": "PBUNKNOWN",
      "geometry": {
        "type": "Point",
        "coordinates": [
          3.1133,
          42.5217
        ]
      },
      "properties": {
        "pb": null,
        "nom": "Port Vendres Fort Fanal",
        "accessibilite": "Voiture",
        "villeProche": "",
        "structure": "Tour blanche haut vert",
        "validationExpedition": "Oui",
        "departement": "29",
        "wlotta": "Non",
        "positionDMS": "42°31,3 N 003°06,8 E",
        "recherchePourcentage": "76%",
        "derniereActivite": "2005",
        "typePoint": "lighthouse",
        "urlId": 322
      }
    },
    {
      "type": "Feature",
      "id": "PBUNKNOWN",
      "geometry": {
        "type": "Point",
        "coordinates": [
          0.96,
          49.9167
        ]
      },
      "properties": {
        "pb": null,
        "nom": "Pointe d'Ailly",
        "accessibilite": "Voiture",
        "villeProche": "",
        "structure": "Tour carrée blanche haut vert",
        "validationExpedition": "Oui",
        "departement": "29",
        "wlotta": "Oui",
        "positionDMS": "49°55,0 N 000°57,6 E",
        "recherchePourcentage": "33%",
        "derniereActivite": "2025",
        "typePoint": "lighthouse",
        "urlId": 323
      }
    },
    {
      "type": "Feature",
      "id": "PBUNKNOWN",
      "geometry": {
        "type": "Point",
        "coordinates": [
          0.9983,
          49.6833
        ]
      },
      "properties": {
        "pb": null,
        "nom": "Cap d'Antifer",
        "accessibilite": "Voiture",
        "villeProche": "",
        "structure": "Tour octogonale grise haut vert",
        "validationExpedition": "Oui",
        "departement": "29",
        "wlotta": "Oui",
        "positionDMS": "49°41,0 N 000°59,9 E",
        "recherchePourcentage": "81%",
        "derniereActivite": "2023",
        "typePoint": "lighthouse",
        "urlId": 324
      }
    },
    {
      "type": "Feature",
      "id": "PBUNKNOWN",
      "geometry": {
        "type": "Point",
        "coordinates": [
          0.07,
          49.5117
        ]
      },
      "properties": {
        "pb": null,
        "nom": "Cap de la Heve",
        "accessibilite": "Voiture",
        "villeProche": "",
        "structure": "Tour octogonale grise haut vert",
        "validationExpedition": "Oui",
        "departement": "29",
        "wlotta": "Oui",
        "positionDMS": "49°30,7 N 000°04,2 E",
        "recherchePourcentage": "95%",
        "derniereActivite": "2016",
        "typePoint": "lighthouse",
        "urlId": 325
      }
    },
    {
      "type": "Feature",
      "id": "PBUNKNOWN",
      "geometry": {
        "type": "Point",
        "coordinates": [
          1.37,
          50.065
        ]
      },
      "properties": {
        "pb": null,
        "nom": "Le Treport - Jetée Ouest",
        "accessibilite": "Voiture",
        "villeProche": "",
        "structure": "Tour blanche haut vert",
        "validationExpedition": "Oui",
        "departement": "29",
        "wlotta": "Oui",
        "positionDMS": "50°03,9 N 001°22,2 E",
        "recherchePourcentage": "100%",
        "derniereActivite": "2024",
        "typePoint": "lighthouse",
        "urlId": 326
      }
    },
    {
      "type": "Feature",
      "id": "PBUNKNOWN",
      "geometry": {
        "type": "Point",
        "coordinates": [
          0.7083,
          49.875
        ]
      },
      "properties": {
        "pb": null,
        "nom": "Saint Valery en Caux - Jetée Ouest",
        "accessibilite": "Voiture",
        "villeProche": "",
        "structure": "Tour tronconique verte",
        "validationExpedition": "Oui",
        "departement": "29",
        "wlotta": "Oui",
        "positionDMS": "49°52,5 N 000°42,5 E",
        "recherchePourcentage": "71%",
        "derniereActivite": "2025",
        "typePoint": "lighthouse",
        "urlId": 327
      }
    },
    {
      "type": "Feature",
      "id": "PBUNKNOWN",
      "geometry": {
        "type": "Point",
        "coordinates": [
          0.3633,
          49.765
        ]
      },
      "properties": {
        "pb": null,
        "nom": "Fécamp - Jetée Nord",
        "accessibilite": "A Pieds",
        "villeProche": "",
        "structure": "Tour grise haut rouge",
        "validationExpedition": "Oui",
        "departement": "29",
        "wlotta": "Oui",
        "positionDMS": "49°45,9 N 000°21,8 E",
        "recherchePourcentage": "71%",
        "derniereActivite": "2005",
        "typePoint": "lighthouse",
        "urlId": 328
      }
    },
    {
      "type": "Feature",
      "id": "PBUNKNOWN",
      "geometry": {
        "type": "Point",
        "coordinates": [
          0.365,
          49.765
        ]
      },
      "properties": {
        "pb": null,
        "nom": "Fécamp - Jetée Sud",
        "accessibilite": "Voiture",
        "villeProche": "",
        "structure": "Tour grise haut vert",
        "validationExpedition": "Oui",
        "departement": "29",
        "wlotta": "Oui",
        "positionDMS": "49°45,9 N 000°21,9 E",
        "recherchePourcentage": "100%",
        "derniereActivite": "2003",
        "typePoint": "lighthouse",
        "urlId": 329
      }
    },
    {
      "type": "Feature",
      "id": "PBUNKNOWN",
      "geometry": {
        "type": "Point",
        "coordinates": [
          0.1083,
          49.4817
        ]
      },
      "properties": {
        "pb": null,
        "nom": "Le Havre - Meunier",
        "accessibilite": "A Pieds",
        "villeProche": "",
        "structure": "Tour grise haut vert",
        "validationExpedition": "Oui",
        "departement": "29",
        "wlotta": "Oui",
        "positionDMS": "49°28,9 N 000°06,5 E",
        "recherchePourcentage": "86%",
        "derniereActivite": "2010",
        "typePoint": "lighthouse",
        "urlId": 330
      }
    },
    {
      "type": "Feature",
      "id": "PBUNKNOWN",
      "geometry": {
        "type": "Point",
        "coordinates": [
          0.1267,
          49.4783
        ]
      },
      "properties": {
        "pb": null,
        "nom": "Le Havre - Quai Joannes Couvert",
        "accessibilite": "Voiture",
        "villeProche": "",
        "structure": "Tour grise haut vert",
        "validationExpedition": "Oui",
        "departement": "29",
        "wlotta": "Oui",
        "positionDMS": "49°28,7 N 000°07,6 E",
        "recherchePourcentage": "100%",
        "derniereActivite": "Expéditions réalisées :",
        "typePoint": "lighthouse",
        "urlId": 331
      }
    },
    {
      "type": "Feature",
      "id": "PBUNKNOWN",
      "geometry": {
        "type": "Point",
        "coordinates": [
          0.09,
          49.485
        ]
      },
      "properties": {
        "pb": null,
        "nom": "Le Havre - Digue Sud",
        "accessibilite": "A pieds",
        "villeProche": "",
        "structure": "Tour blanche haut vert",
        "validationExpedition": "Oui",
        "departement": "29",
        "wlotta": "Oui",
        "positionDMS": "49°29,1 N 000°05,4 E",
        "recherchePourcentage": "100%",
        "derniereActivite": "Expéditions réalisées :",
        "typePoint": "lighthouse",
        "urlId": 332
      }
    },
    {
      "type": "Feature",
      "id": "PBUNKNOWN",
      "geometry": {
        "type": "Point",
        "coordinates": [
          0.09,
          49.4867
        ]
      },
      "properties": {
        "pb": null,
        "nom": "Le Havre - Digue Nord",
        "accessibilite": "A pieds",
        "villeProche": "",
        "structure": "Tour blanche haut rouge",
        "validationExpedition": "Oui",
        "departement": "29",
        "wlotta": "Oui",
        "positionDMS": "49°29,2 N 000°05,4 E",
        "recherchePourcentage": "100%",
        "derniereActivite": "Expéditions réalisées :",
        "typePoint": "lighthouse",
        "urlId": 333
      }
    },
    {
      "type": "Feature",
      "id": "PBUNKNOWN",
      "geometry": {
        "type": "Point",
        "coordinates": [
          1.0833,
          49.9367
        ]
      },
      "properties": {
        "pb": null,
        "nom": "Dieppe - Jetée Ouest",
        "accessibilite": "A pieds",
        "villeProche": "",
        "structure": "Tour blanche haut vert",
        "validationExpedition": "Oui",
        "departement": "29",
        "wlotta": "Oui",
        "positionDMS": "49°56,2 N 001°05,0 E",
        "recherchePourcentage": "76%",
        "derniereActivite": "2004",
        "typePoint": "lighthouse",
        "urlId": 334
      }
    },
    {
      "type": "Feature",
      "id": "PBUNKNOWN",
      "geometry": {
        "type": "Point",
        "coordinates": [
          1.085,
          49.9367
        ]
      },
      "properties": {
        "pb": null,
        "nom": "Dieppe - Jetée Est",
        "accessibilite": "A pieds",
        "villeProche": "",
        "structure": "Tour métallique blanche haut rouge",
        "validationExpedition": "Oui",
        "departement": "29",
        "wlotta": "Oui",
        "positionDMS": "49°56,2 N 001°05,1 E",
        "recherchePourcentage": "100%",
        "derniereActivite": "Expéditions réalisées :",
        "typePoint": "lighthouse",
        "urlId": 335
      }
    },
    {
      "type": "Feature",
      "id": "PBUNKNOWN",
      "geometry": {
        "type": "Point",
        "coordinates": [
          0.0,
          0.0
        ]
      },
      "properties": {
        "pb": null,
        "nom": "",
        "accessibilite": "",
        "villeProche": "",
        "structure": "",
        "validationExpedition": "",
        "departement": "29",
        "wlotta": "Non",
        "positionDMS": "",
        "recherchePourcentage": "",
        "derniereActivite": "",
        "typePoint": "lighthouse",
        "urlId": 336
      }
    },
    {
      "type": "Feature",
      "id": "PBUNKNOWN",
      "geometry": {
        "type": "Point",
        "coordinates": [
          1.5117,
          50.195
        ]
      },
      "properties": {
        "pb": null,
        "nom": "Cayeux sur Mer",
        "accessibilite": "Voiture",
        "villeProche": "",
        "structure": "Tour blanche haut rouge",
        "validationExpedition": "Oui",
        "departement": "29",
        "wlotta": "Non",
        "positionDMS": "50°11,7 N 001°30,7 E",
        "recherchePourcentage": "48%",
        "derniereActivite": "2024",
        "typePoint": "lighthouse",
        "urlId": 337
      }
    },
    {
      "type": "Feature",
      "id": "PBUNKNOWN",
      "geometry": {
        "type": "Point",
        "coordinates": [
          1.4533,
          50.105
        ]
      },
      "properties": {
        "pb": null,
        "nom": "Ault",
        "accessibilite": "Voiture",
        "villeProche": "",
        "structure": "Tour blanche haut rouge",
        "validationExpedition": "Oui",
        "departement": "29",
        "wlotta": "Non",
        "positionDMS": "50°06,3 N 001°27,2 E",
        "recherchePourcentage": "67%",
        "derniereActivite": "2022",
        "typePoint": "lighthouse",
        "urlId": 338
      }
    },
    {
      "type": "Feature",
      "id": "PBUNKNOWN",
      "geometry": {
        "type": "Point",
        "coordinates": [
          1.5667,
          50.215
        ]
      },
      "properties": {
        "pb": null,
        "nom": "Le Hourdel",
        "accessibilite": "Voiture",
        "villeProche": "",
        "structure": "Tour blanche haut vert",
        "validationExpedition": "Oui",
        "departement": "29",
        "wlotta": "Non",
        "positionDMS": "50°12,9 N 001°34,0 E",
        "recherchePourcentage": "52%",
        "derniereActivite": "2024",
        "typePoint": "lighthouse",
        "urlId": 339
      }
    },
    {
      "type": "Feature",
      "id": "PBUNKNOWN",
      "geometry": {
        "type": "Point",
        "coordinates": [
          5.7683,
          43.0817
        ]
      },
      "properties": {
        "pb": null,
        "nom": "Le Grand Rouveau",
        "accessibilite": "Bateau",
        "villeProche": "",
        "structure": "Tour carrée blanche lanterne noire",
        "validationExpedition": "Oui",
        "departement": "29",
        "wlotta": "Oui",
        "positionDMS": "43°04,9 N 005°46,1 E",
        "recherchePourcentage": "81%",
        "derniereActivite": "1998",
        "typePoint": "lighthouse",
        "urlId": 340
      }
    },
    {
      "type": "Feature",
      "id": "PBUNKNOWN",
      "geometry": {
        "type": "Point",
        "coordinates": [
          6.2067,
          42.9833
        ]
      },
      "properties": {
        "pb": null,
        "nom": "Cap d'Arme",
        "accessibilite": "Bateau",
        "villeProche": "",
        "structure": "Tour carrée blanche haut noir",
        "validationExpedition": "Oui",
        "departement": "29",
        "wlotta": "Oui",
        "positionDMS": "42°59,0 N 006°12,4 E",
        "recherchePourcentage": "100%",
        "derniereActivite": "Expéditions réalisées :",
        "typePoint": "lighthouse",
        "urlId": 341
      }
    },
    {
      "type": "Feature",
      "id": "PBUNKNOWN",
      "geometry": {
        "type": "Point",
        "coordinates": [
          6.51,
          43.0467
        ]
      },
      "properties": {
        "pb": null,
        "nom": "Le Titan",
        "accessibilite": "Bateau",
        "villeProche": "",
        "structure": "Tour et maison blanches haut noir",
        "validationExpedition": "Oui",
        "departement": "29",
        "wlotta": "Oui",
        "positionDMS": "43°02,8 N 006°30,6 E",
        "recherchePourcentage": "100%",
        "derniereActivite": "Expéditions réalisées :",
        "typePoint": "lighthouse",
        "urlId": 342
      }
    },
    {
      "type": "Feature",
      "id": "PBUNKNOWN",
      "geometry": {
        "type": "Point",
        "coordinates": [
          5.9467,
          43.07
        ]
      },
      "properties": {
        "pb": null,
        "nom": "Cap Cepet",
        "accessibilite": "Voiture",
        "villeProche": "",
        "structure": "Tour carrée blanche lanterne noire sur maison à toit rouge",
        "validationExpedition": "Oui",
        "departement": "29",
        "wlotta": "Oui",
        "positionDMS": "43°04,2 N 005°56,8 E",
        "recherchePourcentage": "100%",
        "derniereActivite": "Expéditions réalisées :",
        "typePoint": "lighthouse",
        "urlId": 343
      }
    },
    {
      "type": "Feature",
      "id": "PBUNKNOWN",
      "geometry": {
        "type": "Point",
        "coordinates": [
          0.0,
          0.0
        ]
      },
      "properties": {
        "pb": null,
        "nom": "",
        "accessibilite": "",
        "villeProche": "",
        "structure": "",
        "validationExpedition": "",
        "departement": "29",
        "wlotta": "Non",
        "positionDMS": "",
        "recherchePourcentage": "",
        "derniereActivite": "",
        "typePoint": "lighthouse",
        "urlId": 344
      }
    },
    {
      "type": "Feature",
      "id": "PBUNKNOWN",
      "geometry": {
        "type": "Point",
        "coordinates": [
          6.145,
          43.0167
        ]
      },
      "properties": {
        "pb": null,
        "nom": "Ile du Grand Ribeau",
        "accessibilite": "Bateau",
        "villeProche": "",
        "structure": "Tour et maison blanches lanterne noire",
        "validationExpedition": "Oui",
        "departement": "29",
        "wlotta": "Oui",
        "positionDMS": "43°01,0 N 006°08,7 E",
        "recherchePourcentage": "100%",
        "derniereActivite": "Expéditions réalisées :",
        "typePoint": "lighthouse",
        "urlId": 345
      }
    },
    {
      "type": "Feature",
      "id": "PBUNKNOWN",
      "geometry": {
        "type": "Point",
        "coordinates": [
          6.68,
          43.2017
        ]
      },
      "properties": {
        "pb": null,
        "nom": "Cap camarat",
        "accessibilite": "Voiture",
        "villeProche": "",
        "structure": "Tour carrée blanche haut noir",
        "validationExpedition": "Oui",
        "departement": "29",
        "wlotta": "Oui",
        "positionDMS": "43°12,1 N 006°40,8 E",
        "recherchePourcentage": "52%",
        "derniereActivite": "2000",
        "typePoint": "lighthouse",
        "urlId": 346
      }
    },
    {
      "type": "Feature",
      "id": "PBUNKNOWN",
      "geometry": {
        "type": "Point",
        "coordinates": [
          6.3633,
          43.0883
        ]
      },
      "properties": {
        "pb": null,
        "nom": "Cap Benat",
        "accessibilite": "Voiture",
        "villeProche": "",
        "structure": "Tour blanche lanterne rouge",
        "validationExpedition": "Oui",
        "departement": "29",
        "wlotta": "Oui",
        "positionDMS": "43°05,3 N 006°21,8 E",
        "recherchePourcentage": "100%",
        "derniereActivite": "Expéditions réalisées :",
        "typePoint": "lighthouse",
        "urlId": 347
      }
    },
    {
      "type": "Feature",
      "id": "PBUNKNOWN",
      "geometry": {
        "type": "Point",
        "coordinates": [
          5.8017,
          43.115
        ]
      },
      "properties": {
        "pb": null,
        "nom": "Sanary sur Mer - Jetée Ouest",
        "accessibilite": "A pieds",
        "villeProche": "",
        "structure": "Tour blanche haut rouge",
        "validationExpedition": "Oui",
        "departement": "29",
        "wlotta": "Oui",
        "positionDMS": "43°06,9 N 005°48,1 E",
        "recherchePourcentage": "100%",
        "derniereActivite": "Expéditions réalisées :",
        "typePoint": "lighthouse",
        "urlId": 348
      }
    },
    {
      "type": "Feature",
      "id": "PBUNKNOWN",
      "geometry": {
        "type": "Point",
        "coordinates": [
          6.8717,
          43.425
        ]
      },
      "properties": {
        "pb": null,
        "nom": "Phare D'Aguay - Rade D'Agay",
        "accessibilite": "Voiture",
        "villeProche": "",
        "structure": "Tour blanche haut rouge",
        "validationExpedition": "Oui",
        "departement": "29",
        "wlotta": "Oui",
        "positionDMS": "43°25,5 N 006°52,3 E",
        "recherchePourcentage": "100%",
        "derniereActivite": "Expéditions réalisées :",
        "typePoint": "lighthouse",
        "urlId": 349
      }
    },
    {
      "type": "Feature",
      "id": "PBUNKNOWN",
      "geometry": {
        "type": "Point",
        "coordinates": [
          5.79,
          43.08
        ]
      },
      "properties": {
        "pb": null,
        "nom": "Ile des Embiez - Ilot de la Tour Fondue - Pointe Nord",
        "accessibilite": "Bateau",
        "villeProche": "",
        "structure": "Tourelle carrée blanche haut rouge",
        "validationExpedition": "Oui",
        "departement": "29",
        "wlotta": "Oui",
        "positionDMS": "43°04,8 N 005°47,4 E",
        "recherchePourcentage": "100%",
        "derniereActivite": "Expéditions réalisées :",
        "typePoint": "lighthouse",
        "urlId": 350
      }
    },
    {
      "type": "Feature",
      "id": "PBUNKNOWN",
      "geometry": {
        "type": "Point",
        "coordinates": [
          6.765,
          43.4233
        ]
      },
      "properties": {
        "pb": null,
        "nom": "Saint Raphael - Jetée Sud",
        "accessibilite": "Voiture",
        "villeProche": "",
        "structure": "Tour grise haut vert foncé",
        "validationExpedition": "Oui",
        "departement": "29",
        "wlotta": "Oui",
        "positionDMS": "43°25,4 N 006°45,9 E",
        "recherchePourcentage": "100%",
        "derniereActivite": "Expéditions réalisées :",
        "typePoint": "lighthouse",
        "urlId": 351
      }
    },
    {
      "type": "Feature",
      "id": "PBUNKNOWN",
      "geometry": {
        "type": "Point",
        "coordinates": [
          6.1583,
          43.0783
        ]
      },
      "properties": {
        "pb": null,
        "nom": "Port La Gavine - Port d'Hères - Jetée est",
        "accessibilite": "A Pieds",
        "villeProche": "",
        "structure": "Tourelle verte blanche",
        "validationExpedition": "Oui",
        "departement": "29",
        "wlotta": "Oui",
        "positionDMS": "43°04,7 N 006°09,5 E",
        "recherchePourcentage": "100%",
        "derniereActivite": "Expéditions réalisées :",
        "typePoint": "lighthouse",
        "urlId": 352
      }
    },
    {
      "type": "Feature",
      "id": "PBUNKNOWN",
      "geometry": {
        "type": "Point",
        "coordinates": [
          5.925,
          43.09
        ]
      },
      "properties": {
        "pb": null,
        "nom": "Toulon - Petite rade - grande jetée",
        "accessibilite": "Bateau",
        "villeProche": "",
        "structure": "Tour blanche haut noir",
        "validationExpedition": "Oui",
        "departement": "29",
        "wlotta": "Oui",
        "positionDMS": "43°05,4 N 005°55,5 E",
        "recherchePourcentage": "100%",
        "derniereActivite": "Expéditions réalisées :",
        "typePoint": "lighthouse",
        "urlId": 353
      }
    },
    {
      "type": "Feature",
      "id": "PBUNKNOWN",
      "geometry": {
        "type": "Point",
        "coordinates": [
          5.935,
          43.0867
        ]
      },
      "properties": {
        "pb": null,
        "nom": "Saint Mandrier - Jetée",
        "accessibilite": "A Pieds",
        "villeProche": "",
        "structure": "Tour blanche haut rouge et bas noir",
        "validationExpedition": "Oui",
        "departement": "29",
        "wlotta": "Oui",
        "positionDMS": "43°05,2 N 005°56,1 E",
        "recherchePourcentage": "100%",
        "derniereActivite": "Expéditions réalisées :",
        "typePoint": "lighthouse",
        "urlId": 354
      }
    },
    {
      "type": "Feature",
      "id": "PBUNKNOWN",
      "geometry": {
        "type": "Point",
        "coordinates": [
          6.2067,
          42.9833
        ]
      },
      "properties": {
        "pb": null,
        "nom": "Ile de Porquerolles",
        "accessibilite": "Bateau",
        "villeProche": "",
        "structure": "Tour carrée blanche haut noir",
        "validationExpedition": "Oui",
        "departement": "29",
        "wlotta": "Oui",
        "positionDMS": "42°59,0 N 006°12,4 E",
        "recherchePourcentage": "100%",
        "derniereActivite": "Expéditions réalisées :",
        "typePoint": "lighthouse",
        "urlId": 355
      }
    },
    {
      "type": "Feature",
      "id": "PBUNKNOWN",
      "geometry": {
        "type": "Point",
        "coordinates": [
          -1.4633,
          46.345
        ]
      },
      "properties": {
        "pb": null,
        "nom": "Pointe Grouin du Cou",
        "accessibilite": "Voiture",
        "villeProche": "",
        "structure": "Tour blanche lanterne noire",
        "validationExpedition": "Oui",
        "departement": "29",
        "wlotta": "Oui",
        "positionDMS": "46°20,7 N 001°27,8 W",
        "recherchePourcentage": "81%",
        "derniereActivite": "2001",
        "typePoint": "lighthouse",
        "urlId": 356
      }
    },
    {
      "type": "Feature",
      "id": "PBUNKNOWN",
      "geometry": {
        "type": "Point",
        "coordinates": [
          -1.84,
          46.495
        ]
      },
      "properties": {
        "pb": null,
        "nom": "Les Barges",
        "accessibilite": "Bateau",
        "villeProche": "",
        "structure": "Tour grise",
        "validationExpedition": "Oui",
        "departement": "29",
        "wlotta": "Oui",
        "positionDMS": "46°29,7 N 001°50,4 W",
        "recherchePourcentage": "95%",
        "derniereActivite": "2003",
        "typePoint": "lighthouse",
        "urlId": 357
      }
    },
    {
      "type": "Feature",
      "id": "PBUNKNOWN",
      "geometry": {
        "type": "Point",
        "coordinates": [
          -2.3583,
          47.0433
        ]
      },
      "properties": {
        "pb": null,
        "nom": "Le Pilier",
        "accessibilite": "Bateau",
        "villeProche": "",
        "structure": "Tour pyramidale grise",
        "validationExpedition": "Oui",
        "departement": "29",
        "wlotta": "Oui",
        "positionDMS": "47°02,6 N 002°21,5 W",
        "recherchePourcentage": "81%",
        "derniereActivite": "2018",
        "typePoint": "lighthouse",
        "urlId": 358
      }
    },
    {
      "type": "Feature",
      "id": "PBUNKNOWN",
      "geometry": {
        "type": "Point",
        "coordinates": [
          -2.3817,
          46.7183
        ]
      },
      "properties": {
        "pb": null,
        "nom": "Grand Phare - Petite Foule",
        "accessibilite": "Bateau",
        "villeProche": "",
        "structure": "Tour carrée blanche lanterne verte",
        "validationExpedition": "Oui",
        "departement": "29",
        "wlotta": "Oui",
        "positionDMS": "46°43,1 N 002°22,9 W",
        "recherchePourcentage": "100%",
        "derniereActivite": "2002",
        "typePoint": "lighthouse",
        "urlId": 359
      }
    },
    {
      "type": "Feature",
      "id": "PBUNKNOWN",
      "geometry": {
        "type": "Point",
        "coordinates": [
          -2.285,
          46.69
        ]
      },
      "properties": {
        "pb": null,
        "nom": "Pointe des Corbeaux",
        "accessibilite": "Bateau",
        "villeProche": "",
        "structure": "Tour carrée blanche haut rouge",
        "validationExpedition": "Oui",
        "departement": "29",
        "wlotta": "Oui",
        "positionDMS": "46°41,4 N 002°17,1 W",
        "recherchePourcentage": "100%",
        "derniereActivite": "2002",
        "typePoint": "lighthouse",
        "urlId": 360
      }
    },
    {
      "type": "Feature",
      "id": "PBUNKNOWN",
      "geometry": {
        "type": "Point",
        "coordinates": [
          -1.805,
          46.49
        ]
      },
      "properties": {
        "pb": null,
        "nom": "L'Armandeche",
        "accessibilite": "Voiture",
        "villeProche": "",
        "structure": "Tour blanche haut rouge",
        "validationExpedition": "Oui",
        "departement": "29",
        "wlotta": "Oui",
        "positionDMS": "46°29,4 N 001°48,3 W",
        "recherchePourcentage": "100%",
        "derniereActivite": "2011",
        "typePoint": "lighthouse",
        "urlId": 361
      }
    },
    {
      "type": "Feature",
      "id": "PBUNKNOWN",
      "geometry": {
        "type": "Point",
        "coordinates": [
          -2.2217,
          47.0117
        ]
      },
      "properties": {
        "pb": null,
        "nom": "Pointe des Dames",
        "accessibilite": "Voiture",
        "villeProche": "",
        "structure": "Tour carrée blanche",
        "validationExpedition": "Oui",
        "departement": "29",
        "wlotta": "Oui",
        "positionDMS": "47°00,7 N 002°13,3 W",
        "recherchePourcentage": "100%",
        "derniereActivite": "2001",
        "typePoint": "lighthouse",
        "urlId": 362
      }
    },
    {
      "type": "Feature",
      "id": "PBUNKNOWN",
      "geometry": {
        "type": "Point",
        "coordinates": [
          -1.9633,
          46.6933
        ]
      },
      "properties": {
        "pb": null,
        "nom": "Pointe de Grosse Terre",
        "accessibilite": "Voiture",
        "villeProche": "",
        "structure": "Tour blanche",
        "validationExpedition": "Oui",
        "departement": "29",
        "wlotta": "Oui",
        "positionDMS": "46°41,6 N 001°57,8 W",
        "recherchePourcentage": "100%",
        "derniereActivite": "2006",
        "typePoint": "lighthouse",
        "urlId": 363
      }
    },
    {
      "type": "Feature",
      "id": "PBUNKNOWN",
      "geometry": {
        "type": "Point",
        "coordinates": [
          -1.7683,
          46.4933
        ]
      },
      "properties": {
        "pb": null,
        "nom": "Phare de la Potence",
        "accessibilite": "Voiture",
        "villeProche": "",
        "structure": "Tour carrée maison blanche",
        "validationExpedition": "Oui",
        "departement": "29",
        "wlotta": "Oui",
        "positionDMS": "46°29,6 N 001°46,1 W",
        "recherchePourcentage": "100%",
        "derniereActivite": "2001",
        "typePoint": "lighthouse",
        "urlId": 364
      }
    },
    {
      "type": "Feature",
      "id": "PBUNKNOWN",
      "geometry": {
        "type": "Point",
        "coordinates": [
          -2.1417,
          46.8883
        ]
      },
      "properties": {
        "pb": null,
        "nom": "Pointe Notre Dame de Monts",
        "accessibilite": "Voiture",
        "villeProche": "",
        "structure": "Tour blanche haut noir",
        "validationExpedition": "Oui",
        "departement": "29",
        "wlotta": "Oui",
        "positionDMS": "46°53,3 N 002°08,5 W",
        "recherchePourcentage": "100%",
        "derniereActivite": "2001",
        "typePoint": "lighthouse",
        "urlId": 365
      }
    },
    {
      "type": "Feature",
      "id": "PBUNKNOWN",
      "geometry": {
        "type": "Point",
        "coordinates": [
          0.0,
          0.0
        ]
      },
      "properties": {
        "pb": null,
        "nom": "",
        "accessibilite": "",
        "villeProche": "",
        "structure": "",
        "validationExpedition": "",
        "departement": "29",
        "wlotta": "Non",
        "positionDMS": "",
        "recherchePourcentage": "",
        "derniereActivite": "",
        "typePoint": "lighthouse",
        "urlId": 366
      }
    },
    {
      "type": "Feature",
      "id": "PBUNKNOWN",
      "geometry": {
        "type": "Point",
        "coordinates": [
          -1.945,
          46.6983
        ]
      },
      "properties": {
        "pb": null,
        "nom": "Croix de Vie - Quai Avant",
        "accessibilite": "Voiture",
        "villeProche": "",
        "structure": "Tour carrée blanche haut rouge",
        "validationExpedition": "Oui",
        "departement": "29",
        "wlotta": "Oui",
        "positionDMS": "46°41,9 N 001°56,7 W",
        "recherchePourcentage": "100%",
        "derniereActivite": "2001",
        "typePoint": "lighthouse",
        "urlId": 367
      }
    },
    {
      "type": "Feature",
      "id": "PBUNKNOWN",
      "geometry": {
        "type": "Point",
        "coordinates": [
          -1.9433,
          46.7
        ]
      },
      "properties": {
        "pb": null,
        "nom": "Croix de Vie - Quai Arrière",
        "accessibilite": "Voiture",
        "villeProche": "",
        "structure": "Tour blanche haut rouge",
        "validationExpedition": "Oui",
        "departement": "29",
        "wlotta": "Oui",
        "positionDMS": "46°42,0 N 001°56,6 W",
        "recherchePourcentage": "100%",
        "derniereActivite": "2001",
        "typePoint": "lighthouse",
        "urlId": 368
      }
    },
    {
      "type": "Feature",
      "id": "PBUNKNOWN",
      "geometry": {
        "type": "Point",
        "coordinates": [
          -2.0317,
          46.9983
        ]
      },
      "properties": {
        "pb": null,
        "nom": "Etier des Brochets",
        "accessibilite": "Voiture",
        "villeProche": "",
        "structure": "Tour verte bande blanche",
        "validationExpedition": "Oui",
        "departement": "29",
        "wlotta": "Oui",
        "positionDMS": "46°59,9 N 002°01,9 W",
        "recherchePourcentage": "100%",
        "derniereActivite": "2016",
        "typePoint": "lighthouse",
        "urlId": 369
      }
    },
    {
      "type": "Feature",
      "id": "PBUNKNOWN",
      "geometry": {
        "type": "Point",
        "coordinates": [
          -2.075,
          46.94
        ]
      },
      "properties": {
        "pb": null,
        "nom": "Bec de L'Epoids",
        "accessibilite": "Voiture",
        "villeProche": "",
        "structure": "Tour carrée blanche haut rouge",
        "validationExpedition": "Oui",
        "departement": "29",
        "wlotta": "Oui",
        "positionDMS": "46°56,4 N 002°04,5 W",
        "recherchePourcentage": "100%",
        "derniereActivite": "2016",
        "typePoint": "lighthouse",
        "urlId": 370
      }
    },
    {
      "type": "Feature",
      "id": "PBUNKNOWN",
      "geometry": {
        "type": "Point",
        "coordinates": [
          -1.795,
          46.495
        ]
      },
      "properties": {
        "pb": null,
        "nom": "Tour de la Chaume",
        "accessibilite": "Voiture",
        "villeProche": "",
        "structure": "Tour carrée grise crénelée surmontée d'une tourelle blanche",
        "validationExpedition": "Oui",
        "departement": "29",
        "wlotta": "Oui",
        "positionDMS": "46°29,7 N 001°47,7 W",
        "recherchePourcentage": "100%",
        "derniereActivite": "2016",
        "typePoint": "lighthouse",
        "urlId": 371
      }
    },
    {
      "type": "Feature",
      "id": "PBUNKNOWN",
      "geometry": {
        "type": "Point",
        "coordinates": [
          -1.7917,
          46.49
        ]
      },
      "properties": {
        "pb": null,
        "nom": "Jetée des sables",
        "accessibilite": "A pieds",
        "villeProche": "",
        "structure": "Tour tronconique blanche haut vert",
        "validationExpedition": "Oui",
        "departement": "29",
        "wlotta": "Oui",
        "positionDMS": "46°29,4 N 001°47,5 W",
        "recherchePourcentage": "100%",
        "derniereActivite": "2001",
        "typePoint": "lighthouse",
        "urlId": 372
      }
    },
    {
      "type": "Feature",
      "id": "PBUNKNOWN",
      "geometry": {
        "type": "Point",
        "coordinates": [
          -1.7917,
          46.4867
        ]
      },
      "properties": {
        "pb": null,
        "nom": "Jetée St Nicolas",
        "accessibilite": "A pieds",
        "villeProche": "",
        "structure": "Tour blanche haut rouge",
        "validationExpedition": "Oui",
        "departement": "29",
        "wlotta": "Oui",
        "positionDMS": "46°29,2 N 001°47,5 W",
        "recherchePourcentage": "100%",
        "derniereActivite": "2016",
        "typePoint": "lighthouse",
        "urlId": 373
      }
    },
    {
      "type": "Feature",
      "id": "PBUNKNOWN",
      "geometry": {
        "type": "Point",
        "coordinates": [
          -1.795,
          46.4967
        ]
      },
      "properties": {
        "pb": null,
        "nom": "Entrée Arrière",
        "accessibilite": "Voiture",
        "villeProche": "",
        "structure": "Tour blanche lanterne rouge voyant rectangulaire rouge blanc rouge",
        "validationExpedition": "Oui",
        "departement": "29",
        "wlotta": "Oui",
        "positionDMS": "46°29,8 N 001°47,7 W",
        "recherchePourcentage": "100%",
        "derniereActivite": "2001",
        "typePoint": "lighthouse",
        "urlId": 374
      }
    },
    {
      "type": "Feature",
      "id": "PBUNKNOWN",
      "geometry": {
        "type": "Point",
        "coordinates": [
          -2.3817,
          46.7183
        ]
      },
      "properties": {
        "pb": null,
        "nom": "Ile d'Yeu",
        "accessibilite": "Bateau",
        "villeProche": "",
        "structure": "Validation expédition : Oui",
        "validationExpedition": "Oui",
        "departement": "29",
        "wlotta": "Oui",
        "positionDMS": "46°43,1 N 002°22,9 W",
        "recherchePourcentage": "100%",
        "derniereActivite": "Expéditions réalisées :",
        "typePoint": "lighthouse",
        "urlId": 375
      }
    },
    {
      "type": "Feature",
      "id": "PBUNKNOWN",
      "geometry": {
        "type": "Point",
        "coordinates": [
          -2.2217,
          47.0117
        ]
      },
      "properties": {
        "pb": null,
        "nom": "île de Noirmoutier",
        "accessibilite": "Voiture",
        "villeProche": "",
        "structure": "Validation expédition : Oui",
        "validationExpedition": "Oui",
        "departement": "29",
        "wlotta": "Oui",
        "positionDMS": "47°00,7 N 002°13,3 W",
        "recherchePourcentage": "100%",
        "derniereActivite": "2015",
        "typePoint": "lighthouse",
        "urlId": 376
      }
    },
    {
      "type": "Feature",
      "id": "PBUNKNOWN",
      "geometry": {
        "type": "Point",
        "coordinates": [
          9.1867,
          41.3667
        ]
      },
      "properties": {
        "pb": null,
        "nom": "Cap Pertusato",
        "accessibilite": "A Pieds",
        "villeProche": "",
        "structure": "Tour carrée blanche haut et angles noirs",
        "validationExpedition": "Oui",
        "departement": "29",
        "wlotta": "Oui",
        "positionDMS": "41°22,0 N 009°11,2 E",
        "recherchePourcentage": "100%",
        "derniereActivite": "Expéditions réalisées :",
        "typePoint": "lighthouse",
        "urlId": 377
      }
    },
    {
      "type": "Feature",
      "id": "PBUNKNOWN",
      "geometry": {
        "type": "Point",
        "coordinates": [
          8.6617,
          41.74
        ]
      },
      "properties": {
        "pb": null,
        "nom": "Cap de Muro",
        "accessibilite": "A Pieds",
        "villeProche": "",
        "structure": "Tour carrée blanche haut noir",
        "validationExpedition": "Oui",
        "departement": "29",
        "wlotta": "Oui",
        "positionDMS": "41°44,4 N 008°39,7 E",
        "recherchePourcentage": "100%",
        "derniereActivite": "Expéditions réalisées :",
        "typePoint": "lighthouse",
        "urlId": 378
      }
    },
    {
      "type": "Feature",
      "id": "PBUNKNOWN",
      "geometry": {
        "type": "Point",
        "coordinates": [
          8.7983,
          41.5583
        ]
      },
      "properties": {
        "pb": null,
        "nom": "Pointe Senetosa",
        "accessibilite": "A Pieds",
        "villeProche": "",
        "structure": "2 tours blanches haut noir",
        "validationExpedition": "Oui",
        "departement": "29",
        "wlotta": "Oui",
        "positionDMS": "41°33,5 N 008°47,9 E",
        "recherchePourcentage": "100%",
        "derniereActivite": "Expéditions réalisées :",
        "typePoint": "lighthouse",
        "urlId": 379
      }
    },
    {
      "type": "Feature",
      "id": "PBUNKNOWN",
      "geometry": {
        "type": "Point",
        "coordinates": [
          9.0967,
          41.3917
        ]
      },
      "properties": {
        "pb": null,
        "nom": "Cap de Feno",
        "accessibilite": "A Pieds",
        "villeProche": "",
        "structure": "Tour carrée blanche haut noir",
        "validationExpedition": "Oui",
        "departement": "29",
        "wlotta": "Oui",
        "positionDMS": "41°23,5 N 009°05,8 E",
        "recherchePourcentage": "100%",
        "derniereActivite": "Expéditions réalisées :",
        "typePoint": "lighthouse",
        "urlId": 380
      }
    },
    {
      "type": "Feature",
      "id": "PBUNKNOWN",
      "geometry": {
        "type": "Point",
        "coordinates": [
          9.3667,
          41.625
        ]
      },
      "properties": {
        "pb": null,
        "nom": "Pointe de Chiappa",
        "accessibilite": "Voiture",
        "villeProche": "",
        "structure": "Tour carrée blanche lanterne rouge",
        "validationExpedition": "Oui",
        "departement": "29",
        "wlotta": "Oui",
        "positionDMS": "41°37,5 N 009°22,0 E",
        "recherchePourcentage": "100%",
        "derniereActivite": "2006",
        "typePoint": "lighthouse",
        "urlId": 381
      }
    },
    {
      "type": "Feature",
      "id": "PBUNKNOWN",
      "geometry": {
        "type": "Point",
        "coordinates": [
          9.2583,
          41.335
        ]
      },
      "properties": {
        "pb": null,
        "nom": "Ile Lavezzi",
        "accessibilite": "Bateau",
        "villeProche": "",
        "structure": "Tour carrée et maison bandes blanches et rouges",
        "validationExpedition": "Oui",
        "departement": "29",
        "wlotta": "Oui",
        "positionDMS": "41°20,1 N 009°15,5 E",
        "recherchePourcentage": "100%",
        "derniereActivite": "2010",
        "typePoint": "lighthouse",
        "urlId": 382
      }
    },
    {
      "type": "Feature",
      "id": "PBUNKNOWN",
      "geometry": {
        "type": "Point",
        "coordinates": [
          8.595,
          41.8783
        ]
      },
      "properties": {
        "pb": null,
        "nom": "Ile Sanguinaires",
        "accessibilite": "Bateau",
        "villeProche": "",
        "structure": "Tour carrée blanche haut noir et maison blanche",
        "validationExpedition": "Oui",
        "departement": "29",
        "wlotta": "Oui",
        "positionDMS": "41°52,7 N 008°35,7 E",
        "recherchePourcentage": "100%",
        "derniereActivite": "2013",
        "typePoint": "lighthouse",
        "urlId": 383
      }
    },
    {
      "type": "Feature",
      "id": "PBUNKNOWN",
      "geometry": {
        "type": "Point",
        "coordinates": [
          0.0,
          0.0
        ]
      },
      "properties": {
        "pb": null,
        "nom": "",
        "accessibilite": "",
        "villeProche": "",
        "structure": "",
        "validationExpedition": "",
        "departement": "29",
        "wlotta": "Non",
        "positionDMS": "",
        "recherchePourcentage": "",
        "derniereActivite": "",
        "typePoint": "lighthouse",
        "urlId": 384
      }
    },
    {
      "type": "Feature",
      "id": "PBUNKNOWN",
      "geometry": {
        "type": "Point",
        "coordinates": [
          8.7417,
          41.915
        ]
      },
      "properties": {
        "pb": null,
        "nom": "Citadelle",
        "accessibilite": "A Pieds",
        "villeProche": "",
        "structure": "Tour blanche haut rouge",
        "validationExpedition": "Oui",
        "departement": "29",
        "wlotta": "Oui",
        "positionDMS": "41°54,9 N 008°44,5 E",
        "recherchePourcentage": "100%",
        "derniereActivite": "Expéditions réalisées :",
        "typePoint": "lighthouse",
        "urlId": 385
      }
    },
    {
      "type": "Feature",
      "id": "PBUNKNOWN",
      "geometry": {
        "type": "Point",
        "coordinates": [
          8.8967,
          41.6783
        ]
      },
      "properties": {
        "pb": null,
        "nom": "Propriano - Rocher Longo",
        "accessibilite": "A Pieds",
        "villeProche": "",
        "structure": "Tour blanche haut vert",
        "validationExpedition": "Oui",
        "departement": "29",
        "wlotta": "Oui",
        "positionDMS": "41°40,7 N 008°53,8 E",
        "recherchePourcentage": "100%",
        "derniereActivite": "Expéditions réalisées :",
        "typePoint": "lighthouse",
        "urlId": 386
      }
    },
    {
      "type": "Feature",
      "id": "PBUNKNOWN",
      "geometry": {
        "type": "Point",
        "coordinates": [
          0.0,
          0.0
        ]
      },
      "properties": {
        "pb": null,
        "nom": "",
        "accessibilite": "",
        "villeProche": "",
        "structure": "",
        "validationExpedition": "",
        "departement": "29",
        "wlotta": "Non",
        "positionDMS": "",
        "recherchePourcentage": "",
        "derniereActivite": "",
        "typePoint": "lighthouse",
        "urlId": 387
      }
    },
    {
      "type": "Feature",
      "id": "PBUNKNOWN",
      "geometry": {
        "type": "Point",
        "coordinates": [
          9.3567,
          41.6167
        ]
      },
      "properties": {
        "pb": null,
        "nom": "Pointe Saint Cyprien",
        "accessibilite": "A Pieds",
        "villeProche": "",
        "structure": "Tour carrée blanche lanterne noire",
        "validationExpedition": "Oui",
        "departement": "29",
        "wlotta": "Oui",
        "positionDMS": "41°37,0 N 009°21,4 E",
        "recherchePourcentage": "100%",
        "derniereActivite": "2002",
        "typePoint": "lighthouse",
        "urlId": 388
      }
    },
    {
      "type": "Feature",
      "id": "PBUNKNOWN",
      "geometry": {
        "type": "Point",
        "coordinates": [
          0.0,
          0.0
        ]
      },
      "properties": {
        "pb": null,
        "nom": "",
        "accessibilite": "",
        "villeProche": "",
        "structure": "",
        "validationExpedition": "",
        "departement": "29",
        "wlotta": "Non",
        "positionDMS": "",
        "recherchePourcentage": "",
        "derniereActivite": "",
        "typePoint": "lighthouse",
        "urlId": 389
      }
    },
    {
      "type": "Feature",
      "id": "PBUNKNOWN",
      "geometry": {
        "type": "Point",
        "coordinates": [
          9.2917,
          41.61
        ]
      },
      "properties": {
        "pb": null,
        "nom": "Pointe Sud de Pozzoli",
        "accessibilite": "Voiture",
        "villeProche": "",
        "structure": "Tourelle blanche haut noir",
        "validationExpedition": "Oui",
        "departement": "29",
        "wlotta": "Oui",
        "positionDMS": "41°36,6 N 009°17,5 E",
        "recherchePourcentage": "100%",
        "derniereActivite": "2009",
        "typePoint": "lighthouse",
        "urlId": 390
      }
    },
    {
      "type": "Feature",
      "id": "PBUNKNOWN",
      "geometry": {
        "type": "Point",
        "coordinates": [
          9.3167,
          41.3667
        ]
      },
      "properties": {
        "pb": null,
        "nom": "Rocher de Perduto",
        "accessibilite": "Bateau",
        "villeProche": "",
        "structure": "Tourelle noire et jaune",
        "validationExpedition": "Oui",
        "departement": "29",
        "wlotta": "Oui",
        "positionDMS": "41°22,0 N 009°19,0 E",
        "recherchePourcentage": "100%",
        "derniereActivite": "2011",
        "typePoint": "lighthouse",
        "urlId": 391
      }
    },
    {
      "type": "Feature",
      "id": "PBUNKNOWN",
      "geometry": {
        "type": "Point",
        "coordinates": [
          8.7417,
          41.915
        ]
      },
      "properties": {
        "pb": null,
        "nom": "Ile Corse",
        "accessibilite": "Bateau",
        "villeProche": "",
        "structure": "Validation expédition : Oui",
        "validationExpedition": "Oui",
        "departement": "29",
        "wlotta": "Oui",
        "positionDMS": "41°54,9 N 008°44,5 E",
        "recherchePourcentage": "100%",
        "derniereActivite": "2010",
        "typePoint": "lighthouse",
        "urlId": 392
      }
    },
    {
      "type": "Feature",
      "id": "PBUNKNOWN",
      "geometry": {
        "type": "Point",
        "coordinates": [
          8.5983,
          42.1317
        ]
      },
      "properties": {
        "pb": null,
        "nom": "Cargese - Jetée Sud",
        "accessibilite": "Voiture",
        "villeProche": "",
        "structure": "Tourelle blanche haut rouge",
        "validationExpedition": "Oui",
        "departement": "29",
        "wlotta": "Oui",
        "positionDMS": "42°07,9 N 008°35,9 E",
        "recherchePourcentage": "100%",
        "derniereActivite": "2006",
        "typePoint": "lighthouse",
        "urlId": 393
      }
    },
    {
      "type": "Feature",
      "id": "PBUNKNOWN",
      "geometry": {
        "type": "Point",
        "coordinates": [
          9.325,
          42.715
        ]
      },
      "properties": {
        "pb": null,
        "nom": "Pointe Vecchiaia",
        "accessibilite": "A Pieds",
        "villeProche": "",
        "structure": "Tour blanche haut rouge",
        "validationExpedition": "Oui",
        "departement": "29",
        "wlotta": "Oui",
        "positionDMS": "42°42,9 N 009°19,5 E",
        "recherchePourcentage": "100%",
        "derniereActivite": "Expéditions réalisées :",
        "typePoint": "lighthouse",
        "urlId": 394
      }
    },
    {
      "type": "Feature",
      "id": "PBUNKNOWN",
      "geometry": {
        "type": "Point",
        "coordinates": [
          8.9333,
          42.6433
        ]
      },
      "properties": {
        "pb": null,
        "nom": "Ile Rousse - La Pietra",
        "accessibilite": "A Pieds",
        "villeProche": "",
        "structure": "Tour carrée blanche haut vert et maison blanche",
        "validationExpedition": "Oui",
        "departement": "29",
        "wlotta": "Oui",
        "positionDMS": "42°38,6 N 008°56,0 E",
        "recherchePourcentage": "100%",
        "derniereActivite": "Expéditions réalisées :",
        "typePoint": "lighthouse",
        "urlId": 395
      }
    },
    {
      "type": "Feature",
      "id": "PBUNKNOWN",
      "geometry": {
        "type": "Point",
        "coordinates": [
          8.725,
          42.5817
        ]
      },
      "properties": {
        "pb": null,
        "nom": "Pointe Revellata",
        "accessibilite": "A Pieds",
        "villeProche": "",
        "structure": "Tour carrée blanche haut et angles noirs",
        "validationExpedition": "Oui",
        "departement": "29",
        "wlotta": "Oui",
        "positionDMS": "42°34,9 N 008°43,5 E",
        "recherchePourcentage": "100%",
        "derniereActivite": "Expéditions réalisées :",
        "typePoint": "lighthouse",
        "urlId": 396
      }
    },
    {
      "type": "Feature",
      "id": "PBUNKNOWN",
      "geometry": {
        "type": "Point",
        "coordinates": [
          9.4567,
          42.96
        ]
      },
      "properties": {
        "pb": null,
        "nom": "Macinaggio",
        "accessibilite": "Voiture",
        "villeProche": "",
        "structure": "Tour blanche haut rouge",
        "validationExpedition": "Oui",
        "departement": "29",
        "wlotta": "Oui",
        "positionDMS": "42°57,6 N 009°27,4 E",
        "recherchePourcentage": "100%",
        "derniereActivite": "2006",
        "typePoint": "lighthouse",
        "urlId": 397
      }
    },
    {
      "type": "Feature",
      "id": "PBUNKNOWN",
      "geometry": {
        "type": "Point",
        "coordinates": [
          9.4067,
          43.0267
        ]
      },
      "properties": {
        "pb": null,
        "nom": "Ile Giraglia",
        "accessibilite": "Bateau",
        "villeProche": "",
        "structure": "Tour blanche haut noir",
        "validationExpedition": "Oui",
        "departement": "29",
        "wlotta": "Oui",
        "positionDMS": "43°01,6 N 009°24,4 E",
        "recherchePourcentage": "100%",
        "derniereActivite": "2001",
        "typePoint": "lighthouse",
        "urlId": 398
      }
    },
    {
      "type": "Feature",
      "id": "PBUNKNOWN",
      "geometry": {
        "type": "Point",
        "coordinates": [
          9.5417,
          42.26
        ]
      },
      "properties": {
        "pb": null,
        "nom": "Alistro",
        "accessibilite": "Voiture",
        "villeProche": "",
        "structure": "Tour grise bâtiment rouge lanterne noire",
        "validationExpedition": "Oui",
        "departement": "29",
        "wlotta": "Oui",
        "positionDMS": "42°15,6 N 009°32,5 E",
        "recherchePourcentage": "100%",
        "derniereActivite": "2002",
        "typePoint": "lighthouse",
        "urlId": 399
      }
    },
    {
      "type": "Feature",
      "id": "PBUNKNOWN",
      "geometry": {
        "type": "Point",
        "coordinates": [
          8.7633,
          42.5667
        ]
      },
      "properties": {
        "pb": null,
        "nom": "Calvi - Jetée de la citadelle",
        "accessibilite": "A Pieds",
        "villeProche": "",
        "structure": "Tourelle carrée grise haut vert foncé",
        "validationExpedition": "Oui",
        "departement": "29",
        "wlotta": "Oui",
        "positionDMS": "42°34,0 N 008°45,8 E",
        "recherchePourcentage": "100%",
        "derniereActivite": "Expéditions réalisées :",
        "typePoint": "lighthouse",
        "urlId": 400
      }
    },
    {
      "type": "Feature",
      "id": "PBUNKNOWN",
      "geometry": {
        "type": "Point",
        "coordinates": [
          8.5333,
          42.3717
        ]
      },
      "properties": {
        "pb": null,
        "nom": "Ile Gargalu",
        "accessibilite": "Bateau",
        "villeProche": "",
        "structure": "Colonne blanche haut noir",
        "validationExpedition": "Oui",
        "departement": "29",
        "wlotta": "Oui",
        "positionDMS": "42°22,3 N 008°32,0 E",
        "recherchePourcentage": "100%",
        "derniereActivite": "Expéditions réalisées :",
        "typePoint": "lighthouse",
        "urlId": 401
      }
    },
    {
      "type": "Feature",
      "id": "PBUNKNOWN",
      "geometry": {
        "type": "Point",
        "coordinates": [
          9.2567,
          42.7167
        ]
      },
      "properties": {
        "pb": null,
        "nom": "Pointe Mortella",
        "accessibilite": "A Pieds",
        "villeProche": "",
        "structure": "Tour carrée blanche haut vert",
        "validationExpedition": "Oui",
        "departement": "29",
        "wlotta": "Oui",
        "positionDMS": "42°43,0 N 009°15,4 E",
        "recherchePourcentage": "100%",
        "derniereActivite": "Expéditions réalisées :",
        "typePoint": "lighthouse",
        "urlId": 402
      }
    },
    {
      "type": "Feature",
      "id": "PBUNKNOWN",
      "geometry": {
        "type": "Point",
        "coordinates": [
          8.94,
          42.64
        ]
      },
      "properties": {
        "pb": null,
        "nom": "Ile Rousse - Jetée",
        "accessibilite": "A Pieds",
        "villeProche": "",
        "structure": "Tour blanche haut vert foncé",
        "validationExpedition": "Oui",
        "departement": "29",
        "wlotta": "Oui",
        "positionDMS": "42°38,4 N 008°56,4 E",
        "recherchePourcentage": "100%",
        "derniereActivite": "Expéditions réalisées :",
        "typePoint": "lighthouse",
        "urlId": 403
      }
    },
    {
      "type": "Feature",
      "id": "PBUNKNOWN",
      "geometry": {
        "type": "Point",
        "coordinates": [
          9.4533,
          42.695
        ]
      },
      "properties": {
        "pb": null,
        "nom": "Bastia - Jetée du Dragon",
        "accessibilite": "A Pieds",
        "villeProche": "",
        "structure": "Tour gris clair haut gris foncé lanterne rouge",
        "validationExpedition": "Oui",
        "departement": "29",
        "wlotta": "Oui",
        "positionDMS": "42°41,7 N 009°27,2 E",
        "recherchePourcentage": "100%",
        "derniereActivite": "Expéditions réalisées :",
        "typePoint": "lighthouse",
        "urlId": 404
      }
    },
    {
      "type": "Feature",
      "id": "PBUNKNOWN",
      "geometry": {
        "type": "Point",
        "coordinates": [
          9.455,
          42.6983
        ]
      },
      "properties": {
        "pb": null,
        "nom": "Bastia - Jetée St Nicolas",
        "accessibilite": "A Pieds",
        "villeProche": "",
        "structure": "Tourelle haut vert",
        "validationExpedition": "Oui",
        "departement": "29",
        "wlotta": "Oui",
        "positionDMS": "42°41,9 N 009°27,3 E",
        "recherchePourcentage": "100%",
        "derniereActivite": "Expéditions réalisées :",
        "typePoint": "lighthouse",
        "urlId": 405
      }
    },
    {
      "type": "Feature",
      "id": "PBUNKNOWN",
      "geometry": {
        "type": "Point",
        "coordinates": [
          9.4917,
          42.7967
        ]
      },
      "properties": {
        "pb": null,
        "nom": "Cap Sagro",
        "accessibilite": "Voiture",
        "villeProche": "",
        "structure": "Tourelle blanche haut vert",
        "validationExpedition": "Oui",
        "departement": "29",
        "wlotta": "Oui",
        "positionDMS": "42°47,8 N 009°29,5 E",
        "recherchePourcentage": "100%",
        "derniereActivite": "Expéditions réalisées :",
        "typePoint": "lighthouse",
        "urlId": 406
      }
    },
    {
      "type": "Feature",
      "id": "PBUNKNOWN",
      "geometry": {
        "type": "Point",
        "coordinates": [
          2.3533,
          51.06
        ]
      },
      "properties": {
        "pb": null,
        "nom": "Musoir - Jetée Est",
        "accessibilite": "A Pieds",
        "villeProche": "",
        "structure": "Pylône blanc haut rouge",
        "validationExpedition": "Oui",
        "departement": "29",
        "wlotta": "Oui",
        "positionDMS": "51°03,6 N 002°21,2 E",
        "recherchePourcentage": "100%",
        "derniereActivite": "Expéditions réalisées :",
        "typePoint": "lighthouse",
        "urlId": 407
      }
    },
    {
      "type": "Feature",
      "id": "PBUNKNOWN",
      "geometry": {
        "type": "Point",
        "coordinates": [
          2.3683,
          51.0483
        ]
      },
      "properties": {
        "pb": null,
        "nom": "Ecluse Trystram - Arrière",
        "accessibilite": "Voiture",
        "villeProche": "",
        "structure": "Colonne blanche haut rouge",
        "validationExpedition": "Oui",
        "departement": "29",
        "wlotta": "Oui",
        "positionDMS": "51°02,9 N 002°22,1 E",
        "recherchePourcentage": "100%",
        "derniereActivite": "Expéditions réalisées :",
        "typePoint": "lighthouse",
        "urlId": 408
      }
    },
    {
      "type": "Feature",
      "id": "PBUNKNOWN",
      "geometry": {
        "type": "Point",
        "coordinates": [
          2.3667,
          51.05
        ]
      },
      "properties": {
        "pb": null,
        "nom": "Ecluse Trystram - Avant",
        "accessibilite": "Voiture",
        "villeProche": "",
        "structure": "Colonne blanche haut rouge",
        "validationExpedition": "Oui",
        "departement": "29",
        "wlotta": "Oui",
        "positionDMS": "51°03,0 N 002°22,0 E",
        "recherchePourcentage": "100%",
        "derniereActivite": "Expéditions réalisées :",
        "typePoint": "lighthouse",
        "urlId": 409
      }
    },
    {
      "type": "Feature",
      "id": "PBUNKNOWN",
      "geometry": {
        "type": "Point",
        "coordinates": [
          2.18,
          51.0
        ]
      },
      "properties": {
        "pb": null,
        "nom": "Direction 167",
        "accessibilite": "Voiture",
        "villeProche": "",
        "structure": "Cabane sur pylone",
        "validationExpedition": "Oui",
        "departement": "29",
        "wlotta": "Oui",
        "positionDMS": "51°00,0 N 002°10,8 E",
        "recherchePourcentage": "100%",
        "derniereActivite": "Expéditions réalisées :",
        "typePoint": "lighthouse",
        "urlId": 410
      }
    },
    {
      "type": "Feature",
      "id": "PBUNKNOWN",
      "geometry": {
        "type": "Point",
        "coordinates": [
          2.1633,
          51.0433
        ]
      },
      "properties": {
        "pb": null,
        "nom": "Jetée du Clipon",
        "accessibilite": "A Pieds",
        "villeProche": "",
        "structure": "Colonne blanche haut rouge",
        "validationExpedition": "Oui",
        "departement": "29",
        "wlotta": "Oui",
        "positionDMS": "51°02,6 N 002°09,8 E",
        "recherchePourcentage": "100%",
        "derniereActivite": "Expéditions réalisées :",
        "typePoint": "lighthouse",
        "urlId": 411
      }
    },
    {
      "type": "Feature",
      "id": "PBUNKNOWN",
      "geometry": {
        "type": "Point",
        "coordinates": [
          1.775,
          50.9533
        ]
      },
      "properties": {
        "pb": null,
        "nom": "Sangatte",
        "accessibilite": "Voiture",
        "villeProche": "",
        "structure": "Pylone blanc haut vert",
        "validationExpedition": "Oui",
        "departement": "29",
        "wlotta": "Oui",
        "positionDMS": "50°57,2 N 001°46,5 E",
        "recherchePourcentage": "100%",
        "derniereActivite": "Expéditions réalisées :",
        "typePoint": "lighthouse",
        "urlId": 412
      }
    },
    {
      "type": "Feature",
      "id": "PBUNKNOWN",
      "geometry": {
        "type": "Point",
        "coordinates": [
          1.6033,
          50.7267
        ]
      },
      "properties": {
        "pb": null,
        "nom": "Boulogne Arriere - Centre Quai Gambetta",
        "accessibilite": "Voiture",
        "villeProche": "",
        "structure": "Immeuble gris haut rouge",
        "validationExpedition": "Oui",
        "departement": "29",
        "wlotta": "Oui",
        "positionDMS": "50°43,6 N 001°36,2 E",
        "recherchePourcentage": "100%",
        "derniereActivite": "Expéditions réalisées :",
        "typePoint": "lighthouse",
        "urlId": 413
      }
    },
    {
      "type": "Feature",
      "id": "PBUNKNOWN",
      "geometry": {
        "type": "Point",
        "coordinates": [
          1.5667,
          50.7233
        ]
      },
      "properties": {
        "pb": null,
        "nom": "Boulogne Ro Ro Berths Range - Arrière",
        "accessibilite": "A Pieds",
        "villeProche": "",
        "structure": "Tour Rouge bande blanche",
        "validationExpedition": "Oui",
        "departement": "29",
        "wlotta": "Oui",
        "positionDMS": "50°43,4 N 001°34,0 E",
        "recherchePourcentage": "100%",
        "derniereActivite": "Expéditions réalisées :",
        "typePoint": "lighthouse",
        "urlId": 414
      }
    },
    {
      "type": "Feature",
      "id": "PBUNKNOWN",
      "geometry": {
        "type": "Point",
        "coordinates": [
          1.5683,
          50.7283
        ]
      },
      "properties": {
        "pb": null,
        "nom": "Boulogne Ro Ro Berths Range - Avant",
        "accessibilite": "A Pieds",
        "villeProche": "",
        "structure": "Tour Rouge bande blanche",
        "validationExpedition": "Oui",
        "departement": "29",
        "wlotta": "Oui",
        "positionDMS": "50°43,7 N 001°34,1 E",
        "recherchePourcentage": "100%",
        "derniereActivite": "Expéditions réalisées :",
        "typePoint": "lighthouse",
        "urlId": 415
      }
    },
    {
      "type": "Feature",
      "id": "PBUNKNOWN",
      "geometry": {
        "type": "Point",
        "coordinates": [
          1.6067,
          50.5483
        ]
      },
      "properties": {
        "pb": null,
        "nom": "Camiers",
        "accessibilite": "A Pieds",
        "villeProche": "",
        "structure": "Tour métallique rouge",
        "validationExpedition": "Oui",
        "departement": "29",
        "wlotta": "Oui",
        "positionDMS": "50°32,9 N 001°36,4 E",
        "recherchePourcentage": "100%",
        "derniereActivite": "Expéditions réalisées :",
        "typePoint": "lighthouse",
        "urlId": 416
      }
    },
    {
      "type": "Feature",
      "id": "PBUNKNOWN",
      "geometry": {
        "type": "Point",
        "coordinates": [
          1.6433,
          50.1867
        ]
      },
      "properties": {
        "pb": null,
        "nom": "Saint Valery Sur Somme - Quai du Commerce",
        "accessibilite": "A pieds",
        "villeProche": "",
        "structure": "Support blanc haut rouge",
        "validationExpedition": "Oui",
        "departement": "29",
        "wlotta": "Non",
        "positionDMS": "50°11,2 N 001°38,6 E",
        "recherchePourcentage": "100%",
        "derniereActivite": "2024",
        "typePoint": "lighthouse",
        "urlId": 417
      }
    },
    {
      "type": "Feature",
      "id": "PBUNKNOWN",
      "geometry": {
        "type": "Point",
        "coordinates": [
          1.6267,
          50.1917
        ]
      },
      "properties": {
        "pb": null,
        "nom": "Saint Valéry sur Somme Entrée",
        "accessibilite": "Voiture",
        "villeProche": "",
        "structure": "Pylône Vert",
        "validationExpedition": "Oui",
        "departement": "29",
        "wlotta": "Non",
        "positionDMS": "50°11,5 N 001°37,6 E",
        "recherchePourcentage": "100%",
        "derniereActivite": "2025",
        "typePoint": "lighthouse",
        "urlId": 418
      }
    },
    {
      "type": "Feature",
      "id": "PBUNKNOWN",
      "geometry": {
        "type": "Point",
        "coordinates": [
          1.6233,
          50.215
        ]
      },
      "properties": {
        "pb": null,
        "nom": "Le Crotoy Entrée Nord",
        "accessibilite": "Voiture, à pieds",
        "villeProche": "",
        "structure": "Pylône pyramidal Blanc",
        "validationExpedition": "Oui",
        "departement": "29",
        "wlotta": "Non",
        "positionDMS": "50°12,9 N 001°37,4 E",
        "recherchePourcentage": "100%",
        "derniereActivite": "Aucune",
        "typePoint": "lighthouse",
        "urlId": 419
      }
    },
    {
      "type": "Feature",
      "id": "PBUNKNOWN",
      "geometry": {
        "type": "Point",
        "coordinates": [
          0.15,
          49.6533
        ]
      },
      "properties": {
        "pb": null,
        "nom": "Chenal d'Antifer - Leading",
        "accessibilite": "Voiture",
        "villeProche": "",
        "structure": "Pylone",
        "validationExpedition": "Oui",
        "departement": "29",
        "wlotta": "Oui",
        "positionDMS": "49°39,2 N 000°09,0 E",
        "recherchePourcentage": "100%",
        "derniereActivite": "Expéditions réalisées :",
        "typePoint": "lighthouse",
        "urlId": 420
      }
    },
    {
      "type": "Feature",
      "id": "PBUNKNOWN",
      "geometry": {
        "type": "Point",
        "coordinates": [
          0.1533,
          49.6583
        ]
      },
      "properties": {
        "pb": null,
        "nom": "Antifer Terminal - Approach",
        "accessibilite": "Voiture",
        "villeProche": "",
        "structure": "Pylône blanc haut noir",
        "validationExpedition": "Oui",
        "departement": "29",
        "wlotta": "Oui",
        "positionDMS": "49°39,5 N 000°09,2 E",
        "recherchePourcentage": "100%",
        "derniereActivite": "Expéditions réalisées :",
        "typePoint": "lighthouse",
        "urlId": 421
      }
    },
    {
      "type": "Feature",
      "id": "PBUNKNOWN",
      "geometry": {
        "type": "Point",
        "coordinates": [
          0.1567,
          49.6367
        ]
      },
      "properties": {
        "pb": null,
        "nom": "Antifer Terminal Arrière",
        "accessibilite": "Voiture",
        "villeProche": "",
        "structure": "Pylone blanc haut vert",
        "validationExpedition": "Oui",
        "departement": "29",
        "wlotta": "Oui",
        "positionDMS": "49°38,2 N 000°09,4 E",
        "recherchePourcentage": "100%",
        "derniereActivite": "Expéditions réalisées :",
        "typePoint": "lighthouse",
        "urlId": 422
      }
    },
    {
      "type": "Feature",
      "id": "PBUNKNOWN",
      "geometry": {
        "type": "Point",
        "coordinates": [
          0.1283,
          49.67
        ]
      },
      "properties": {
        "pb": null,
        "nom": "Antifer Terminal - Amarrage 3",
        "accessibilite": "A Pieds",
        "villeProche": "",
        "structure": "Pylone blanc haut rouge",
        "validationExpedition": "Oui",
        "departement": "29",
        "wlotta": "Oui",
        "positionDMS": "49°40,2 N 000°07,7 E",
        "recherchePourcentage": "100%",
        "derniereActivite": "Expéditions réalisées :",
        "typePoint": "lighthouse",
        "urlId": 423
      }
    },
    {
      "type": "Feature",
      "id": "PBUNKNOWN",
      "geometry": {
        "type": "Point",
        "coordinates": [
          0.135,
          49.67
        ]
      },
      "properties": {
        "pb": null,
        "nom": "Antifer Terminal - Amarrage 2",
        "accessibilite": "A Pieds",
        "villeProche": "",
        "structure": "Pylone blanc haut rouge",
        "validationExpedition": "Oui",
        "departement": "29",
        "wlotta": "Oui",
        "positionDMS": "49°40,2 N 000°08,1 E",
        "recherchePourcentage": "100%",
        "derniereActivite": "Expéditions réalisées :",
        "typePoint": "lighthouse",
        "urlId": 424
      }
    },
    {
      "type": "Feature",
      "id": "PBUNKNOWN",
      "geometry": {
        "type": "Point",
        "coordinates": [
          0.1517,
          49.6383
        ]
      },
      "properties": {
        "pb": null,
        "nom": "Antifer Approach Avant",
        "accessibilite": "Voiture",
        "villeProche": "",
        "structure": "Pylone blanc haut vert",
        "validationExpedition": "Oui",
        "departement": "29",
        "wlotta": "Oui",
        "positionDMS": "49°38,3 N 000°09,1 E",
        "recherchePourcentage": "100%",
        "derniereActivite": "Expéditions réalisées :",
        "typePoint": "lighthouse",
        "urlId": 425
      }
    },
    {
      "type": "Feature",
      "id": "PBUNKNOWN",
      "geometry": {
        "type": "Point",
        "coordinates": [
          0.1383,
          49.4683
        ]
      },
      "properties": {
        "pb": null,
        "nom": "Le Havre - Digue Charles Laroch - Bassin rené Coty",
        "accessibilite": "A Pieds",
        "villeProche": "",
        "structure": "Tour pyramidale blanche haut vert",
        "validationExpedition": "Oui",
        "departement": "29",
        "wlotta": "Oui",
        "positionDMS": "49°28,1 N 000°08,3 E",
        "recherchePourcentage": "100%",
        "derniereActivite": "Expéditions réalisées :",
        "typePoint": "lighthouse",
        "urlId": 426
      }
    },
    {
      "type": "Feature",
      "id": "PBUNKNOWN",
      "geometry": {
        "type": "Point",
        "coordinates": [
          1.09,
          49.9333
        ]
      },
      "properties": {
        "pb": null,
        "nom": "Falaise du Pollet",
        "accessibilite": "Voiture",
        "villeProche": "",
        "structure": "Structure blanche et rouge",
        "validationExpedition": "Oui",
        "departement": "29",
        "wlotta": "Oui",
        "positionDMS": "49°56,0 N 001°05,4 E",
        "recherchePourcentage": "100%",
        "derniereActivite": "Expéditions réalisées :",
        "typePoint": "lighthouse",
        "urlId": 427
      }
    },
    {
      "type": "Feature",
      "id": "PBUNKNOWN",
      "geometry": {
        "type": "Point",
        "coordinates": [
          0.0767,
          49.365
        ]
      },
      "properties": {
        "pb": null,
        "nom": "Trouville - La Cahotte - Front",
        "accessibilite": "Voiture, à pieds",
        "villeProche": "",
        "structure": "Pylône blanc haut rouge",
        "validationExpedition": "Oui",
        "departement": "29",
        "wlotta": "Non",
        "positionDMS": "49°21,9 N 000°04,6 E",
        "recherchePourcentage": "100%",
        "derniereActivite": "Expéditions réalisées :",
        "typePoint": "lighthouse",
        "urlId": 428
      }
    },
    {
      "type": "Feature",
      "id": "PBUNKNOWN",
      "geometry": {
        "type": "Point",
        "coordinates": [
          0.0683,
          49.3733
        ]
      },
      "properties": {
        "pb": null,
        "nom": "Trouville - Enrochement Ouest",
        "accessibilite": "Bateau",
        "villeProche": "",
        "structure": "Pylône noir haut vert",
        "validationExpedition": "Oui",
        "departement": "29",
        "wlotta": "Non",
        "positionDMS": "49°22,4 N 000°04,1 E",
        "recherchePourcentage": "100%",
        "derniereActivite": "Expéditions réalisées :",
        "typePoint": "lighthouse",
        "urlId": 429
      }
    },
    {
      "type": "Feature",
      "id": "PBUNKNOWN",
      "geometry": {
        "type": "Point",
        "coordinates": [
          -0.2467,
          49.28
        ]
      },
      "properties": {
        "pb": null,
        "nom": "Ouistreham Rear",
        "accessibilite": "Voiture, à Pieds",
        "villeProche": "",
        "structure": "Tripode",
        "validationExpedition": "Oui",
        "departement": "29",
        "wlotta": "Non",
        "positionDMS": "49°16,8 N 000°14,8 W",
        "recherchePourcentage": "100%",
        "derniereActivite": "Expéditions réalisées :",
        "typePoint": "lighthouse",
        "urlId": 430
      }
    },
    {
      "type": "Feature",
      "id": "PBUNKNOWN",
      "geometry": {
        "type": "Point",
        "coordinates": [
          -0.4567,
          49.34
        ]
      },
      "properties": {
        "pb": null,
        "nom": "Courseulles sur Mer - Jetée Ouest submersible",
        "accessibilite": "Bateau, à Pieds",
        "villeProche": "",
        "structure": "Pylône haut vert",
        "validationExpedition": "Oui",
        "departement": "29",
        "wlotta": "Non",
        "positionDMS": "49°20,4 N 000°27,4 W",
        "recherchePourcentage": "100%",
        "derniereActivite": "Expéditions réalisées :",
        "typePoint": "lighthouse",
        "urlId": 431
      }
    },
    {
      "type": "Feature",
      "id": "PBUNKNOWN",
      "geometry": {
        "type": "Point",
        "coordinates": [
          -0.7567,
          49.3533
        ]
      },
      "properties": {
        "pb": null,
        "nom": "Port en Bessin - Jetée Ouest",
        "accessibilite": "A Pieds",
        "villeProche": "",
        "structure": "Pylône Vert",
        "validationExpedition": "Oui",
        "departement": "29",
        "wlotta": "Non",
        "positionDMS": "49°21,2 N 000°45,4 W",
        "recherchePourcentage": "100%",
        "derniereActivite": "Expéditions réalisées :",
        "typePoint": "lighthouse",
        "urlId": 432
      }
    },
    {
      "type": "Feature",
      "id": "PBUNKNOWN",
      "geometry": {
        "type": "Point",
        "coordinates": [
          -0.7583,
          49.35
        ]
      },
      "properties": {
        "pb": null,
        "nom": "Port en Bessin - Front",
        "accessibilite": "En voiture, à Pieds",
        "villeProche": "",
        "structure": "Pylône blanc haut vert",
        "validationExpedition": "Oui",
        "departement": "29",
        "wlotta": "Non",
        "positionDMS": "49°21,0 N 000°45,5 W",
        "recherchePourcentage": "100%",
        "derniereActivite": "Expéditions réalisées :",
        "typePoint": "lighthouse",
        "urlId": 433
      }
    },
    {
      "type": "Feature",
      "id": "PBUNKNOWN",
      "geometry": {
        "type": "Point",
        "coordinates": [
          -0.2467,
          49.285
        ]
      },
      "properties": {
        "pb": null,
        "nom": "Ouistreham - Jetée Est",
        "accessibilite": "A Pieds",
        "villeProche": "",
        "structure": "Pylône blanc haut rouge",
        "validationExpedition": "Oui",
        "departement": "29",
        "wlotta": "Non",
        "positionDMS": "49°17,1 N 000°14,8 W",
        "recherchePourcentage": "100%",
        "derniereActivite": "Expéditions réalisées :",
        "typePoint": "lighthouse",
        "urlId": 434
      }
    },
    {
      "type": "Feature",
      "id": "PBUNKNOWN",
      "geometry": {
        "type": "Point",
        "coordinates": [
          -1.0467,
          49.39
        ]
      },
      "properties": {
        "pb": null,
        "nom": "Grandcamp-Maisy - Rear",
        "accessibilite": "En Voiture, à Pieds",
        "villeProche": "",
        "structure": "Pylône blanc haut rouge",
        "validationExpedition": "Oui",
        "departement": "29",
        "wlotta": "Non",
        "positionDMS": "49°23,4 N 001°02,8 W",
        "recherchePourcentage": "100%",
        "derniereActivite": "Expéditions réalisées :",
        "typePoint": "lighthouse",
        "urlId": 435
      }
    },
    {
      "type": "Feature",
      "id": "PBUNKNOWN",
      "geometry": {
        "type": "Point",
        "coordinates": [
          -1.1133,
          49.3267
        ]
      },
      "properties": {
        "pb": null,
        "nom": "Carentan - Isigny 173°",
        "accessibilite": "En Voiture, à Pieds",
        "villeProche": "",
        "structure": "Pylône blanc",
        "validationExpedition": "Oui",
        "departement": "29",
        "wlotta": "Non",
        "positionDMS": "49°19,6 N 001°06,8 W",
        "recherchePourcentage": "100%",
        "derniereActivite": "Expéditions réalisées :",
        "typePoint": "lighthouse",
        "urlId": 436
      }
    },
    {
      "type": "Feature",
      "id": "PBUNKNOWN",
      "geometry": {
        "type": "Point",
        "coordinates": [
          -1.0483,
          49.39
        ]
      },
      "properties": {
        "pb": null,
        "nom": "Grandcamp-Maisy - Front",
        "accessibilite": "En Voiture, à Pieds",
        "villeProche": "",
        "structure": "Pylône blanc haut rouge",
        "validationExpedition": "Oui",
        "departement": "29",
        "wlotta": "Non",
        "positionDMS": "49°23,4 N 001°02,9 W",
        "recherchePourcentage": "100%",
        "derniereActivite": "Expéditions réalisées :",
        "typePoint": "lighthouse",
        "urlId": 437
      }
    },
    {
      "type": "Feature",
      "id": "PBUNKNOWN",
      "geometry": {
        "type": "Point",
        "coordinates": [
          -1.0467,
          49.385
        ]
      },
      "properties": {
        "pb": null,
        "nom": "Grandcamp-Maisy - La Maresquerie",
        "accessibilite": "En Voiture, à Pieds",
        "villeProche": "",
        "structure": "Pylône blanc",
        "validationExpedition": "Oui",
        "departement": "29",
        "wlotta": "Non",
        "positionDMS": "49°23,1 N 001°02,8 W",
        "recherchePourcentage": "100%",
        "derniereActivite": "Expéditions réalisées :",
        "typePoint": "lighthouse",
        "urlId": 438
      }
    },
    {
      "type": "Feature",
      "id": "PBUNKNOWN",
      "geometry": {
        "type": "Point",
        "coordinates": [
          -1.05,
          49.3917
        ]
      },
      "properties": {
        "pb": null,
        "nom": "Grandcamp-Maisy - Bout de la jetée Est",
        "accessibilite": "A Pieds",
        "villeProche": "",
        "structure": "Colonne blanche haut rouge",
        "validationExpedition": "Oui",
        "departement": "29",
        "wlotta": "Non",
        "positionDMS": "49°23,5 N 001°03,0 W",
        "recherchePourcentage": "100%",
        "derniereActivite": "Expéditions réalisées :",
        "typePoint": "lighthouse",
        "urlId": 439
      }
    },
    {
      "type": "Feature",
      "id": "PBUNKNOWN",
      "geometry": {
        "type": "Point",
        "coordinates": [
          -1.0417,
          49.39
        ]
      },
      "properties": {
        "pb": null,
        "nom": "Grandcamp-Maisy - Perre",
        "accessibilite": "En voiture, à Pieds",
        "villeProche": "",
        "structure": "Pylône blanc haut vert",
        "validationExpedition": "Oui",
        "departement": "29",
        "wlotta": "Non",
        "positionDMS": "49°23,4 N 001°02,5 W",
        "recherchePourcentage": "100%",
        "derniereActivite": "Expéditions réalisées :",
        "typePoint": "lighthouse",
        "urlId": 440
      }
    },
    {
      "type": "Feature",
      "id": "PBUNKNOWN",
      "geometry": {
        "type": "Point",
        "coordinates": [
          0.0,
          0.0
        ]
      },
      "properties": {
        "pb": null,
        "nom": "",
        "accessibilite": "",
        "villeProche": "",
        "structure": "",
        "validationExpedition": "",
        "departement": "29",
        "wlotta": "Non",
        "positionDMS": "",
        "recherchePourcentage": "",
        "derniereActivite": "",
        "typePoint": "lighthouse",
        "urlId": 441
      }
    },
    {
      "type": "Feature",
      "id": "PBUNKNOWN",
      "geometry": {
        "type": "Point",
        "coordinates": [
          0.0,
          0.0
        ]
      },
      "properties": {
        "pb": null,
        "nom": "",
        "accessibilite": "",
        "villeProche": "",
        "structure": "",
        "validationExpedition": "",
        "departement": "29",
        "wlotta": "Non",
        "positionDMS": "",
        "recherchePourcentage": "",
        "derniereActivite": "",
        "typePoint": "lighthouse",
        "urlId": 442
      }
    },
    {
      "type": "Feature",
      "id": "PBUNKNOWN",
      "geometry": {
        "type": "Point",
        "coordinates": [
          0.0,
          0.0
        ]
      },
      "properties": {
        "pb": null,
        "nom": "",
        "accessibilite": "",
        "villeProche": "",
        "structure": "",
        "validationExpedition": "",
        "departement": "29",
        "wlotta": "Non",
        "positionDMS": "",
        "recherchePourcentage": "",
        "derniereActivite": "",
        "typePoint": "lighthouse",
        "urlId": 443
      }
    },
    {
      "type": "Feature",
      "id": "PBUNKNOWN",
      "geometry": {
        "type": "Point",
        "coordinates": [
          0.0,
          0.0
        ]
      },
      "properties": {
        "pb": null,
        "nom": "",
        "accessibilite": "",
        "villeProche": "",
        "structure": "",
        "validationExpedition": "",
        "departement": "29",
        "wlotta": "Non",
        "positionDMS": "",
        "recherchePourcentage": "",
        "derniereActivite": "",
        "typePoint": "lighthouse",
        "urlId": 444
      }
    },
    {
      "type": "Feature",
      "id": "PB382",
      "geometry": {
        "type": "Point",
        "coordinates": [
          -3.895,
          47.85
        ]
      },
      "properties": {
        "pb": 382,
        "nom": "Baie de Pouldohan",
        "accessibilite": "Voiture",
        "villeProche": "",
        "structure": "Tour carrée blanche et verte",
        "validationExpedition": "Oui",
        "departement": "29",
        "wlotta": "Oui",
        "positionDMS": "47°51,0 N 003°53,7 W",
        "recherchePourcentage": "100%",
        "derniereActivite": "2016",
        "typePoint": "lighthouse",
        "urlId": 445
      }
    },
    {
      "type": "Feature",
      "id": "PB393",
      "geometry": {
        "type": "Point",
        "coordinates": [
          -3.91,
          47.8683
        ]
      },
      "properties": {
        "pb": 393,
        "nom": "Lanriec",
        "accessibilite": "Voiture",
        "villeProche": "",
        "structure": "Pylone blanc - Nom en vert sur pignon maison",
        "validationExpedition": "Oui",
        "departement": "29",
        "wlotta": "Oui",
        "positionDMS": "47°52,1 N 003°54,6 W",
        "recherchePourcentage": "100%",
        "derniereActivite": "2016",
        "typePoint": "lighthouse",
        "urlId": 446
      }
    },
    {
      "type": "Feature",
      "id": "PB401",
      "geometry": {
        "type": "Point",
        "coordinates": [
          -4.1117,
          47.8717
        ]
      },
      "properties": {
        "pb": 401,
        "nom": "Pointe du Coq",
        "accessibilite": "Voiture",
        "villeProche": "",
        "structure": "Tour blanche rayure verte",
        "validationExpedition": "Oui",
        "departement": "29",
        "wlotta": "Oui",
        "positionDMS": "47°52,3 N 004°06,7 W",
        "recherchePourcentage": "100%",
        "derniereActivite": "2016",
        "typePoint": "lighthouse",
        "urlId": 447
      }
    },
    {
      "type": "Feature",
      "id": "PBUNKNOWN",
      "geometry": {
        "type": "Point",
        "coordinates": [
          -1.2583,
          49.3367
        ]
      },
      "properties": {
        "pb": null,
        "nom": "Carentan Rear",
        "accessibilite": "Voiture",
        "villeProche": "",
        "structure": "Pylone blanc haut vert",
        "validationExpedition": "Oui",
        "departement": "29",
        "wlotta": "Non",
        "positionDMS": "49°20,2 N 001°15,5 W",
        "recherchePourcentage": "100 %",
        "derniereActivite": "Expéditions réalisées :",
        "typePoint": "lighthouse",
        "urlId": 448
      }
    },
    {
      "type": "Feature",
      "id": "PBUNKNOWN",
      "geometry": {
        "type": "Point",
        "coordinates": [
          -1.2733,
          49.5717
        ]
      },
      "properties": {
        "pb": null,
        "nom": "La Hougue Front",
        "accessibilite": "A pieds",
        "villeProche": "",
        "structure": "Pylone blanc haut vert",
        "validationExpedition": "Oui",
        "departement": "29",
        "wlotta": "Non",
        "positionDMS": "49°34,3 N 001°16,4 W",
        "recherchePourcentage": "100 %",
        "derniereActivite": "Expéditions réalisées :",
        "typePoint": "lighthouse",
        "urlId": 449
      }
    },
    {
      "type": "Feature",
      "id": "PBUNKNOWN",
      "geometry": {
        "type": "Point",
        "coordinates": [
          -1.185,
          49.3417
        ]
      },
      "properties": {
        "pb": null,
        "nom": "Carentan Front",
        "accessibilite": "Voiture",
        "villeProche": "",
        "structure": "Pylone blanc haut rouge",
        "validationExpedition": "Oui",
        "departement": "29",
        "wlotta": "Non",
        "positionDMS": "49°20,5 N 001°11,1 W",
        "recherchePourcentage": "100 %",
        "derniereActivite": "Expéditions réalisées :",
        "typePoint": "lighthouse",
        "urlId": 450
      }
    },
    {
      "type": "Feature",
      "id": "PBUNKNOWN",
      "geometry": {
        "type": "Point",
        "coordinates": [
          -1.795,
          46.495
        ]
      },
      "properties": {
        "pb": null,
        "nom": "Entrée Avant",
        "accessibilite": "Voiture",
        "villeProche": "",
        "structure": "Tour carrée blanche lanterne rouge voyant rectangulaire blanc rouge blanc",
        "validationExpedition": "Oui",
        "departement": "29",
        "wlotta": "Oui",
        "positionDMS": "46°29,7 N 001°47,7 W",
        "recherchePourcentage": "100%",
        "derniereActivite": "2016",
        "typePoint": "lighthouse",
        "urlId": 451
      }
    },
    {
      "type": "Feature",
      "id": "PBUNKNOWN",
      "geometry": {
        "type": "Point",
        "coordinates": [
          -1.64,
          49.6517
        ]
      },
      "properties": {
        "pb": null,
        "nom": "Bassin Napoléon - Common Rear",
        "accessibilite": "Voiture",
        "villeProche": "",
        "structure": "Pylône Gris haut blanc",
        "validationExpedition": "Oui",
        "departement": "29",
        "wlotta": "Non",
        "positionDMS": "49°39,1 N 001°38,4 W",
        "recherchePourcentage": "100 %",
        "derniereActivite": "Expéditions réalisées :",
        "typePoint": "lighthouse",
        "urlId": 452
      }
    },
    {
      "type": "Feature",
      "id": "PBUNKNOWN",
      "geometry": {
        "type": "Point",
        "coordinates": [
          -1.5983,
          49.655
        ]
      },
      "properties": {
        "pb": null,
        "nom": "Jetée des Flamands Est - Front",
        "accessibilite": "Voiture",
        "villeProche": "",
        "structure": "Pylône blanc sur cabane",
        "validationExpedition": "Oui",
        "departement": "29",
        "wlotta": "Non",
        "positionDMS": "49°39,3 N 001°35,9 W",
        "recherchePourcentage": "100 %",
        "derniereActivite": "Expéditions réalisées :",
        "typePoint": "lighthouse",
        "urlId": 453
      }
    },
    {
      "type": "Feature",
      "id": "PBUNKNOWN",
      "geometry": {
        "type": "Point",
        "coordinates": [
          0.0,
          0.0
        ]
      },
      "properties": {
        "pb": null,
        "nom": "Ile Pelée",
        "accessibilite": "Bateau",
        "villeProche": "",
        "structure": "Tour rouge et blanche",
        "validationExpedition": "Oui",
        "departement": "29",
        "wlotta": "Oui",
        "positionDMS": "4940,2 N 001°35,1 W",
        "recherchePourcentage": "100%",
        "derniereActivite": "Expéditions réalisées :",
        "typePoint": "lighthouse",
        "urlId": 454
      }
    },
    {
      "type": "Feature",
      "id": "PBUNKNOWN",
      "geometry": {
        "type": "Point",
        "coordinates": [
          -1.6167,
          49.6583
        ]
      },
      "properties": {
        "pb": null,
        "nom": "Jetée du Homet Range Front",
        "accessibilite": "A pieds",
        "villeProche": "",
        "structure": "Support blanc haut vert",
        "validationExpedition": "Oui",
        "departement": "29",
        "wlotta": "Oui",
        "positionDMS": "49°39,5 N 001°37,0 W",
        "recherchePourcentage": "100%",
        "derniereActivite": "Expéditions réalisées :",
        "typePoint": "lighthouse",
        "urlId": 455
      }
    },
    {
      "type": "Feature",
      "id": "PBUNKNOWN",
      "geometry": {
        "type": "Point",
        "coordinates": [
          -1.6317,
          49.66
        ]
      },
      "properties": {
        "pb": null,
        "nom": "Fort du Homet - Range Front",
        "accessibilite": "Voiture",
        "villeProche": "",
        "structure": "Marque triangulaire blanche sur lanterne",
        "validationExpedition": "Oui",
        "departement": "29",
        "wlotta": "Non",
        "positionDMS": "49°39,6 N 001°37,9 W",
        "recherchePourcentage": "100 %",
        "derniereActivite": "Expéditions réalisées :",
        "typePoint": "lighthouse",
        "urlId": 456
      }
    },
    {
      "type": "Feature",
      "id": "PBUNKNOWN",
      "geometry": {
        "type": "Point",
        "coordinates": [
          -1.6433,
          49.6533
        ]
      },
      "properties": {
        "pb": null,
        "nom": "Jetée des Flamands - Rear",
        "accessibilite": "Voiture",
        "villeProche": "",
        "structure": "Piedestal vert su maison",
        "validationExpedition": "Oui",
        "departement": "29",
        "wlotta": "Non",
        "positionDMS": "49°39,2 N 001°38,6 W",
        "recherchePourcentage": "100 %",
        "derniereActivite": "Expéditions réalisées :",
        "typePoint": "lighthouse",
        "urlId": 457
      }
    },
    {
      "type": "Feature",
      "id": "PBUNKNOWN",
      "geometry": {
        "type": "Point",
        "coordinates": [
          -1.9283,
          49.7333
        ]
      },
      "properties": {
        "pb": null,
        "nom": "La Plate - Ronde",
        "accessibilite": "Bateau",
        "villeProche": "",
        "structure": "Tour octogonale jaune haut noir",
        "validationExpedition": "Oui",
        "departement": "29",
        "wlotta": "Oui",
        "positionDMS": "49°44,0 N 001°55,7 W",
        "recherchePourcentage": "100%",
        "derniereActivite": "Expéditions réalisées :",
        "typePoint": "lighthouse",
        "urlId": 458
      }
    },
    {
      "type": "Feature",
      "id": "PBUNKNOWN",
      "geometry": {
        "type": "Point",
        "coordinates": [
          -1.5983,
          49.6717
        ]
      },
      "properties": {
        "pb": null,
        "nom": "Fort de l'Est - Digue centrale",
        "accessibilite": "Bateau",
        "villeProche": "",
        "structure": "Pylône blanc haut vert",
        "validationExpedition": "Oui",
        "departement": "29",
        "wlotta": "Oui",
        "positionDMS": "49°40,3 N 001°35,9 W",
        "recherchePourcentage": "100 %",
        "derniereActivite": "Expéditions réalisées :",
        "typePoint": "lighthouse",
        "urlId": 459
      }
    },
    {
      "type": "Feature",
      "id": "PBUNKNOWN",
      "geometry": {
        "type": "Point",
        "coordinates": [
          -1.7,
          49.3367
        ]
      },
      "properties": {
        "pb": null,
        "nom": "Portbail Rear",
        "accessibilite": "Voiture",
        "villeProche": "",
        "structure": "Dans le Clocher",
        "validationExpedition": "Oui",
        "departement": "29",
        "wlotta": "Non",
        "positionDMS": "49°20,2 N 001°42,0 W",
        "recherchePourcentage": "100 %",
        "derniereActivite": "Expéditions réalisées :",
        "typePoint": "lighthouse",
        "urlId": 460
      }
    },
    {
      "type": "Feature",
      "id": "PBUNKNOWN",
      "geometry": {
        "type": "Point",
        "coordinates": [
          -1.6033,
          48.8267
        ]
      },
      "properties": {
        "pb": null,
        "nom": "Le Loup",
        "accessibilite": "Bateau",
        "villeProche": "",
        "structure": "Tourelle noire et rouge",
        "validationExpedition": "Oui",
        "departement": "29",
        "wlotta": "Oui",
        "positionDMS": "48°49,6 N 001°36,2 W",
        "recherchePourcentage": "100%",
        "derniereActivite": "Expéditions réalisées :",
        "typePoint": "lighthouse",
        "urlId": 461
      }
    },
    {
      "type": "Feature",
      "id": "PBUNKNOWN",
      "geometry": {
        "type": "Point",
        "coordinates": [
          -1.6167,
          49.6467
        ]
      },
      "properties": {
        "pb": null,
        "nom": "Gare Maritime",
        "accessibilite": "Voiture",
        "villeProche": "",
        "structure": "Pylône gris , marque triangulaire banche",
        "validationExpedition": "Oui",
        "departement": "29",
        "wlotta": "Oui",
        "positionDMS": "49°38,8 N 001°37,0 W",
        "recherchePourcentage": "100%",
        "derniereActivite": "Expéditions réalisées :",
        "typePoint": "lighthouse",
        "urlId": 462
      }
    },
    {
      "type": "Feature",
      "id": "PBUNKNOWN",
      "geometry": {
        "type": "Point",
        "coordinates": [
          -1.8367,
          49.705
        ]
      },
      "properties": {
        "pb": null,
        "nom": "Omonville La Rogue",
        "accessibilite": "Voiture",
        "villeProche": "",
        "structure": "Pylône blanc haut rouge",
        "validationExpedition": "Oui",
        "departement": "29",
        "wlotta": "Oui",
        "positionDMS": "49°42,3 N 001°50,2 W",
        "recherchePourcentage": "100%",
        "derniereActivite": "Expéditions réalisées :",
        "typePoint": "lighthouse",
        "urlId": 463
      }
    },
    {
      "type": "Feature",
      "id": "PBUNKNOWN",
      "geometry": {
        "type": "Point",
        "coordinates": [
          -1.6417,
          49.6583
        ]
      },
      "properties": {
        "pb": null,
        "nom": "Jetée des Flamands - Anchorage Range",
        "accessibilite": "Voiture",
        "villeProche": "",
        "structure": "Pylône blanc",
        "validationExpedition": "Oui",
        "departement": "29",
        "wlotta": "Oui",
        "positionDMS": "49°39,5 N 001°38,5 W",
        "recherchePourcentage": "100%",
        "derniereActivite": "Expéditions réalisées :",
        "typePoint": "lighthouse",
        "urlId": 464
      }
    },
    {
      "type": "Feature",
      "id": "PBUNKNOWN",
      "geometry": {
        "type": "Point",
        "coordinates": [
          -1.6333,
          49.6583
        ]
      },
      "properties": {
        "pb": null,
        "nom": "Fort du Homet",
        "accessibilite": "Voiture",
        "villeProche": "",
        "structure": "Marque triangulaire blanche sur lanterne",
        "validationExpedition": "Oui",
        "departement": "29",
        "wlotta": "Oui",
        "positionDMS": "49°39,5 N 001°38,0 W",
        "recherchePourcentage": "100%",
        "derniereActivite": "Expéditions réalisées :",
        "typePoint": "lighthouse",
        "urlId": 465
      }
    },
    {
      "type": "Feature",
      "id": "PBUNKNOWN",
      "geometry": {
        "type": "Point",
        "coordinates": [
          -1.7083,
          49.33
        ]
      },
      "properties": {
        "pb": null,
        "nom": "La Callourie",
        "accessibilite": "Voiture",
        "villeProche": "",
        "structure": "Pylône blanc haut rouge",
        "validationExpedition": "Oui",
        "departement": "29",
        "wlotta": "Non",
        "positionDMS": "49°19,8 N 001°42,5 W",
        "recherchePourcentage": "100 %",
        "derniereActivite": "Expéditions réalisées :",
        "typePoint": "lighthouse",
        "urlId": 466
      }
    },
    {
      "type": "Feature",
      "id": "PBUNKNOWN",
      "geometry": {
        "type": "Point",
        "coordinates": [
          -1.7233,
          48.8917
        ]
      },
      "properties": {
        "pb": null,
        "nom": "Le Pignon (éteint en juillet 2022)",
        "accessibilite": "Bateau",
        "villeProche": "",
        "structure": "Tour noire bande blanche",
        "validationExpedition": "Oui",
        "departement": "29",
        "wlotta": "Oui",
        "positionDMS": "48°53,5 N 001°43,4 W",
        "recherchePourcentage": "100%",
        "derniereActivite": "Expéditions réalisées :",
        "typePoint": "lighthouse",
        "urlId": 467
      }
    },
    {
      "type": "Feature",
      "id": "PBUNKNOWN",
      "geometry": {
        "type": "Point",
        "coordinates": [
          -1.6,
          49.6517
        ]
      },
      "properties": {
        "pb": null,
        "nom": "Terre Plein du Mielles - Common Rear",
        "accessibilite": "Voiture",
        "villeProche": "",
        "structure": "Colonne blanche, bande noire, haut blanc",
        "validationExpedition": "Oui",
        "departement": "29",
        "wlotta": "Oui",
        "positionDMS": "49°39,1 N 001°36,0 W",
        "recherchePourcentage": "100%",
        "derniereActivite": "Expéditions réalisées :",
        "typePoint": "lighthouse",
        "urlId": 468
      }
    },
    {
      "type": "Feature",
      "id": "PBUNKNOWN",
      "geometry": {
        "type": "Point",
        "coordinates": [
          -1.8217,
          48.8733
        ]
      },
      "properties": {
        "pb": null,
        "nom": "La Crabiere",
        "accessibilite": "Bateau",
        "villeProche": "",
        "structure": "Tourelle haut jaune",
        "validationExpedition": "Oui",
        "departement": "29",
        "wlotta": "Oui",
        "positionDMS": "48°52,4 N 001°49,3 W",
        "recherchePourcentage": "100%",
        "derniereActivite": "Expéditions réalisées :",
        "typePoint": "lighthouse",
        "urlId": 469
      }
    },
    {
      "type": "Feature",
      "id": "PBUNKNOWN",
      "geometry": {
        "type": "Point",
        "coordinates": [
          -1.6183,
          49.6717
        ]
      },
      "properties": {
        "pb": null,
        "nom": "Cherbourg - Digue Centrale",
        "accessibilite": "Bateau",
        "villeProche": "",
        "structure": "Voir phares PB 115 et PB 391",
        "validationExpedition": "Oui",
        "departement": "29",
        "wlotta": "Oui",
        "positionDMS": "49°40,3 N 001°37,1 W",
        "recherchePourcentage": "100%",
        "derniereActivite": "Expéditions réalisées :",
        "typePoint": "lighthouse",
        "urlId": 470
      }
    },
    {
      "type": "Feature",
      "id": "PBUNKNOWN",
      "geometry": {
        "type": "Point",
        "coordinates": [
          -2.1367,
          48.6183
        ]
      },
      "properties": {
        "pb": null,
        "nom": "Saint Briac",
        "accessibilite": "Voiture",
        "villeProche": "",
        "structure": "Colonne blanche sur cabane blanche",
        "validationExpedition": "Oui",
        "departement": "29",
        "wlotta": "Oui",
        "positionDMS": "48°37,1 N 002°08,2 W",
        "recherchePourcentage": "100%",
        "derniereActivite": "Expéditions réalisées :",
        "typePoint": "lighthouse",
        "urlId": 471
      }
    },
    {
      "type": "Feature",
      "id": "PBUNKNOWN",
      "geometry": {
        "type": "Point",
        "coordinates": [
          -2.2433,
          48.64
        ]
      },
      "properties": {
        "pb": null,
        "nom": "Saint Cast - Môle",
        "accessibilite": "A pieds",
        "villeProche": "",
        "structure": "Pylône blanc haut vert",
        "validationExpedition": "Oui",
        "departement": "29",
        "wlotta": "Oui",
        "positionDMS": "48°38,4 N 002°14,6 W",
        "recherchePourcentage": "100%",
        "derniereActivite": "Expéditions réalisées :",
        "typePoint": "lighthouse",
        "urlId": 472
      }
    },
    {
      "type": "Feature",
      "id": "PBUNKNOWN",
      "geometry": {
        "type": "Point",
        "coordinates": [
          -2.63,
          48.6483
        ]
      },
      "properties": {
        "pb": null,
        "nom": "Le Rohein",
        "accessibilite": "Bateau",
        "villeProche": "",
        "structure": "Tourelle jaune noire jaune",
        "validationExpedition": "Oui",
        "departement": "29",
        "wlotta": "Oui",
        "positionDMS": "48°38,9 N 002°37,8 W",
        "recherchePourcentage": "100%",
        "derniereActivite": "Expéditions réalisées :",
        "typePoint": "lighthouse",
        "urlId": 473
      }
    },
    {
      "type": "Feature",
      "id": "PBUNKNOWN",
      "geometry": {
        "type": "Point",
        "coordinates": [
          -3.585,
          48.7783
        ]
      },
      "properties": {
        "pb": null,
        "nom": "Pointe de Lan Kerellec",
        "accessibilite": "Voiture",
        "villeProche": "",
        "structure": "Tour Grise",
        "validationExpedition": "Oui",
        "departement": "29",
        "wlotta": "Oui",
        "positionDMS": "48°46,7 N 003°35,1 W",
        "recherchePourcentage": "100%",
        "derniereActivite": "Expéditions réalisées :",
        "typePoint": "lighthouse",
        "urlId": 474
      }
    },
    {
      "type": "Feature",
      "id": "PBUNKNOWN",
      "geometry": {
        "type": "Point",
        "coordinates": [
          -3.4433,
          48.8033
        ]
      },
      "properties": {
        "pb": null,
        "nom": "Perros Guirec - Mole Ouest",
        "accessibilite": "Voiture",
        "villeProche": "",
        "structure": "Pilier blanc haut rouge",
        "validationExpedition": "Oui",
        "departement": "29",
        "wlotta": "Oui",
        "positionDMS": "48°48,2 N 003°26,6 W",
        "recherchePourcentage": "100%",
        "derniereActivite": "Expéditions réalisées :",
        "typePoint": "lighthouse",
        "urlId": 475
      }
    },
    {
      "type": "Feature",
      "id": "PBUNKNOWN",
      "geometry": {
        "type": "Point",
        "coordinates": [
          -3.4383,
          48.805
        ]
      },
      "properties": {
        "pb": null,
        "nom": "Perros Guirec - Jetée Est - Linkin",
        "accessibilite": "Voiture",
        "villeProche": "",
        "structure": "Tour blanche haut vert",
        "validationExpedition": "Oui",
        "departement": "29",
        "wlotta": "Oui",
        "positionDMS": "48°48,3 N 003°26,3 W",
        "recherchePourcentage": "100%",
        "derniereActivite": "Expéditions réalisées :",
        "typePoint": "lighthouse",
        "urlId": 476
      }
    },
    {
      "type": "Feature",
      "id": "PBUNKNOWN",
      "geometry": {
        "type": "Point",
        "coordinates": [
          0.0,
          0.0
        ]
      },
      "properties": {
        "pb": null,
        "nom": "",
        "accessibilite": "",
        "villeProche": "",
        "structure": "",
        "validationExpedition": "",
        "departement": "29",
        "wlotta": "Non",
        "positionDMS": "",
        "recherchePourcentage": "",
        "derniereActivite": "",
        "typePoint": "lighthouse",
        "urlId": 477
      }
    },
    {
      "type": "Feature",
      "id": "PBUNKNOWN",
      "geometry": {
        "type": "Point",
        "coordinates": [
          -3.0867,
          48.8267
        ]
      },
      "properties": {
        "pb": null,
        "nom": "Kermouster",
        "accessibilite": "Voiture",
        "villeProche": "",
        "structure": "Tour Blanche",
        "validationExpedition": "Oui",
        "departement": "29",
        "wlotta": "Non",
        "positionDMS": "48°49,6 N 003°05,2 W",
        "recherchePourcentage": "100%",
        "derniereActivite": "2024",
        "typePoint": "lighthouse",
        "urlId": 478
      }
    },
    {
      "type": "Feature",
      "id": "PBUNKNOWN",
      "geometry": {
        "type": "Point",
        "coordinates": [
          -3.4167,
          47.635
        ]
      },
      "properties": {
        "pb": null,
        "nom": "Pointe de la Croix",
        "accessibilite": "Bateau",
        "villeProche": "",
        "structure": "Lanterne rouge sur maison blanche",
        "validationExpedition": "Oui",
        "departement": "29",
        "wlotta": "Oui",
        "positionDMS": "47°38,1 N 003°25,0 W",
        "recherchePourcentage": "100%",
        "derniereActivite": "2016",
        "typePoint": "lighthouse",
        "urlId": 479
      }
    },
    {
      "type": "Feature",
      "id": "PBUNKNOWN",
      "geometry": {
        "type": "Point",
        "coordinates": [
          -3.2133,
          47.645
        ]
      },
      "properties": {
        "pb": null,
        "nom": "Etel",
        "accessibilite": "Voiture",
        "villeProche": "",
        "structure": "Tour rouge",
        "validationExpedition": "Oui",
        "departement": "29",
        "wlotta": "Oui",
        "positionDMS": "47°38,7 N 003°12,8 W",
        "recherchePourcentage": "100%",
        "derniereActivite": "2016",
        "typePoint": "lighthouse",
        "urlId": 480
      }
    },
    {
      "type": "Feature",
      "id": "PBUNKNOWN",
      "geometry": {
        "type": "Point",
        "coordinates": [
          0.0,
          0.0
        ]
      },
      "properties": {
        "pb": null,
        "nom": "",
        "accessibilite": "",
        "villeProche": "",
        "structure": "",
        "validationExpedition": "",
        "departement": "29",
        "wlotta": "Non",
        "positionDMS": "",
        "recherchePourcentage": "",
        "derniereActivite": "",
        "typePoint": "lighthouse",
        "urlId": 481
      }
    },
    {
      "type": "Feature",
      "id": "PBUNKNOWN",
      "geometry": {
        "type": "Point",
        "coordinates": [
          0.0,
          0.0
        ]
      },
      "properties": {
        "pb": null,
        "nom": "",
        "accessibilite": "",
        "villeProche": "",
        "structure": "",
        "validationExpedition": "",
        "departement": "29",
        "wlotta": "Non",
        "positionDMS": "",
        "recherchePourcentage": "",
        "derniereActivite": "",
        "typePoint": "lighthouse",
        "urlId": 482
      }
    },
    {
      "type": "Feature",
      "id": "PB410",
      "geometry": {
        "type": "Point",
        "coordinates": [
          -3.9683,
          48.73
        ]
      },
      "properties": {
        "pb": 410,
        "nom": "Men Guen Bras",
        "accessibilite": "Bateau",
        "villeProche": "",
        "structure": "Cardinal Nord",
        "validationExpedition": "Oui",
        "departement": "29",
        "wlotta": "Non",
        "positionDMS": "48°43,8 N 003°58,1 W",
        "recherchePourcentage": "100%",
        "derniereActivite": "Expéditions réalisées :",
        "typePoint": "lighthouse",
        "urlId": 483
      }
    },
    {
      "type": "Feature",
      "id": "PB436",
      "geometry": {
        "type": "Point",
        "coordinates": [
          -3.9717,
          48.7333
        ]
      },
      "properties": {
        "pb": 436,
        "nom": "Ile Pigued - Ar Chaden",
        "accessibilite": "Bateau",
        "villeProche": "",
        "structure": "Cardinale Sud",
        "validationExpedition": "Oui",
        "departement": "29",
        "wlotta": "Oui",
        "positionDMS": "48°44,0 N 003°58,3 W",
        "recherchePourcentage": "100%",
        "derniereActivite": "Expéditions réalisées :",
        "typePoint": "lighthouse",
        "urlId": 484
      }
    },
    {
      "type": "Feature",
      "id": "PB413",
      "geometry": {
        "type": "Point",
        "coordinates": [
          -4.565,
          48.5983
        ]
      },
      "properties": {
        "pb": 413,
        "nom": "Leading light - Aber Wrac'h",
        "accessibilite": "Voiture",
        "villeProche": "",
        "structure": "Support Blanc",
        "validationExpedition": "Oui",
        "departement": "29",
        "wlotta": "Oui",
        "positionDMS": "48°35,9 N 004°33,9 W",
        "recherchePourcentage": "100%",
        "derniereActivite": "Expéditions réalisées :",
        "typePoint": "lighthouse",
        "urlId": 485
      }
    },
    {
      "type": "Feature",
      "id": "PB414",
      "geometry": {
        "type": "Point",
        "coordinates": [
          -4.705,
          48.565
        ]
      },
      "properties": {
        "pb": 414,
        "nom": "Portsall",
        "accessibilite": "Voiture",
        "villeProche": "",
        "structure": "Colonne Blanche haut rouge",
        "validationExpedition": "Oui",
        "departement": "29",
        "wlotta": "Oui",
        "positionDMS": "48°33,9 N 004°42,3 W",
        "recherchePourcentage": "100%",
        "derniereActivite": "2023",
        "typePoint": "lighthouse",
        "urlId": 486
      }
    },
    {
      "type": "Feature",
      "id": "PB415",
      "geometry": {
        "type": "Point",
        "coordinates": [
          -5.0233,
          48.4667
        ]
      },
      "properties": {
        "pb": 415,
        "nom": "Men Korn",
        "accessibilite": "Bateau",
        "villeProche": "",
        "structure": "Cardinale Est",
        "validationExpedition": "Oui",
        "departement": "29",
        "wlotta": "Oui",
        "positionDMS": "48°28,0 N 005°01,4 W",
        "recherchePourcentage": "100%",
        "derniereActivite": "Expéditions réalisées :",
        "typePoint": "lighthouse",
        "urlId": 487
      }
    },
    {
      "type": "Feature",
      "id": "PB416",
      "geometry": {
        "type": "Point",
        "coordinates": [
          -4.9467,
          48.4117
        ]
      },
      "properties": {
        "pb": 416,
        "nom": "Les Trois Pierres",
        "accessibilite": "Bateau",
        "villeProche": "",
        "structure": "Colonne blanche",
        "validationExpedition": "Oui",
        "departement": "29",
        "wlotta": "Oui",
        "positionDMS": "48°24,7 N 004°56,8 W",
        "recherchePourcentage": "100%",
        "derniereActivite": "Expéditions réalisées :",
        "typePoint": "lighthouse",
        "urlId": 488
      }
    },
    {
      "type": "Feature",
      "id": "PB417",
      "geometry": {
        "type": "Point",
        "coordinates": [
          -4.955,
          48.3983
        ]
      },
      "properties": {
        "pb": 417,
        "nom": "Ile Molene - jetée",
        "accessibilite": "Bateau",
        "villeProche": "",
        "structure": "Colonne sur cabane",
        "validationExpedition": "Oui",
        "departement": "29",
        "wlotta": "Oui",
        "positionDMS": "48°23,9 N 004°57,3 W",
        "recherchePourcentage": "100%",
        "derniereActivite": "2018",
        "typePoint": "lighthouse",
        "urlId": 489
      }
    },
    {
      "type": "Feature",
      "id": "PB418",
      "geometry": {
        "type": "Point",
        "coordinates": [
          -4.77,
          48.3317
        ]
      },
      "properties": {
        "pb": 418,
        "nom": "Saint Mathieu - Feu Auxilliaire",
        "accessibilite": "Voiture",
        "villeProche": "",
        "structure": "Tour blanche",
        "validationExpedition": "Oui",
        "departement": "29",
        "wlotta": "Oui",
        "positionDMS": "48°19,9 N 004°46,2 W",
        "recherchePourcentage": "100%",
        "derniereActivite": "Expéditions réalisées :",
        "typePoint": "lighthouse",
        "urlId": 490
      }
    },
    {
      "type": "Feature",
      "id": "PB419",
      "geometry": {
        "type": "Point",
        "coordinates": [
          -4.5917,
          48.2817
        ]
      },
      "properties": {
        "pb": 419,
        "nom": "Camaret sur Mer - Môle Nord",
        "accessibilite": "A pieds",
        "villeProche": "",
        "structure": "Pylône blanc et vert",
        "validationExpedition": "Oui",
        "departement": "29",
        "wlotta": "Oui",
        "positionDMS": "48°16,9 N 004°35,5 W",
        "recherchePourcentage": "100%",
        "derniereActivite": "Expéditions réalisées :",
        "typePoint": "lighthouse",
        "urlId": 491
      }
    },
    {
      "type": "Feature",
      "id": "PB420",
      "geometry": {
        "type": "Point",
        "coordinates": [
          -4.59,
          48.34
        ]
      },
      "properties": {
        "pb": 420,
        "nom": "Roche Mengam",
        "accessibilite": "Bateau",
        "villeProche": "",
        "structure": "Tourelle noire rouge noire",
        "validationExpedition": "Oui",
        "departement": "29",
        "wlotta": "Oui",
        "positionDMS": "48°20,4 N 004°35,4 W",
        "recherchePourcentage": "100%",
        "derniereActivite": "Expéditions réalisées :",
        "typePoint": "lighthouse",
        "urlId": 492
      }
    },
    {
      "type": "Feature",
      "id": "PB422",
      "geometry": {
        "type": "Point",
        "coordinates": [
          -4.4917,
          48.38
        ]
      },
      "properties": {
        "pb": 422,
        "nom": "Brest Range Front",
        "accessibilite": "Voiture (attention secteur protégé Radio)",
        "villeProche": "",
        "structure": "Tour blanche ronde - Tour vigie - Base Navale",
        "validationExpedition": "Oui",
        "departement": "29",
        "wlotta": "Oui",
        "positionDMS": "48°22,8 N 004°29,5 W",
        "recherchePourcentage": "100%",
        "derniereActivite": "Expéditions réalisées :",
        "typePoint": "lighthouse",
        "urlId": 493
      }
    },
    {
      "type": "Feature",
      "id": "PB424",
      "geometry": {
        "type": "Point",
        "coordinates": [
          -4.49,
          48.3733
        ]
      },
      "properties": {
        "pb": 424,
        "nom": "Brest Range Rear",
        "accessibilite": "Voiture (attention secteur protégé Radio)",
        "villeProche": "",
        "structure": "Sur un point haut du château - Base Navale",
        "validationExpedition": "Oui",
        "departement": "29",
        "wlotta": "Oui",
        "positionDMS": "48°22,4 N 004°29,4 W",
        "recherchePourcentage": "100%",
        "derniereActivite": "Expéditions réalisées :",
        "typePoint": "lighthouse",
        "urlId": 494
      }
    },
    {
      "type": "Feature",
      "id": "PB425",
      "geometry": {
        "type": "Point",
        "coordinates": [
          -4.8133,
          48.025
        ]
      },
      "properties": {
        "pb": 425,
        "nom": "Le Chat",
        "accessibilite": "Bateau",
        "villeProche": "",
        "structure": "Tourelle noire haut jaune",
        "validationExpedition": "Oui",
        "departement": "29",
        "wlotta": "Oui",
        "positionDMS": "48°01,5 N 004°48,8 W",
        "recherchePourcentage": "100%",
        "derniereActivite": "Expéditions réalisées :",
        "typePoint": "lighthouse",
        "urlId": 495
      }
    },
    {
      "type": "Feature",
      "id": "PB426",
      "geometry": {
        "type": "Point",
        "coordinates": [
          -4.7583,
          48.04
        ]
      },
      "properties": {
        "pb": 426,
        "nom": "La Plate",
        "accessibilite": "Bateau",
        "villeProche": "",
        "structure": "Cardinale Ouest",
        "validationExpedition": "Oui",
        "departement": "29",
        "wlotta": "Oui",
        "positionDMS": "48°02,4 N 004°45,5 W",
        "recherchePourcentage": "100%",
        "derniereActivite": "Expéditions réalisées :",
        "typePoint": "lighthouse",
        "urlId": 496
      }
    },
    {
      "type": "Feature",
      "id": "PBUNKNOWN",
      "geometry": {
        "type": "Point",
        "coordinates": [
          0.0,
          0.0
        ]
      },
      "properties": {
        "pb": null,
        "nom": "",
        "accessibilite": "",
        "villeProche": "",
        "structure": "",
        "validationExpedition": "",
        "departement": "29",
        "wlotta": "Non",
        "positionDMS": "",
        "recherchePourcentage": "",
        "derniereActivite": "",
        "typePoint": "lighthouse",
        "urlId": 497
      }
    },
    {
      "type": "Feature",
      "id": "PB428",
      "geometry": {
        "type": "Point",
        "coordinates": [
          -4.2833,
          47.7883
        ]
      },
      "properties": {
        "pb": 428,
        "nom": "Mole de Lechiagat - Entrance range Front",
        "accessibilite": "A pieds",
        "villeProche": "",
        "structure": "Pylone blanc",
        "validationExpedition": "Oui",
        "departement": "29",
        "wlotta": "Oui",
        "positionDMS": "47°47,3 N 004°17,0 W",
        "recherchePourcentage": "100%",
        "derniereActivite": "Expéditions réalisées :",
        "typePoint": "lighthouse",
        "urlId": 498
      }
    },
    {
      "type": "Feature",
      "id": "PB429",
      "geometry": {
        "type": "Point",
        "coordinates": [
          -4.3383,
          47.7883
        ]
      },
      "properties": {
        "pb": 429,
        "nom": "locarec Rocher",
        "accessibilite": "Bateau",
        "villeProche": "",
        "structure": "Colonne métallique sur le rocher",
        "validationExpedition": "Oui",
        "departement": "29",
        "wlotta": "Oui",
        "positionDMS": "47°47,3 N 004°20,3 W",
        "recherchePourcentage": "100%",
        "derniereActivite": "Expéditions réalisées :",
        "typePoint": "lighthouse",
        "urlId": 499
      }
    },
    {
      "type": "Feature",
      "id": "PBUNKNOWN",
      "geometry": {
        "type": "Point",
        "coordinates": [
          0.0,
          0.0
        ]
      },
      "properties": {
        "pb": null,
        "nom": "",
        "accessibilite": "",
        "villeProche": "",
        "structure": "",
        "validationExpedition": "",
        "departement": "29",
        "wlotta": "Non",
        "positionDMS": "",
        "recherchePourcentage": "",
        "derniereActivite": "",
        "typePoint": "lighthouse",
        "urlId": 500
      }
    },
    {
      "type": "Feature",
      "id": "PB431",
      "geometry": {
        "type": "Point",
        "coordinates": [
          -4.2833,
          47.7917
        ]
      },
      "properties": {
        "pb": 431,
        "nom": "Mole de Lechiagat - Middle",
        "accessibilite": "A pieds",
        "villeProche": "",
        "structure": "Pylone avec marque circulaire rouge",
        "validationExpedition": "Oui",
        "departement": "29",
        "wlotta": "Oui",
        "positionDMS": "47°47,5 N 004°17,0 W",
        "recherchePourcentage": "100%",
        "derniereActivite": "Expéditions réalisées :",
        "typePoint": "lighthouse",
        "urlId": 501
      }
    },
    {
      "type": "Feature",
      "id": "PB432",
      "geometry": {
        "type": "Point",
        "coordinates": [
          -4.21,
          47.7967
        ]
      },
      "properties": {
        "pb": 432,
        "nom": "Men Ar Groas - Lesconil",
        "accessibilite": "Voiture",
        "villeProche": "",
        "structure": "Tour blanche haut vert",
        "validationExpedition": "Oui",
        "departement": "29",
        "wlotta": "Oui",
        "positionDMS": "47°47,8 N 004°12,6 W",
        "recherchePourcentage": "100%",
        "derniereActivite": "Expéditions réalisées :",
        "typePoint": "lighthouse",
        "urlId": 502
      }
    },
    {
      "type": "Feature",
      "id": "PB435",
      "geometry": {
        "type": "Point",
        "coordinates": [
          -3.925,
          47.8583
        ]
      },
      "properties": {
        "pb": 435,
        "nom": "Le Cochon",
        "accessibilite": "Bateau",
        "villeProche": "",
        "structure": "Tour verte",
        "validationExpedition": "Oui",
        "departement": "29",
        "wlotta": "Oui",
        "positionDMS": "47°51,5 N 003°55,5 W",
        "recherchePourcentage": "100%",
        "derniereActivite": "Expéditions réalisées :",
        "typePoint": "lighthouse",
        "urlId": 503
      }
    },
    {
      "type": "Feature",
      "id": "PB443",
      "geometry": {
        "type": "Point",
        "coordinates": [
          -3.9133,
          47.8717
        ]
      },
      "properties": {
        "pb": 443,
        "nom": "Passage de Lanriec - Ville close",
        "accessibilite": "Voiture",
        "villeProche": "",
        "structure": "Pylone blanc",
        "validationExpedition": "Oui",
        "departement": "29",
        "wlotta": "Oui",
        "positionDMS": "47°52,3 N 003°54,8 W",
        "recherchePourcentage": "100%",
        "derniereActivite": "Expéditions réalisées :",
        "typePoint": "lighthouse",
        "urlId": 504
      }
    },
    {
      "type": "Feature",
      "id": "PB412",
      "geometry": {
        "type": "Point",
        "coordinates": [
          -3.855,
          47.795
        ]
      },
      "properties": {
        "pb": 412,
        "nom": "Trevignon - Shelter",
        "accessibilite": "A pieds",
        "villeProche": "",
        "structure": "Colonne blanche haut vert",
        "validationExpedition": "Oui",
        "departement": "29",
        "wlotta": "Oui",
        "positionDMS": "47°47,7 N 003°51,3 W",
        "recherchePourcentage": "100%",
        "derniereActivite": "Expéditions réalisées :",
        "typePoint": "lighthouse",
        "urlId": 505
      }
    },
    {
      "type": "Feature",
      "id": "PB437",
      "geometry": {
        "type": "Point",
        "coordinates": [
          -3.67,
          47.7817
        ]
      },
      "properties": {
        "pb": 437,
        "nom": "Brigneau",
        "accessibilite": "Voiture",
        "villeProche": "",
        "structure": "Colonne blanche haut rouge",
        "validationExpedition": "Oui",
        "departement": "29",
        "wlotta": "Oui",
        "positionDMS": "47°46,9 N 003°40,2 W",
        "recherchePourcentage": "100%",
        "derniereActivite": "Expéditions réalisées :",
        "typePoint": "lighthouse",
        "urlId": 506
      }
    },
    {
      "type": "Feature",
      "id": "PBUNKNOWN",
      "geometry": {
        "type": "Point",
        "coordinates": [
          -4.96,
          48.395
        ]
      },
      "properties": {
        "pb": null,
        "nom": "Ile de Molene",
        "accessibilite": "Bateau",
        "villeProche": "",
        "structure": "Validation expédition : Oui",
        "validationExpedition": "Oui",
        "departement": "29",
        "wlotta": "Oui",
        "positionDMS": "48°23,7 N 004°57,6 W",
        "recherchePourcentage": "100%",
        "derniereActivite": "Expéditions réalisées :",
        "typePoint": "lighthouse",
        "urlId": 507
      }
    }
  ]
}