{
  "type": "FeatureCollection",
  "features": [
    {
      "type": "Feature",
      "id": "PB45",
      "geometry": {
        "type": "Point",
        "coordinates": [
          0.5216666666666667,
          49.471666666666664
        ]
      },
      "properties": {
        "pb": 45,
        "nom": "Quillebeuf sur Seine",
        "departement": "27",
        "wlotta": "Position Géographique : 49°28,3 N 000°31,3 E",
        "accessibilite": "Voiture",
        "villeProche": "",
        "structure": "Tour blanche haut vert",
        "validationExpedition": "Oui",
        "positionDMS": "49°28,3 N 000°31,3 E",
        "recherchePourcentage": "81%",
        "derniereActivite": "2022",
        "typePoint": "lighthouse"
      }
    },
    {
      "type": "Feature",
      "id": "PB47",
      "geometry": {
        "type": "Point",
        "coordinates": [
          -4.141666666666667,
          43.48833333333334
        ]
      },
      "properties": {
        "pb": 47,
        "nom": "Pointe de l'Espiguette",
        "departement": "30",
        "wlotta": "Position Géographique : 43°29,3 N 004°08,5 W",
        "accessibilite": "A Pieds",
        "villeProche": "",
        "structure": "Tour carrée blanche haut noir",
        "validationExpedition": "Oui",
        "positionDMS": "43°29,3 N 004°08,5 W",
        "recherchePourcentage": "76%",
        "derniereActivite": "2009",
        "typePoint": "lighthouse"
      }
    },
    {
      "type": "Feature",
      "id": "PB48",
      "geometry": {
        "type": "Point",
        "coordinates": [
          -4.131666666666667,
          43.535
        ]
      },
      "properties": {
        "pb": 48,
        "nom": "Le Grau du Roi - Jetée Est",
        "departement": "30",
        "wlotta": "Position Géographique : 43°32,1 N 004°07,9 W",
        "accessibilite": "A Pieds",
        "villeProche": "",
        "structure": "Tour carrée blanche haut noir",
        "validationExpedition": "Oui",
        "positionDMS": "43°32,1 N 004°07,9 W",
        "recherchePourcentage": "100%",
        "derniereActivite": "Expéditions réalisées :",
        "typePoint": "lighthouse"
      }
    },
    {
      "type": "Feature",
      "id": "PB49",
      "geometry": {
        "type": "Point",
        "coordinates": [
          3.055,
          42.90833333333333
        ]
      },
      "properties": {
        "pb": 49,
        "nom": "Cap Leucate",
        "departement": "11",
        "wlotta": "Non",
        "accessibilite": "Voiture",
        "villeProche": "",
        "structure": "Tour blanche haut rouge",
        "validationExpedition": "Oui",
        "positionDMS": "42°54,5 N 003°03,3 E",
        "recherchePourcentage": "57%",
        "derniereActivite": "2024",
        "typePoint": "lighthouse"
      }
    },
    {
      "type": "Feature",
      "id": "PB50",
      "geometry": {
        "type": "Point",
        "coordinates": [
          3.1816666666666666,
          43.17333333333333
        ]
      },
      "properties": {
        "pb": 50,
        "nom": "Bassin des Exals",
        "departement": "11",
        "wlotta": "Non",
        "accessibilite": "Voiture, à pieds",
        "villeProche": "",
        "structure": "Tour métallique grise",
        "validationExpedition": "Oui",
        "positionDMS": "43°10,4 N 003°10,9 E",
        "recherchePourcentage": "100%",
        "derniereActivite": "Expéditions réalisées :",
        "typePoint": "lighthouse"
      }
    },
    {
      "type": "Feature",
      "id": "PB51",
      "geometry": {
        "type": "Point",
        "coordinates": [
          3.07,
          43.013333333333335
        ]
      },
      "properties": {
        "pb": 51,
        "nom": "Port La Nouvelle - Jetée Sud",
        "departement": "11",
        "wlotta": "Non",
        "accessibilite": "A pieds",
        "villeProche": "",
        "structure": "Tour blanche haut rouge",
        "validationExpedition": "Oui",
        "positionDMS": "43°00,8 N 003°04,2 E",
        "recherchePourcentage": "100%",
        "derniereActivite": "2011",
        "typePoint": "lighthouse"
      }
    },
    {
      "type": "Feature",
      "id": "PB52",
      "geometry": {
        "type": "Point",
        "coordinates": [
          3.03,
          43.02166666666667
        ]
      },
      "properties": {
        "pb": 52,
        "nom": "Port La Nouvelle - Feu arrière",
        "departement": "11",
        "wlotta": "Non",
        "accessibilite": "Voiture, à pieds",
        "villeProche": "",
        "structure": "Tour",
        "validationExpedition": "Oui",
        "positionDMS": "43°01,3 N 003°01,8 E",
        "recherchePourcentage": "100%",
        "derniereActivite": "Expéditions réalisées :",
        "typePoint": "lighthouse"
      }
    },
    {
      "type": "Feature",
      "id": "PB71",
      "geometry": {
        "type": "Point",
        "coordinates": [
          5.328333333333333,
          43.28
        ]
      },
      "properties": {
        "pb": 71,
        "nom": "Ile du Château d'If",
        "departement": "13",
        "wlotta": "1312",
        "accessibilite": "Bateau",
        "villeProche": "",
        "structure": "Tour blanche haut rouge",
        "validationExpedition": "Oui",
        "positionDMS": "43°16,8 N 005°19,7 E",
        "recherchePourcentage": "62%",
        "derniereActivite": "1998",
        "typePoint": "lighthouse"
      }
    },
    {
      "type": "Feature",
      "id": "PB72",
      "geometry": {
        "type": "Point",
        "coordinates": [
          4.6883333333333335,
          43.35666666666667
        ]
      },
      "properties": {
        "pb": 72,
        "nom": "Etang de Faraman",
        "departement": "13",
        "wlotta": "Non",
        "accessibilite": "A Pieds",
        "villeProche": "",
        "structure": "Tour bandes blanches et noires",
        "validationExpedition": "Oui",
        "positionDMS": "43°21,4 N 004°41,3 E",
        "recherchePourcentage": "100%",
        "derniereActivite": "Expéditions réalisées :",
        "typePoint": "lighthouse"
      }
    },
    {
      "type": "Feature",
      "id": "PB73",
      "geometry": {
        "type": "Point",
        "coordinates": [
          5.23,
          43.19833333333333
        ]
      },
      "properties": {
        "pb": 73,
        "nom": "Ile du Planier",
        "departement": "13",
        "wlotta": "0109",
        "accessibilite": "Bateau",
        "villeProche": "",
        "structure": "Tour blanche",
        "validationExpedition": "Oui",
        "positionDMS": "43°11,9 N 005°13,8 E",
        "recherchePourcentage": "100%",
        "derniereActivite": "Expéditions réalisées :",
        "typePoint": "lighthouse"
      }
    },
    {
      "type": "Feature",
      "id": "PB74",
      "geometry": {
        "type": "Point",
        "coordinates": [
          4.57,
          43.455
        ]
      },
      "properties": {
        "pb": 74,
        "nom": "La Gacholle",
        "departement": "13",
        "wlotta": "Non",
        "accessibilite": "A Pieds",
        "villeProche": "",
        "structure": "Tour carrée blanche haut noir",
        "validationExpedition": "Oui",
        "positionDMS": "43°27,3 N 004°34,2 E",
        "recherchePourcentage": "100%",
        "derniereActivite": "Expéditions réalisées :",
        "typePoint": "lighthouse"
      }
    },
    {
      "type": "Feature",
      "id": "PB75",
      "geometry": {
        "type": "Point",
        "coordinates": [
          4.9399999999999995,
          43.428333333333335
        ]
      },
      "properties": {
        "pb": 75,
        "nom": "Pointe de Saint Gervais",
        "departement": "13",
        "wlotta": "2736",
        "accessibilite": "Voiture",
        "villeProche": "",
        "structure": "Tour grise haut vert",
        "validationExpedition": "Oui",
        "positionDMS": "43°25,7 N 004°56,4 E",
        "recherchePourcentage": "100%",
        "derniereActivite": "Expéditions réalisées :",
        "typePoint": "lighthouse"
      }
    },
    {
      "type": "Feature",
      "id": "PB76",
      "geometry": {
        "type": "Point",
        "coordinates": [
          4.585,
          43.365
        ]
      },
      "properties": {
        "pb": 76,
        "nom": "Beauduc - Pointe du Sablon",
        "departement": "13",
        "wlotta": "Non",
        "accessibilite": "A Pieds",
        "villeProche": "",
        "structure": "Tour blanche haut noir",
        "validationExpedition": "Oui",
        "positionDMS": "43°21,9 N 004°35,1 E",
        "recherchePourcentage": "100%",
        "derniereActivite": "Expéditions réalisées :",
        "typePoint": "lighthouse"
      }
    },
    {
      "type": "Feature",
      "id": "PB77",
      "geometry": {
        "type": "Point",
        "coordinates": [
          5.053333333333334,
          43.325
        ]
      },
      "properties": {
        "pb": 77,
        "nom": "Cap Couronne",
        "departement": "13",
        "wlotta": "Non",
        "accessibilite": "Voiture",
        "villeProche": "",
        "structure": "Tour blanche haut rouge",
        "validationExpedition": "Oui",
        "positionDMS": "43°19,5 N 005°03,2 E",
        "recherchePourcentage": "100%",
        "derniereActivite": "2024",
        "typePoint": "lighthouse"
      }
    },
    {
      "type": "Feature",
      "id": "PB78",
      "geometry": {
        "type": "Point",
        "coordinates": [
          5.355,
          43.295
        ]
      },
      "properties": {
        "pb": 78,
        "nom": "Pointe de la Desirade",
        "departement": "13",
        "wlotta": "Non",
        "accessibilite": "Voiture, à Pieds",
        "villeProche": "",
        "structure": "Tour blanche lanterne verte",
        "validationExpedition": "Oui",
        "positionDMS": "43°17,7 N 005°21,3 E",
        "recherchePourcentage": "100%",
        "derniereActivite": "Expéditions réalisées :",
        "typePoint": "lighthouse"
      }
    },
    {
      "type": "Feature",
      "id": "PB79",
      "geometry": {
        "type": "Point",
        "coordinates": [
          4.985,
          43.39333333333333
        ]
      },
      "properties": {
        "pb": 79,
        "nom": "Port de Bouc - Tour du Fort",
        "departement": "13",
        "wlotta": "Non",
        "accessibilite": "A Pieds",
        "villeProche": "",
        "structure": "Tour blanche",
        "validationExpedition": "Oui",
        "positionDMS": "43°23,6 N 004°59,1 E",
        "recherchePourcentage": "100%",
        "derniereActivite": "Expéditions réalisées :",
        "typePoint": "lighthouse"
      }
    },
    {
      "type": "Feature",
      "id": "PB80",
      "geometry": {
        "type": "Point",
        "coordinates": [
          4.805,
          43.385
        ]
      },
      "properties": {
        "pb": 80,
        "nom": "Port Saint Louis du Rhône",
        "departement": "13",
        "wlotta": "Non",
        "accessibilite": "Voiture, à Pieds",
        "villeProche": "",
        "structure": "Tour carrée grise lanterne grise",
        "validationExpedition": "Oui",
        "positionDMS": "43°23,1 N 004°48,3 E",
        "recherchePourcentage": "100%",
        "derniereActivite": "Expéditions réalisées :",
        "typePoint": "lighthouse"
      }
    },
    {
      "type": "Feature",
      "id": "PB81",
      "geometry": {
        "type": "Point",
        "coordinates": [
          4.871666666666666,
          43.39
        ]
      },
      "properties": {
        "pb": 81,
        "nom": "Canal Saint Louis - Jetée Sud",
        "departement": "13",
        "wlotta": "Non",
        "accessibilite": "A Pieds",
        "villeProche": "",
        "structure": "Tour blanche haut rouge",
        "validationExpedition": "Oui",
        "positionDMS": "43°23,4 N 004°52,3 E",
        "recherchePourcentage": "100%",
        "derniereActivite": "Expéditions réalisées :",
        "typePoint": "lighthouse"
      }
    },
    {
      "type": "Feature",
      "id": "PB82",
      "geometry": {
        "type": "Point",
        "coordinates": [
          5.611666666666666,
          43.17333333333333
        ]
      },
      "properties": {
        "pb": 82,
        "nom": "La Ciotat - Môle Bérouard",
        "departement": "13",
        "wlotta": "Non",
        "accessibilite": "Voiture",
        "villeProche": "",
        "structure": "Tour blanche haut rouge",
        "validationExpedition": "Oui",
        "positionDMS": "43°10,4 N 005°36,7 E",
        "recherchePourcentage": "100%",
        "derniereActivite": "Expéditions réalisées :",
        "typePoint": "lighthouse"
      }
    },
    {
      "type": "Feature",
      "id": "PB84",
      "geometry": {
        "type": "Point",
        "coordinates": [
          0.215,
          49.425
        ]
      },
      "properties": {
        "pb": 84,
        "nom": "Falaise des Fonds",
        "departement": "14",
        "wlotta": "Non",
        "accessibilite": "Voiture, à pieds",
        "villeProche": "",
        "structure": "Tour blanche haut vert",
        "validationExpedition": "Oui",
        "positionDMS": "49°25,5 N 000°12,9 E",
        "recherchePourcentage": "62%",
        "derniereActivite": "2003",
        "typePoint": "lighthouse"
      }
    },
    {
      "type": "Feature",
      "id": "PB85",
      "geometry": {
        "type": "Point",
        "coordinates": [
          -0.24833333333333335,
          49.28
        ]
      },
      "properties": {
        "pb": 85,
        "nom": "Ouistreham - Feu principal",
        "departement": "14",
        "wlotta": "Non",
        "accessibilite": "Voiture",
        "villeProche": "",
        "structure": "Tour cylindrique blanche haut rouge",
        "validationExpedition": "Oui",
        "positionDMS": "49°16,8 N 000°14,9 W",
        "recherchePourcentage": "57%",
        "derniereActivite": "2006",
        "typePoint": "lighthouse"
      }
    },
    {
      "type": "Feature",
      "id": "PB86",
      "geometry": {
        "type": "Point",
        "coordinates": [
          -0.7583333333333333,
          49.348333333333336
        ]
      },
      "properties": {
        "pb": 86,
        "nom": "Port en Bessin - Rear",
        "departement": "14",
        "wlotta": "Non",
        "accessibilite": "Voiture",
        "villeProche": "",
        "structure": "Maison blanche et grise",
        "validationExpedition": "Oui",
        "positionDMS": "49°20,9 N 000°45,5 W",
        "recherchePourcentage": "95%",
        "derniereActivite": "2006",
        "typePoint": "lighthouse"
      }
    },
    {
      "type": "Feature",
      "id": "PB87",
      "geometry": {
        "type": "Point",
        "coordinates": [
          -0.5183333333333333,
          49.34
        ]
      },
      "properties": {
        "pb": 87,
        "nom": "Pointe de Ver",
        "departement": "14",
        "wlotta": "Non",
        "accessibilite": "Voiture",
        "villeProche": "",
        "structure": "Tour blanche haut gris",
        "validationExpedition": "Oui",
        "positionDMS": "49°20,4 N 000°31,1 W",
        "recherchePourcentage": "67%",
        "derniereActivite": "2003",
        "typePoint": "lighthouse"
      }
    },
    {
      "type": "Feature",
      "id": "PB88",
      "geometry": {
        "type": "Point",
        "coordinates": [
          0.075,
          49.36666666666667
        ]
      },
      "properties": {
        "pb": 88,
        "nom": "Trouville - Entrée - Front",
        "departement": "14",
        "wlotta": "Non",
        "accessibilite": "à pieds",
        "villeProche": "",
        "structure": "Tour métallique blanche haut rouge",
        "validationExpedition": "Oui",
        "positionDMS": "49°22,0 N 000°04,5 E",
        "recherchePourcentage": "90%",
        "derniereActivite": "Expéditions réalisées :",
        "typePoint": "lighthouse"
      }
    },
    {
      "type": "Feature",
      "id": "PB89",
      "geometry": {
        "type": "Point",
        "coordinates": [
          -0.08666666666666667,
          49.29666666666667
        ]
      },
      "properties": {
        "pb": 89,
        "nom": "Dives sur Mer",
        "departement": "14",
        "wlotta": "Non",
        "accessibilite": "Voiture",
        "villeProche": "",
        "structure": "Cabane rouge",
        "validationExpedition": "Oui",
        "positionDMS": "49°17,8 N 000°05,2 W",
        "recherchePourcentage": "95%",
        "derniereActivite": "Expéditions réalisées :",
        "typePoint": "lighthouse"
      }
    },
    {
      "type": "Feature",
      "id": "PB90",
      "geometry": {
        "type": "Point",
        "coordinates": [
          0.07333333333333333,
          49.36666666666667
        ]
      },
      "properties": {
        "pb": 90,
        "nom": "Trouville - Jetée Ouest",
        "departement": "14",
        "wlotta": "Non",
        "accessibilite": "à pieds",
        "villeProche": "",
        "structure": "Tour métallique blanche haut vert",
        "validationExpedition": "Oui",
        "positionDMS": "49°22,0 N 000°04,4 E",
        "recherchePourcentage": "90%",
        "derniereActivite": "Expéditions réalisées :",
        "typePoint": "lighthouse"
      }
    },
    {
      "type": "Feature",
      "id": "PB91",
      "geometry": {
        "type": "Point",
        "coordinates": [
          -1.5616666666666668,
          46.24333333333333
        ]
      },
      "properties": {
        "pb": 91,
        "nom": "Les Baleines",
        "departement": "17",
        "wlotta": "1407",
        "accessibilite": "A pieds",
        "villeProche": "",
        "structure": "Tour grise lanterne rouge",
        "validationExpedition": "Oui",
        "positionDMS": "46°14,6 N 001°33,7 W",
        "recherchePourcentage": "62%",
        "derniereActivite": "2006",
        "typePoint": "lighthouse"
      }
    },
    {
      "type": "Feature",
      "id": "PB92",
      "geometry": {
        "type": "Point",
        "coordinates": [
          -1.5866666666666667,
          46.263333333333335
        ]
      },
      "properties": {
        "pb": 92,
        "nom": "Haut Banc du Nord - Les Baleineaux",
        "departement": "17",
        "wlotta": "1360",
        "accessibilite": "Bateau",
        "villeProche": "",
        "structure": "Tour grise haut rouge",
        "validationExpedition": "Oui",
        "positionDMS": "46°15,8 N 001°35,2 W",
        "recherchePourcentage": "100%",
        "derniereActivite": "Expéditions réalisées :",
        "typePoint": "lighthouse"
      }
    },
    {
      "type": "Feature",
      "id": "PB93",
      "geometry": {
        "type": "Point",
        "coordinates": [
          -1.2733333333333334,
          46.13333333333333
        ]
      },
      "properties": {
        "pb": 93,
        "nom": "Pointe de Chauveau",
        "departement": "17",
        "wlotta": "0112",
        "accessibilite": "Bateau",
        "villeProche": "",
        "structure": "Tour blanche haut rouge",
        "validationExpedition": "Oui",
        "positionDMS": "46°08,0 N 001°16,4 W",
        "recherchePourcentage": "100%",
        "derniereActivite": "Expéditions réalisées :",
        "typePoint": "lighthouse"
      }
    },
    {
      "type": "Feature",
      "id": "PB94",
      "geometry": {
        "type": "Point",
        "coordinates": [
          -1.1783333333333332,
          46.01
        ]
      },
      "properties": {
        "pb": 94,
        "nom": "Ile d'Aix",
        "departement": "17",
        "wlotta": "2997",
        "accessibilite": "Bateau",
        "villeProche": "",
        "structure": "Tour blanche haut rouge",
        "validationExpedition": "Oui",
        "positionDMS": "46°00,6 N 001°10,7 W",
        "recherchePourcentage": "81%",
        "derniereActivite": "2001",
        "typePoint": "lighthouse"
      }
    },
    {
      "type": "Feature",
      "id": "PB95",
      "geometry": {
        "type": "Point",
        "coordinates": [
          -1.4083333333333332,
          46.04833333333333
        ]
      },
      "properties": {
        "pb": 95,
        "nom": "Ile d'Oléron - Pointe de Chassiron",
        "departement": "17",
        "wlotta": "1369",
        "accessibilite": "A pieds",
        "villeProche": "",
        "structure": "Tour bandes noires et blanches",
        "validationExpedition": "Oui",
        "positionDMS": "46°02,9 N 001°24,5 W",
        "recherchePourcentage": "86%",
        "derniereActivite": "2004",
        "typePoint": "lighthouse"
      }
    },
    {
      "type": "Feature",
      "id": "PB96",
      "geometry": {
        "type": "Point",
        "coordinates": [
          -1.2316666666666667,
          45.696666666666665
        ]
      },
      "properties": {
        "pb": 96,
        "nom": "Pointe de la Coubre",
        "departement": "17",
        "wlotta": "Non",
        "accessibilite": "Voiture, à pieds",
        "villeProche": "",
        "structure": "Tour blanche haut rouge",
        "validationExpedition": "Oui",
        "positionDMS": "45°41,8 N 001°13,9 W",
        "recherchePourcentage": "86%",
        "derniereActivite": "2001",
        "typePoint": "lighthouse"
      }
    },
    {
      "type": "Feature",
      "id": "PB97",
      "geometry": {
        "type": "Point",
        "coordinates": [
          -1.3116666666666665,
          45.905
        ]
      },
      "properties": {
        "pb": 97,
        "nom": "La Cotinière Approche",
        "departement": "17",
        "wlotta": "1369",
        "accessibilite": "A pieds",
        "villeProche": "",
        "structure": "Tour bandes noires et blanches",
        "validationExpedition": "Oui",
        "positionDMS": "45°54,3 N 001°18,7 W",
        "recherchePourcentage": "81%",
        "derniereActivite": "2000",
        "typePoint": "lighthouse"
      }
    },
    {
      "type": "Feature",
      "id": "PB98",
      "geometry": {
        "type": "Point",
        "coordinates": [
          -1.4716666666666667,
          46.163333333333334
        ]
      },
      "properties": {
        "pb": 98,
        "nom": "Chanchardon",
        "departement": "17",
        "wlotta": "1998",
        "accessibilite": "Bateau",
        "villeProche": "",
        "structure": "Tour noire soubassement blanc",
        "validationExpedition": "Oui",
        "positionDMS": "46°09,8 N 001°28,3 W",
        "recherchePourcentage": "100%",
        "derniereActivite": "Expéditions réalisées :",
        "typePoint": "lighthouse"
      }
    },
    {
      "type": "Feature",
      "id": "PB99",
      "geometry": {
        "type": "Point",
        "coordinates": [
          -1.365,
          46.208333333333336
        ]
      },
      "properties": {
        "pb": 99,
        "nom": "Saint Martin de Ré",
        "departement": "17",
        "wlotta": "1407",
        "accessibilite": "Voiture, à pieds",
        "villeProche": "",
        "structure": "Tour blanche haut rouge",
        "validationExpedition": "Oui",
        "positionDMS": "46°12,5 N 001°21,9 W",
        "recherchePourcentage": "100%",
        "derniereActivite": "Expéditions réalisées :",
        "typePoint": "lighthouse"
      }
    },
    {
      "type": "Feature",
      "id": "PB100",
      "geometry": {
        "type": "Point",
        "coordinates": [
          -1.105,
          45.64666666666667
        ]
      },
      "properties": {
        "pb": 100,
        "nom": "Terre Negre",
        "departement": "17",
        "wlotta": "Non",
        "accessibilite": "Voiture, à pieds",
        "villeProche": "",
        "structure": "Tour blanche haut rouge",
        "validationExpedition": "Oui",
        "positionDMS": "45°38,8 N 001°06,3 W",
        "recherchePourcentage": "100%",
        "derniereActivite": "2001",
        "typePoint": "lighthouse"
      }
    },
    {
      "type": "Feature",
      "id": "PB102",
      "geometry": {
        "type": "Point",
        "coordinates": [
          -1.4783333333333333,
          46.235
        ]
      },
      "properties": {
        "pb": 102,
        "nom": "Fier D'Ars",
        "departement": "17",
        "wlotta": "1407",
        "accessibilite": "Voiture",
        "villeProche": "",
        "structure": "Tour carrée verte sur maison ocre",
        "validationExpedition": "Oui",
        "positionDMS": "46°14,1 N 001°28,7 W",
        "recherchePourcentage": "95%",
        "derniereActivite": "2002",
        "typePoint": "lighthouse"
      }
    },
    {
      "type": "Feature",
      "id": "PB104",
      "geometry": {
        "type": "Point",
        "coordinates": [
          -1.1516666666666666,
          46.156666666666666
        ]
      },
      "properties": {
        "pb": 104,
        "nom": "La Rochelle Entrée",
        "departement": "17",
        "wlotta": "Non",
        "accessibilite": "Voiture, à pieds",
        "villeProche": "",
        "structure": "Tour blanche haut rouge bandes rouges et blanches",
        "validationExpedition": "Oui",
        "positionDMS": "46°09,4 N 001°09,1 W",
        "recherchePourcentage": "86%",
        "derniereActivite": "2002",
        "typePoint": "lighthouse"
      }
    },
    {
      "type": "Feature",
      "id": "PB105",
      "geometry": {
        "type": "Point",
        "coordinates": [
          -1.2383333333333333,
          46.163333333333334
        ]
      },
      "properties": {
        "pb": 105,
        "nom": "La Pallice - Môle d'Escale",
        "departement": "17",
        "wlotta": "Non",
        "accessibilite": "A pieds",
        "villeProche": "",
        "structure": "Tour carrée grise",
        "validationExpedition": "Oui",
        "positionDMS": "46°09,8 N 001°14,3 W",
        "recherchePourcentage": "81%",
        "derniereActivite": "2002",
        "typePoint": "lighthouse"
      }
    },
    {
      "type": "Feature",
      "id": "PB106",
      "geometry": {
        "type": "Point",
        "coordinates": [
          -1.15,
          46.156666666666666
        ]
      },
      "properties": {
        "pb": 106,
        "nom": "La Rochelle Entrée - Arriere",
        "departement": "17",
        "wlotta": "Non",
        "accessibilite": "Voiture, à pieds",
        "villeProche": "",
        "structure": "Tour blanche haut vert",
        "validationExpedition": "Oui",
        "positionDMS": "46°09,4 N 001°09,0 W",
        "recherchePourcentage": "100%",
        "derniereActivite": "2002",
        "typePoint": "lighthouse"
      }
    },
    {
      "type": "Feature",
      "id": "PB107",
      "geometry": {
        "type": "Point",
        "coordinates": [
          null,
          null
        ]
      },
      "properties": {
        "pb": 107,
        "nom": "Ile de Ré",
        "departement": "17",
        "wlotta": "1407",
        "accessibilite": "Voiture",
        "villeProche": "",
        "structure": "Validation expédition : Oui",
        "validationExpedition": "Oui",
        "positionDMS": "Recherché par les chasseurs de phare à : 100%",
        "recherchePourcentage": "100%",
        "derniereActivite": "2019",
        "typePoint": "lighthouse"
      }
    },
    {
      "type": "Feature",
      "id": "PB108",
      "geometry": {
        "type": "Point",
        "coordinates": [
          null,
          null
        ]
      },
      "properties": {
        "pb": 108,
        "nom": "Ile d'Oléron",
        "departement": "17",
        "wlotta": "1369",
        "accessibilite": "Voiture, à pieds",
        "villeProche": "",
        "structure": "Validation expédition : Oui",
        "validationExpedition": "Oui",
        "positionDMS": "Recherché par les chasseurs de phare à : 100%",
        "recherchePourcentage": "100%",
        "derniereActivite": "2014",
        "typePoint": "lighthouse"
      }
    },
    {
      "type": "Feature",
      "id": "PB109",
      "geometry": {
        "type": "Point",
        "coordinates": [
          null,
          null
        ]
      },
      "properties": {
        "pb": 109,
        "nom": "Ile d'Aix",
        "departement": "17",
        "wlotta": "2997",
        "accessibilite": "Bateau",
        "villeProche": "",
        "structure": "Validation expédition : Oui",
        "validationExpedition": "Oui",
        "positionDMS": "Recherché par les chasseurs de phare à : 100%",
        "recherchePourcentage": "100%",
        "derniereActivite": "Expéditions réalisées :",
        "typePoint": "lighthouse"
      }
    },
    {
      "type": "Feature",
      "id": "PB110",
      "geometry": {
        "type": "Point",
        "coordinates": [
          -3.086666666666667,
          48.90833333333333
        ]
      },
      "properties": {
        "pb": 110,
        "nom": "Les Heaux de Brehat",
        "departement": "22",
        "wlotta": "0031",
        "accessibilite": "Bateau",
        "villeProche": "",
        "structure": "Tour grise",
        "validationExpedition": "Oui",
        "positionDMS": "48°54,5 N 003°05,2 W",
        "recherchePourcentage": "90%",
        "derniereActivite": "2009",
        "typePoint": "lighthouse"
      }
    },
    {
      "type": "Feature",
      "id": "PB111",
      "geometry": {
        "type": "Point",
        "coordinates": [
          -3.6466666666666665,
          48.87166666666667
        ]
      },
      "properties": {
        "pb": 111,
        "nom": "Les Triagoz",
        "departement": "22",
        "wlotta": "3361",
        "accessibilite": "Bateau",
        "villeProche": "",
        "structure": "Tour carrée grise lanterne rouge",
        "validationExpedition": "Oui",
        "positionDMS": "48°52,3 N 003°38,8 W",
        "recherchePourcentage": "100%",
        "derniereActivite": "Expéditions réalisées :",
        "typePoint": "lighthouse"
      }
    },
    {
      "type": "Feature",
      "id": "PB112",
      "geometry": {
        "type": "Point",
        "coordinates": [
          -3.49,
          48.87833333333333
        ]
      },
      "properties": {
        "pb": 112,
        "nom": "Ile Aux Moines",
        "departement": "22",
        "wlotta": "0349",
        "accessibilite": "Bateau",
        "villeProche": "",
        "structure": "Tour grise",
        "validationExpedition": "Oui",
        "positionDMS": "48°52,7 N 003°29,4 W",
        "recherchePourcentage": "52%",
        "derniereActivite": "2008",
        "typePoint": "lighthouse"
      }
    },
    {
      "type": "Feature",
      "id": "PB113",
      "geometry": {
        "type": "Point",
        "coordinates": [
          -2.665,
          48.748333333333335
        ]
      },
      "properties": {
        "pb": 113,
        "nom": "Le Grand Lejon",
        "departement": "22",
        "wlotta": "0451",
        "accessibilite": "Bateau",
        "villeProche": "",
        "structure": "Tour tronconique bandes rouges et blanches",
        "validationExpedition": "Oui",
        "positionDMS": "48°44,9 N 002°39,9 W",
        "recherchePourcentage": "90%",
        "derniereActivite": "2009",
        "typePoint": "lighthouse"
      }
    },
    {
      "type": "Feature",
      "id": "PB114",
      "geometry": {
        "type": "Point",
        "coordinates": [
          -2.8133333333333335,
          49.108333333333334
        ]
      },
      "properties": {
        "pb": 114,
        "nom": "Les Roches Douvres",
        "departement": "22",
        "wlotta": "0014",
        "accessibilite": "Bateau",
        "villeProche": "",
        "structure": "Tour rose haut vert sur édifice",
        "validationExpedition": "Oui",
        "positionDMS": "49°06,5 N 002°48,8 W",
        "recherchePourcentage": "86%",
        "derniereActivite": "2009",
        "typePoint": "lighthouse"
      }
    },
    {
      "type": "Feature",
      "id": "PB115",
      "geometry": {
        "type": "Point",
        "coordinates": [
          -3.4683333333333333,
          48.94833333333333
        ]
      },
      "properties": {
        "pb": 115,
        "nom": "Kerprigent Arrière",
        "departement": "22",
        "wlotta": "Position Géographique : 48°56,9 N 003°28,1 W",
        "accessibilite": "Voiture, à pieds",
        "villeProche": "",
        "structure": "Tour grise",
        "validationExpedition": "Oui",
        "positionDMS": "48°56,9 N 003°28,1 W",
        "recherchePourcentage": "90%",
        "derniereActivite": "2008",
        "typePoint": "lighthouse"
      }
    },
    {
      "type": "Feature",
      "id": "PB116",
      "geometry": {
        "type": "Point",
        "coordinates": [
          -2.9416666666666664,
          48.78
        ]
      },
      "properties": {
        "pb": 116,
        "nom": "Lost Pic",
        "departement": "22",
        "wlotta": "0446",
        "accessibilite": "Bateau",
        "villeProche": "",
        "structure": "2 tours blanches haut rouge",
        "validationExpedition": "Oui",
        "positionDMS": "48°46,8 N 002°56,5 W",
        "recherchePourcentage": "100%",
        "derniereActivite": "Expéditions réalisées :",
        "typePoint": "lighthouse"
      }
    },
    {
      "type": "Feature",
      "id": "PB117",
      "geometry": {
        "type": "Point",
        "coordinates": [
          -2.32,
          48.685
        ]
      },
      "properties": {
        "pb": 117,
        "nom": "Cap Frehel",
        "departement": "22",
        "wlotta": "Position Géographique : 48°41,1 N 002°19,2 W",
        "accessibilite": "A pieds",
        "villeProche": "",
        "structure": "Tour carrée grise lanterne verte",
        "validationExpedition": "Oui",
        "positionDMS": "48°41,1 N 002°19,2 W",
        "recherchePourcentage": "52%",
        "derniereActivite": "2007",
        "typePoint": "lighthouse"
      }
    },
    {
      "type": "Feature",
      "id": "PB118",
      "geometry": {
        "type": "Point",
        "coordinates": [
          -2.8083333333333336,
          48.666666666666664
        ]
      },
      "properties": {
        "pb": 118,
        "nom": "Ile Harbour",
        "departement": "22",
        "wlotta": "1687",
        "accessibilite": "Bateau",
        "villeProche": "",
        "structure": "Maison et tour blanches haut rouge",
        "validationExpedition": "Oui",
        "positionDMS": "48°40,0 N 002°48,5 W",
        "recherchePourcentage": "90%",
        "derniereActivite": "2009",
        "typePoint": "lighthouse"
      }
    },
    {
      "type": "Feature",
      "id": "PB119",
      "geometry": {
        "type": "Point",
        "coordinates": [
          -3.005,
          48.858333333333334
        ]
      },
      "properties": {
        "pb": 119,
        "nom": "Rosedo",
        "departement": "22",
        "wlotta": "2010",
        "accessibilite": "Bateau",
        "villeProche": "",
        "structure": "Tour blanche lanterne verte",
        "validationExpedition": "Oui",
        "positionDMS": "48°51,5 N 003°00,3 W",
        "recherchePourcentage": "62%",
        "derniereActivite": "2024",
        "typePoint": "lighthouse"
      }
    },
    {
      "type": "Feature",
      "id": "PB120",
      "geometry": {
        "type": "Point",
        "coordinates": [
          -2.986666666666667,
          48.86666666666667
        ]
      },
      "properties": {
        "pb": 120,
        "nom": "Le Paon",
        "departement": "22",
        "wlotta": "2010",
        "accessibilite": "Bateau",
        "villeProche": "",
        "structure": "Tour jaunâtre",
        "validationExpedition": "Oui",
        "positionDMS": "48°52,0 N 002°59,2 W",
        "recherchePourcentage": "67%",
        "derniereActivite": "2024",
        "typePoint": "lighthouse"
      }
    },
    {
      "type": "Feature",
      "id": "PB122",
      "geometry": {
        "type": "Point",
        "coordinates": [
          -3.086666666666667,
          48.806666666666665
        ]
      },
      "properties": {
        "pb": 122,
        "nom": "Bodic",
        "departement": "22",
        "wlotta": "Non",
        "accessibilite": "Voiture",
        "villeProche": "",
        "structure": "Maison blanche haut vert",
        "validationExpedition": "Oui",
        "positionDMS": "48°48,4 N 003°05,2 W",
        "recherchePourcentage": "100%",
        "derniereActivite": "2024",
        "typePoint": "lighthouse"
      }
    },
    {
      "type": "Feature",
      "id": "PB123",
      "geometry": {
        "type": "Point",
        "coordinates": [
          -3.055,
          48.83833333333333
        ]
      },
      "properties": {
        "pb": 123,
        "nom": "La Croix",
        "departement": "22",
        "wlotta": "2231",
        "accessibilite": "Bateau",
        "villeProche": "",
        "structure": "2 tours grises accolées face Nord Est blanche haut rouge",
        "validationExpedition": "Oui",
        "positionDMS": "48°50,3 N 003°03,3 W",
        "recherchePourcentage": "90%",
        "derniereActivite": "2006",
        "typePoint": "lighthouse"
      }
    },
    {
      "type": "Feature",
      "id": "PB124",
      "geometry": {
        "type": "Point",
        "coordinates": [
          -3.5483333333333333,
          48.74
        ]
      },
      "properties": {
        "pb": 124,
        "nom": "Beg Leger",
        "departement": "22",
        "wlotta": "Position Géographique : 48°44,4 N 003°32,9 W",
        "accessibilite": "Voiture",
        "villeProche": "",
        "structure": "Maison blanche côté Ouest lanterne rouge",
        "validationExpedition": "Oui",
        "positionDMS": "48°44,4 N 003°32,9 W",
        "recherchePourcentage": "100%",
        "derniereActivite": "2008",
        "typePoint": "lighthouse"
      }
    },
    {
      "type": "Feature",
      "id": "PB125",
      "geometry": {
        "type": "Point",
        "coordinates": [
          -3.3916666666666666,
          48.79666666666667
        ]
      },
      "properties": {
        "pb": 125,
        "nom": "Kerjean",
        "departement": "22",
        "wlotta": "Position Géographique : 48°47,8 N 003°23,5 W",
        "accessibilite": "Voiture",
        "villeProche": "",
        "structure": "Tour blanche haut noir",
        "validationExpedition": "Oui",
        "positionDMS": "48°47,8 N 003°23,5 W",
        "recherchePourcentage": "100%",
        "derniereActivite": "2017",
        "typePoint": "lighthouse"
      }
    },
    {
      "type": "Feature",
      "id": "PB126",
      "geometry": {
        "type": "Point",
        "coordinates": [
          -3.445,
          48.79666666666667
        ]
      },
      "properties": {
        "pb": 126,
        "nom": "Le Colombier",
        "departement": "22",
        "wlotta": "Position Géographique : 48°47,8 N 003°26,7 W",
        "accessibilite": "Voiture",
        "villeProche": "",
        "structure": "Maison Blanche",
        "validationExpedition": "Oui",
        "positionDMS": "48°47,8 N 003°26,7 W",
        "recherchePourcentage": "100%",
        "derniereActivite": "2008",
        "typePoint": "lighthouse"
      }
    },
    {
      "type": "Feature",
      "id": "PB127",
      "geometry": {
        "type": "Point",
        "coordinates": [
          -2.5716666666666668,
          48.58166666666666
        ]
      },
      "properties": {
        "pb": 127,
        "nom": "Dahouet - La Petite Muette",
        "departement": "22",
        "wlotta": "Un numéro sera attribué pour la première expédition",
        "accessibilite": "Bateau, à Pieds",
        "villeProche": "",
        "structure": "Tour verte et blanche",
        "validationExpedition": "Oui",
        "positionDMS": "48°34,9 N 002°34,3 W",
        "recherchePourcentage": "100%",
        "derniereActivite": "Expéditions réalisées :",
        "typePoint": "lighthouse"
      }
    },
    {
      "type": "Feature",
      "id": "PB128",
      "geometry": {
        "type": "Point",
        "coordinates": [
          -2.7183333333333333,
          48.53666666666667
        ]
      },
      "properties": {
        "pb": 128,
        "nom": "Saint Laurent de la mer - Le Legue - Pointe à l'Aigle",
        "departement": "22",
        "wlotta": "Non",
        "accessibilite": "Voiture",
        "villeProche": "",
        "structure": "Tour blanche haut vert",
        "validationExpedition": "Oui",
        "positionDMS": "48°32,2 N 002°43,1 W",
        "recherchePourcentage": "100%",
        "derniereActivite": "2024",
        "typePoint": "lighthouse"
      }
    },
    {
      "type": "Feature",
      "id": "PB129",
      "geometry": {
        "type": "Point",
        "coordinates": [
          -2.8166666666666664,
          48.60166666666667
        ]
      },
      "properties": {
        "pb": 129,
        "nom": "Binic - Mole de Penthievre",
        "departement": "22",
        "wlotta": "Non",
        "accessibilite": "A pieds",
        "villeProche": "",
        "structure": "Tour blanche lanterne verte",
        "validationExpedition": "Oui",
        "positionDMS": "48°36,1 N 002°49,0 W",
        "recherchePourcentage": "100%",
        "derniereActivite": "2024",
        "typePoint": "lighthouse"
      }
    },
    {
      "type": "Feature",
      "id": "PB130",
      "geometry": {
        "type": "Point",
        "coordinates": [
          -2.8183333333333334,
          48.65
        ]
      },
      "properties": {
        "pb": 130,
        "nom": "Saint Quay Portrieux",
        "departement": "22",
        "wlotta": "Position Géographique : 48°39,0 N 002°49,1 W",
        "accessibilite": "Voiture",
        "villeProche": "",
        "structure": "Tour béton",
        "validationExpedition": "Oui",
        "positionDMS": "48°39,0 N 002°49,1 W",
        "recherchePourcentage": "100%",
        "derniereActivite": "Expéditions réalisées :",
        "typePoint": "lighthouse"
      }
    },
    {
      "type": "Feature",
      "id": "PB131",
      "geometry": {
        "type": "Point",
        "coordinates": [
          -3.026666666666667,
          48.791666666666664
        ]
      },
      "properties": {
        "pb": 131,
        "nom": "Pointe de Porz Don",
        "departement": "22",
        "wlotta": "Non",
        "accessibilite": "A pieds",
        "villeProche": "",
        "structure": "Maison blanche",
        "validationExpedition": "Oui",
        "positionDMS": "48°47,5 N 003°01,6 W",
        "recherchePourcentage": "100%",
        "derniereActivite": "2024",
        "typePoint": "lighthouse"
      }
    },
    {
      "type": "Feature",
      "id": "PB132",
      "geometry": {
        "type": "Point",
        "coordinates": [
          -3.0033333333333334,
          48.836666666666666
        ]
      },
      "properties": {
        "pb": 132,
        "nom": "Men Joliguet",
        "departement": "22",
        "wlotta": "1376",
        "accessibilite": "Bateau",
        "villeProche": "",
        "structure": "Cardinale Ouest",
        "validationExpedition": "Oui",
        "positionDMS": "48°50,2 N 003°00,2 W",
        "recherchePourcentage": "100%",
        "derniereActivite": "Expéditions réalisées :",
        "typePoint": "lighthouse"
      }
    },
    {
      "type": "Feature",
      "id": "PB133",
      "geometry": {
        "type": "Point",
        "coordinates": [
          -3.0616666666666665,
          48.82333333333333
        ]
      },
      "properties": {
        "pb": 133,
        "nom": "Roch Quinonec",
        "departement": "22",
        "wlotta": "2697",
        "accessibilite": "Bateau, à pieds",
        "villeProche": "",
        "structure": "Tourelle grise",
        "validationExpedition": "Oui",
        "positionDMS": "48°49,4 N 003°03,7 W",
        "recherchePourcentage": "100%",
        "derniereActivite": "2024",
        "typePoint": "lighthouse"
      }
    },
    {
      "type": "Feature",
      "id": "PB134",
      "geometry": {
        "type": "Point",
        "coordinates": [
          -3.1166666666666667,
          48.85
        ]
      },
      "properties": {
        "pb": 134,
        "nom": "Saint Antoine",
        "departement": "22",
        "wlotta": "Position Géographique : 48°51,0 N 003°07,0 W",
        "accessibilite": "Voiture",
        "villeProche": "",
        "structure": "Maison rouge et blanche",
        "validationExpedition": "Oui",
        "positionDMS": "48°51,0 N 003°07,0 W",
        "recherchePourcentage": "100%",
        "derniereActivite": "2017",
        "typePoint": "lighthouse"
      }
    },
    {
      "type": "Feature",
      "id": "PB135",
      "geometry": {
        "type": "Point",
        "coordinates": [
          -3.131666666666667,
          48.86
        ]
      },
      "properties": {
        "pb": 135,
        "nom": "Port de La Chaine - Grande Passe",
        "departement": "22",
        "wlotta": "Position Géographique : 48°51,6 N 003°07,9 W",
        "accessibilite": "Voiture",
        "villeProche": "",
        "structure": "Maison blanche",
        "validationExpedition": "Oui",
        "positionDMS": "48°51,6 N 003°07,9 W",
        "recherchePourcentage": "100%",
        "derniereActivite": "2017",
        "typePoint": "lighthouse"
      }
    },
    {
      "type": "Feature",
      "id": "PB136",
      "geometry": {
        "type": "Point",
        "coordinates": [
          -3.1783333333333332,
          48.85666666666667
        ]
      },
      "properties": {
        "pb": 136,
        "nom": "La Corne",
        "departement": "22",
        "wlotta": "Position Géographique : 48°51,4 N 003°10,7 W",
        "accessibilite": "Bateau",
        "villeProche": "",
        "structure": "Tour blanche base rouge",
        "validationExpedition": "Oui",
        "positionDMS": "48°51,4 N 003°10,7 W",
        "recherchePourcentage": "100%",
        "derniereActivite": "Expéditions réalisées :",
        "typePoint": "lighthouse"
      }
    },
    {
      "type": "Feature",
      "id": "PB137",
      "geometry": {
        "type": "Point",
        "coordinates": [
          -3.3083333333333336,
          48.836666666666666
        ]
      },
      "properties": {
        "pb": 137,
        "nom": "Port Blanc - Tourelle Le Voleur",
        "departement": "22",
        "wlotta": "Position Géographique : 48°50,2 N 003°18,5 W",
        "accessibilite": "Voiture",
        "villeProche": "",
        "structure": "Tour blanche",
        "validationExpedition": "Oui",
        "positionDMS": "48°50,2 N 003°18,5 W",
        "recherchePourcentage": "100%",
        "derniereActivite": "Expéditions réalisées :",
        "typePoint": "lighthouse"
      }
    },
    {
      "type": "Feature",
      "id": "PB138",
      "geometry": {
        "type": "Point",
        "coordinates": [
          null,
          null
        ]
      },
      "properties": {
        "pb": 138,
        "nom": "Ile de Brehat",
        "departement": "22",
        "wlotta": "2010",
        "accessibilite": "Bateau",
        "villeProche": "",
        "structure": "Validation expédition : Non. Si vous souhaitez demander un diplôme des expéditionnaire, la validation est requise.",
        "validationExpedition": "Non. Si vous souhaitez demander un diplôme des expéditionnaire, la validation est requise.",
        "positionDMS": "Recherché par les chasseurs de phare à : 90%",
        "recherchePourcentage": "90%",
        "derniereActivite": "2024",
        "typePoint": "lighthouse"
      }
    },
    {
      "type": "Feature",
      "id": "PB139",
      "geometry": {
        "type": "Point",
        "coordinates": [
          -4.115,
          47.875
        ]
      },
      "properties": {
        "pb": 139,
        "nom": "La Pyramide",
        "departement": "29",
        "wlotta": "Position Géographique : 47°52,5 N 004°06,9 W",
        "accessibilite": "Voiture",
        "villeProche": "",
        "structure": "Tour tronconique blanche haut vert",
        "validationExpedition": "Oui",
        "positionDMS": "47°52,5 N 004°06,9 W",
        "recherchePourcentage": "76%",
        "derniereActivite": "2005",
        "typePoint": "lighthouse"
      }
    },
    {
      "type": "Feature",
      "id": "PB140",
      "geometry": {
        "type": "Point",
        "coordinates": [
          -4.028333333333333,
          47.775
        ]
      },
      "properties": {
        "pb": 140,
        "nom": "Ile aux Moutons",
        "departement": "29",
        "wlotta": "0002",
        "accessibilite": "Bateau",
        "villeProche": "",
        "structure": "Tour carrée et maison blanche",
        "validationExpedition": "Oui",
        "positionDMS": "47°46,5 N 004°01,7 W",
        "recherchePourcentage": "62%",
        "derniereActivite": "2018",
        "typePoint": "lighthouse"
      }
    },
    {
      "type": "Feature",
      "id": "PB141",
      "geometry": {
        "type": "Point",
        "coordinates": [
          -3.89,
          48.675
        ]
      },
      "properties": {
        "pb": 141,
        "nom": "Ile Louet",
        "departement": "29",
        "wlotta": "0001",
        "accessibilite": "Bateau",
        "villeProche": "",
        "structure": "Tour carrée blanche haut noir",
        "validationExpedition": "Oui",
        "positionDMS": "48°40,5 N 003°53,4 W",
        "recherchePourcentage": "48%",
        "derniereActivite": "2013",
        "typePoint": "lighthouse"
      }
    },
    {
      "type": "Feature",
      "id": "PB142",
      "geometry": {
        "type": "Point",
        "coordinates": [
          -4.568333333333333,
          48.64
        ]
      },
      "properties": {
        "pb": 142,
        "nom": "Ile Vierge",
        "departement": "29",
        "wlotta": "0241",
        "accessibilite": "Bateau",
        "villeProche": "",
        "structure": "Tour grise",
        "validationExpedition": "Oui",
        "positionDMS": "48°38,4 N 004°34,1 W",
        "recherchePourcentage": "48%",
        "derniereActivite": "2018",
        "typePoint": "lighthouse"
      }
    },
    {
      "type": "Feature",
      "id": "PB143",
      "geometry": {
        "type": "Point",
        "coordinates": [
          -4.805,
          48.52333333333333
        ]
      },
      "properties": {
        "pb": 143,
        "nom": "Le Four",
        "departement": "29",
        "wlotta": "3103",
        "accessibilite": "Bateau",
        "villeProche": "",
        "structure": "Tour grise",
        "validationExpedition": "Oui",
        "positionDMS": "48°31,4 N 004°48,3 W",
        "recherchePourcentage": "100%",
        "derniereActivite": "Expéditions réalisées :",
        "typePoint": "lighthouse"
      }
    },
    {
      "type": "Feature",
      "id": "PB144",
      "geometry": {
        "type": "Point",
        "coordinates": [
          -4.996666666666666,
          48.05
        ]
      },
      "properties": {
        "pb": 144,
        "nom": "Ar Men",
        "departement": "29",
        "wlotta": "0926",
        "accessibilite": "Bateau",
        "villeProche": "",
        "structure": "Tour blanche base sombre haut noir",
        "validationExpedition": "Oui",
        "positionDMS": "48°03,0 N 004°59,8 W",
        "recherchePourcentage": "100%",
        "derniereActivite": "Expéditions réalisées :",
        "typePoint": "lighthouse"
      }
    },
    {
      "type": "Feature",
      "id": "PB145",
      "geometry": {
        "type": "Point",
        "coordinates": [
          -4.793333333333333,
          48.071666666666665
        ]
      },
      "properties": {
        "pb": 145,
        "nom": "Tevennec",
        "departement": "29",
        "wlotta": "1460",
        "accessibilite": "Bateau",
        "villeProche": "",
        "structure": "Tour et maison blanche",
        "validationExpedition": "Oui",
        "positionDMS": "48°04,3 N 004°47,6 W",
        "recherchePourcentage": "100%",
        "derniereActivite": "Expéditions réalisées :",
        "typePoint": "lighthouse"
      }
    },
    {
      "type": "Feature",
      "id": "PB146",
      "geometry": {
        "type": "Point",
        "coordinates": [
          -5.026666666666666,
          48.43833333333333
        ]
      },
      "properties": {
        "pb": 146,
        "nom": "Men Tensel - Kereon",
        "departement": "29",
        "wlotta": "2666",
        "accessibilite": "Bateau",
        "villeProche": "",
        "structure": "Tour grise",
        "validationExpedition": "Oui",
        "positionDMS": "48°26,3 N 005°01,6 W",
        "recherchePourcentage": "100%",
        "derniereActivite": "Expéditions réalisées :",
        "typePoint": "lighthouse"
      }
    },
    {
      "type": "Feature",
      "id": "PB147",
      "geometry": {
        "type": "Point",
        "coordinates": [
          -5.135,
          48.42333333333333
        ]
      },
      "properties": {
        "pb": 147,
        "nom": "La Jument",
        "departement": "29",
        "wlotta": "2951",
        "accessibilite": "Bateau",
        "villeProche": "",
        "structure": "Tour octogonale grise haut rouge",
        "validationExpedition": "Oui",
        "positionDMS": "48°25,4 N 005°08,1 W",
        "recherchePourcentage": "100%",
        "derniereActivite": "Expéditions réalisées :",
        "typePoint": "lighthouse"
      }
    },
    {
      "type": "Feature",
      "id": "PB148",
      "geometry": {
        "type": "Point",
        "coordinates": [
          -4.756666666666667,
          48.041666666666664
        ]
      },
      "properties": {
        "pb": 148,
        "nom": "La Vieille",
        "departement": "29",
        "wlotta": "3021",
        "accessibilite": "Bateau",
        "villeProche": "",
        "structure": "Tour carrée grise haut noir",
        "validationExpedition": "Oui",
        "positionDMS": "48°02,5 N 004°45,4 W",
        "recherchePourcentage": "100%",
        "derniereActivite": "Expéditions réalisées :",
        "typePoint": "lighthouse"
      }
    },
    {
      "type": "Feature",
      "id": "PB149",
      "geometry": {
        "type": "Point",
        "coordinates": [
          -4.915,
          48.31166666666667
        ]
      },
      "properties": {
        "pb": 149,
        "nom": "Les Pierres Noires",
        "departement": "29",
        "wlotta": "3251",
        "accessibilite": "Bateau",
        "villeProche": "",
        "structure": "Tour tronconique blanche haut rouge",
        "validationExpedition": "Oui",
        "positionDMS": "48°18,7 N 004°54,9 W",
        "recherchePourcentage": "100%",
        "derniereActivite": "Expéditions réalisées :",
        "typePoint": "lighthouse"
      }
    },
    {
      "type": "Feature",
      "id": "PB150",
      "geometry": {
        "type": "Point",
        "coordinates": [
          -3.953333333333333,
          47.721666666666664
        ]
      },
      "properties": {
        "pb": 150,
        "nom": "Ile de Penfret",
        "departement": "29",
        "wlotta": "0321",
        "accessibilite": "Bateau",
        "villeProche": "",
        "structure": "Tour carrée blanche haut rouge",
        "validationExpedition": "Oui",
        "positionDMS": "47°43,3 N 003°57,2 W",
        "recherchePourcentage": "38%",
        "derniereActivite": "2016",
        "typePoint": "lighthouse"
      }
    },
    {
      "type": "Feature",
      "id": "PB152",
      "geometry": {
        "type": "Point",
        "coordinates": [
          -4.576666666666666,
          48.615
        ]
      },
      "properties": {
        "pb": 152,
        "nom": "Ile Wrac'h",
        "departement": "29",
        "wlotta": "Position Géographique : 48°36,9 N 004°34,6 W",
        "accessibilite": "Bateau",
        "villeProche": "",
        "structure": "Tour carrée blanche haut orange et maison",
        "validationExpedition": "Oui",
        "positionDMS": "48°36,9 N 004°34,6 W",
        "recherchePourcentage": "48%",
        "derniereActivite": "2015",
        "typePoint": "lighthouse"
      }
    },
    {
      "type": "Feature",
      "id": "PB153",
      "geometry": {
        "type": "Point",
        "coordinates": [
          -5.151666666666666,
          48.446666666666665
        ]
      },
      "properties": {
        "pb": 153,
        "nom": "Nividic",
        "departement": "29",
        "wlotta": "3819",
        "accessibilite": "Bateau",
        "villeProche": "",
        "structure": "Tour octogonale grise",
        "validationExpedition": "Oui",
        "positionDMS": "48°26,8 N 005°09,1 W",
        "recherchePourcentage": "100%",
        "derniereActivite": "2009",
        "typePoint": "lighthouse"
      }
    },
    {
      "type": "Feature",
      "id": "PB154",
      "geometry": {
        "type": "Point",
        "coordinates": [
          -3.876666666666667,
          48.67333333333333
        ]
      },
      "properties": {
        "pb": 154,
        "nom": "Ile Noire",
        "departement": "29",
        "wlotta": "2001",
        "accessibilite": "Bateau",
        "villeProche": "",
        "structure": "Tour carrée blanchie vers le large lanterne rouge",
        "validationExpedition": "Oui",
        "positionDMS": "48°40,4 N 003°52,6 W",
        "recherchePourcentage": "81%",
        "derniereActivite": "2012",
        "typePoint": "lighthouse"
      }
    },
    {
      "type": "Feature",
      "id": "PB155",
      "geometry": {
        "type": "Point",
        "coordinates": [
          -4.338333333333333,
          48.10333333333333
        ]
      },
      "properties": {
        "pb": 155,
        "nom": "Ile Tristan",
        "departement": "29",
        "wlotta": "1557",
        "accessibilite": "Bateau",
        "villeProche": "",
        "structure": "Tour grise bande blanche haut noir",
        "validationExpedition": "Oui",
        "positionDMS": "48°06,2 N 004°20,3 W",
        "recherchePourcentage": "71%",
        "derniereActivite": "2008",
        "typePoint": "lighthouse"
      }
    },
    {
      "type": "Feature",
      "id": "PB156",
      "geometry": {
        "type": "Point",
        "coordinates": [
          -4.7316666666666665,
          48.586666666666666
        ]
      },
      "properties": {
        "pb": 156,
        "nom": "Corn Carhai",
        "departement": "29",
        "wlotta": "Position Géographique : 48°35,2 N 004°43,9 W",
        "accessibilite": "Bateau",
        "villeProche": "",
        "structure": "Tour octogonale blanche haut noir",
        "validationExpedition": "Oui",
        "positionDMS": "48°35,2 N 004°43,9 W",
        "recherchePourcentage": "100%",
        "derniereActivite": "Expéditions réalisées :",
        "typePoint": "lighthouse"
      }
    },
    {
      "type": "Feature",
      "id": "PB157",
      "geometry": {
        "type": "Point",
        "coordinates": [
          -3.885,
          48.63666666666667
        ]
      },
      "properties": {
        "pb": 157,
        "nom": "La Lande",
        "departement": "29",
        "wlotta": "Position Géographique : 48°38,2 N 003°53,1 W",
        "accessibilite": "Voiture",
        "villeProche": "",
        "structure": "Tour carrée blanche haut noir",
        "validationExpedition": "Oui",
        "positionDMS": "48°38,2 N 003°53,1 W",
        "recherchePourcentage": "29%",
        "derniereActivite": "2009",
        "typePoint": "lighthouse"
      }
    },
    {
      "type": "Feature",
      "id": "PB158",
      "geometry": {
        "type": "Point",
        "coordinates": [
          -4.026666666666666,
          48.74666666666667
        ]
      },
      "properties": {
        "pb": 158,
        "nom": "Ile de Batz",
        "departement": "29",
        "wlotta": "0680",
        "accessibilite": "Bateau",
        "villeProche": "",
        "structure": "Tour grise lanterne noire",
        "validationExpedition": "Oui",
        "positionDMS": "48°44,8 N 004°01,6 W",
        "recherchePourcentage": "57%",
        "derniereActivite": "2010",
        "typePoint": "lighthouse"
      }
    },
    {
      "type": "Feature",
      "id": "PB159",
      "geometry": {
        "type": "Point",
        "coordinates": [
          -3.98,
          48.723333333333336
        ]
      },
      "properties": {
        "pb": 159,
        "nom": "Roscoff Rear",
        "departement": "29",
        "wlotta": "Position Géographique : 48°43,4 N 003°58,8 W",
        "accessibilite": "Voiture",
        "villeProche": "",
        "structure": "Tour carrée grise blanchie",
        "validationExpedition": "Oui",
        "positionDMS": "48°43,4 N 003°58,8 W",
        "recherchePourcentage": "48%",
        "derniereActivite": "2008",
        "typePoint": "lighthouse"
      }
    },
    {
      "type": "Feature",
      "id": "PB160",
      "geometry": {
        "type": "Point",
        "coordinates": [
          -4.346666666666667,
          48.678333333333335
        ]
      },
      "properties": {
        "pb": 160,
        "nom": "Pontusval - Pointe de Beg Pol",
        "departement": "29",
        "wlotta": "Position Géographique : 48°40,7 N 004°20,8 W",
        "accessibilite": "Voiture",
        "villeProche": "",
        "structure": "Tour carrée et maison blanches haut noir",
        "validationExpedition": "Oui",
        "positionDMS": "48°40,7 N 004°20,8 W",
        "recherchePourcentage": "38%",
        "derniereActivite": "2014",
        "typePoint": "lighthouse"
      }
    },
    {
      "type": "Feature",
      "id": "PB161",
      "geometry": {
        "type": "Point",
        "coordinates": [
          -5.13,
          48.46
        ]
      },
      "properties": {
        "pb": 161,
        "nom": "Pointe de Creac'h",
        "departement": "29",
        "wlotta": "0208",
        "accessibilite": "Bateau",
        "villeProche": "",
        "structure": "Tour bandes noires et blanches",
        "validationExpedition": "Oui",
        "positionDMS": "48°27,6 N 005°07,8 W",
        "recherchePourcentage": "95%",
        "derniereActivite": "2007",
        "typePoint": "lighthouse"
      }
    },
    {
      "type": "Feature",
      "id": "PB162",
      "geometry": {
        "type": "Point",
        "coordinates": [
          -5.056666666666667,
          48.475
        ]
      },
      "properties": {
        "pb": 162,
        "nom": "Le Stiff",
        "departement": "29",
        "wlotta": "0208",
        "accessibilite": "Bateau",
        "villeProche": "",
        "structure": "2 tours blanches accolées",
        "validationExpedition": "Oui",
        "positionDMS": "48°28,5 N 005°03,4 W",
        "recherchePourcentage": "90%",
        "derniereActivite": "2007",
        "typePoint": "lighthouse"
      }
    },
    {
      "type": "Feature",
      "id": "PB163",
      "geometry": {
        "type": "Point",
        "coordinates": [
          -4.7716666666666665,
          48.33
        ]
      },
      "properties": {
        "pb": 163,
        "nom": "Saint Mathieu",
        "departement": "29",
        "wlotta": "Position Géographique : 48°19,8 N 004°46,3 W",
        "accessibilite": "Voiture",
        "villeProche": "",
        "structure": "Tour tronconique blanche haut rouge",
        "validationExpedition": "Oui",
        "positionDMS": "48°19,8 N 004°46,3 W",
        "recherchePourcentage": "81%",
        "derniereActivite": "2015",
        "typePoint": "lighthouse"
      }
    },
    {
      "type": "Feature",
      "id": "PB164",
      "geometry": {
        "type": "Point",
        "coordinates": [
          -4.765,
          48.343333333333334
        ]
      },
      "properties": {
        "pb": 164,
        "nom": "Lochrist",
        "departement": "29",
        "wlotta": "Position Géographique : 48°20,6 N 004°45,9 W",
        "accessibilite": "Voiture",
        "villeProche": "",
        "structure": "Tour octogonale blanche à haut rouge",
        "validationExpedition": "Oui",
        "positionDMS": "48°20,6 N 004°45,9 W",
        "recherchePourcentage": "100%",
        "derniereActivite": "2007",
        "typePoint": "lighthouse"
      }
    },
    {
      "type": "Feature",
      "id": "PB165",
      "geometry": {
        "type": "Point",
        "coordinates": [
          -4.78,
          48.42333333333333
        ]
      },
      "properties": {
        "pb": 165,
        "nom": "Trezien",
        "departement": "29",
        "wlotta": "Position Géographique : 48°25,4 N 004°46,8 W",
        "accessibilite": "Voiture",
        "villeProche": "",
        "structure": "Tour tronconique grise et blanche",
        "validationExpedition": "Oui",
        "positionDMS": "48°25,4 N 004°46,8 W",
        "recherchePourcentage": "100%",
        "derniereActivite": "2016",
        "typePoint": "lighthouse"
      }
    },
    {
      "type": "Feature",
      "id": "PB166",
      "geometry": {
        "type": "Point",
        "coordinates": [
          -4.79,
          48.361666666666665
        ]
      },
      "properties": {
        "pb": 166,
        "nom": "Kermorvan",
        "departement": "29",
        "wlotta": "Position Géographique : 48°21,7 N 004°47,4 W",
        "accessibilite": "A Pieds",
        "villeProche": "",
        "structure": "Tour carrée blanche",
        "validationExpedition": "Oui",
        "positionDMS": "48°21,7 N 004°47,4 W",
        "recherchePourcentage": "86%",
        "derniereActivite": "2009",
        "typePoint": "lighthouse"
      }
    },
    {
      "type": "Feature",
      "id": "PB167",
      "geometry": {
        "type": "Point",
        "coordinates": [
          -4.498333333333333,
          48.22
        ]
      },
      "properties": {
        "pb": 167,
        "nom": "Pointe de Morgat",
        "departement": "29",
        "wlotta": "Position Géographique : 48°13,2 N 004°29,9 W",
        "accessibilite": "Voiture",
        "villeProche": "",
        "structure": "Tour carrée blanche haut rouge",
        "validationExpedition": "Oui",
        "positionDMS": "48°13,2 N 004°29,9 W",
        "recherchePourcentage": "76%",
        "derniereActivite": "2008",
        "typePoint": "lighthouse"
      }
    },
    {
      "type": "Feature",
      "id": "PB168",
      "geometry": {
        "type": "Point",
        "coordinates": [
          -4.465,
          48.098333333333336
        ]
      },
      "properties": {
        "pb": 168,
        "nom": "Pointe du Millier",
        "departement": "29",
        "wlotta": "Position Géographique : 48°05,9 N 004°27,9 W",
        "accessibilite": "A Pieds",
        "villeProche": "",
        "structure": "Maison blanche",
        "validationExpedition": "Oui",
        "positionDMS": "48°05,9 N 004°27,9 W",
        "recherchePourcentage": "100%",
        "derniereActivite": "2002",
        "typePoint": "lighthouse"
      }
    },
    {
      "type": "Feature",
      "id": "PB169",
      "geometry": {
        "type": "Point",
        "coordinates": [
          -4.851666666666667,
          48.04333333333334
        ]
      },
      "properties": {
        "pb": 169,
        "nom": "Ile de Sein - Grand Phare",
        "departement": "29",
        "wlotta": "2721",
        "accessibilite": "Bateau, à pieds",
        "villeProche": "",
        "structure": "Tour tronconique blanche haut noir",
        "validationExpedition": "Oui",
        "positionDMS": "48°02,6 N 004°51,1 W",
        "recherchePourcentage": "90%",
        "derniereActivite": "2005",
        "typePoint": "lighthouse"
      }
    },
    {
      "type": "Feature",
      "id": "PB170",
      "geometry": {
        "type": "Point",
        "coordinates": [
          -3.855,
          47.79333333333334
        ]
      },
      "properties": {
        "pb": 170,
        "nom": "Trévignon Jetée",
        "departement": "29",
        "wlotta": "Position Géographique : 47°47,6 N 003°51,3 W",
        "accessibilite": "A Pieds",
        "villeProche": "",
        "structure": "Tour carrée blanche haut vert",
        "validationExpedition": "Oui",
        "positionDMS": "47°47,6 N 003°51,3 W",
        "recherchePourcentage": "86%",
        "derniereActivite": "2016",
        "typePoint": "lighthouse"
      }
    },
    {
      "type": "Feature",
      "id": "PB171",
      "geometry": {
        "type": "Point",
        "coordinates": [
          -4.63,
          48.28
        ]
      },
      "properties": {
        "pb": 171,
        "nom": "Pointe du Toulinguet",
        "departement": "29",
        "wlotta": "Position Géographique : 48°16,8 N 004°37,8 W",
        "accessibilite": "A Pieds",
        "villeProche": "",
        "structure": "Tour carrée et maison blanche",
        "validationExpedition": "Oui",
        "positionDMS": "48°16,8 N 004°37,8 W",
        "recherchePourcentage": "86%",
        "derniereActivite": "Expéditions réalisées :",
        "typePoint": "lighthouse"
      }
    },
    {
      "type": "Feature",
      "id": "PB172",
      "geometry": {
        "type": "Point",
        "coordinates": [
          -4.615,
          48.336666666666666
        ]
      },
      "properties": {
        "pb": 172,
        "nom": "Pointe du Petit Minou",
        "departement": "29",
        "wlotta": "Position Géographique : 48°20,2 N 004°36,9 W",
        "accessibilite": "A Pieds",
        "villeProche": "",
        "structure": "Tour grise et blanche haut rouge",
        "validationExpedition": "Oui",
        "positionDMS": "48°20,2 N 004°36,9 W",
        "recherchePourcentage": "86%",
        "derniereActivite": "1999",
        "typePoint": "lighthouse"
      }
    },
    {
      "type": "Feature",
      "id": "PB173",
      "geometry": {
        "type": "Point",
        "coordinates": [
          -4.533333333333333,
          48.36
        ]
      },
      "properties": {
        "pb": 173,
        "nom": "Pointe du Portzic",
        "departement": "29",
        "wlotta": "Position Géographique : 48°21,6 N 004°32,0 W",
        "accessibilite": "A Pieds (Terrain Militaire)",
        "villeProche": "",
        "structure": "Tour octogonale grise",
        "validationExpedition": "Oui",
        "positionDMS": "48°21,6 N 004°32,0 W",
        "recherchePourcentage": "100%",
        "derniereActivite": "Expéditions réalisées :",
        "typePoint": "lighthouse"
      }
    },
    {
      "type": "Feature",
      "id": "PB174",
      "geometry": {
        "type": "Point",
        "coordinates": [
          -4.566666666666666,
          48.001666666666665
        ]
      },
      "properties": {
        "pb": 174,
        "nom": "Pointe de Lervily",
        "departement": "29",
        "wlotta": "Position Géographique : 48°00,1 N 004°34,0 W",
        "accessibilite": "Voiture",
        "villeProche": "",
        "structure": "Tour blanche de l'ancien Sémaphore haut rouge",
        "validationExpedition": "Oui",
        "positionDMS": "48°00,1 N 004°34,0 W",
        "recherchePourcentage": "86%",
        "derniereActivite": "2017",
        "typePoint": "lighthouse"
      }
    },
    {
      "type": "Feature",
      "id": "PB175",
      "geometry": {
        "type": "Point",
        "coordinates": [
          -4.373333333333333,
          47.79833333333333
        ]
      },
      "properties": {
        "pb": 175,
        "nom": "Pointe de Penmarc'h",
        "departement": "29",
        "wlotta": "Position Géographique : 47°47,9 N 004°22,4 W",
        "accessibilite": "Voiture",
        "villeProche": "",
        "structure": "Tour octogonale grise",
        "validationExpedition": "Oui",
        "positionDMS": "47°47,9 N 004°22,4 W",
        "recherchePourcentage": "81%",
        "derniereActivite": "2008",
        "typePoint": "lighthouse"
      }
    },
    {
      "type": "Feature",
      "id": "PB176",
      "geometry": {
        "type": "Point",
        "coordinates": [
          -4.275,
          47.79666666666667
        ]
      },
      "properties": {
        "pb": 176,
        "nom": "Le Guilvinec - Rear",
        "departement": "29",
        "wlotta": "Position Géographique : 47°47,8 N 004°16,5 W",
        "accessibilite": "Voiture",
        "villeProche": "",
        "structure": "Tour rectangulaire blanche bande verticale rouge",
        "validationExpedition": "Oui",
        "positionDMS": "47°47,8 N 004°16,5 W",
        "recherchePourcentage": "76%",
        "derniereActivite": "2007",
        "typePoint": "lighthouse"
      }
    },
    {
      "type": "Feature",
      "id": "PB177",
      "geometry": {
        "type": "Point",
        "coordinates": [
          -4.16,
          47.83166666666666
        ]
      },
      "properties": {
        "pb": 177,
        "nom": "Pointe de Langoz",
        "departement": "29",
        "wlotta": "Position Géographique : 47°49,9 N 004°09,6 W",
        "accessibilite": "Voiture",
        "villeProche": "",
        "structure": "Tour blanche haut rouge",
        "validationExpedition": "Oui",
        "positionDMS": "47°49,9 N 004°09,6 W",
        "recherchePourcentage": "81%",
        "derniereActivite": "2007",
        "typePoint": "lighthouse"
      }
    },
    {
      "type": "Feature",
      "id": "PB178",
      "geometry": {
        "type": "Point",
        "coordinates": [
          -3.9183333333333334,
          47.87
        ]
      },
      "properties": {
        "pb": 178,
        "nom": "La Croix",
        "departement": "29",
        "wlotta": "Position Géographique : 47°52,2 N 003°55,1 W",
        "accessibilite": "Voiture",
        "villeProche": "",
        "structure": "Tour rouge et blanche",
        "validationExpedition": "Oui",
        "positionDMS": "47°52,2 N 003°55,1 W",
        "recherchePourcentage": "100%",
        "derniereActivite": "2001",
        "typePoint": "lighthouse"
      }
    },
    {
      "type": "Feature",
      "id": "PB179",
      "geometry": {
        "type": "Point",
        "coordinates": [
          -4.536666666666667,
          48.61
        ]
      },
      "properties": {
        "pb": 179,
        "nom": "Lanvaon - Rear",
        "departement": "29",
        "wlotta": "Position Géographique : 48°36,6 N 004°32,2 W",
        "accessibilite": "Voiture",
        "villeProche": "",
        "structure": "Tour rectangulaire blanche haut orange",
        "validationExpedition": "Oui",
        "positionDMS": "48°36,6 N 004°32,2 W",
        "recherchePourcentage": "43%",
        "derniereActivite": "2015",
        "typePoint": "lighthouse"
      }
    },
    {
      "type": "Feature",
      "id": "PB180",
      "geometry": {
        "type": "Point",
        "coordinates": [
          -3.961666666666667,
          48.72
        ]
      },
      "properties": {
        "pb": 180,
        "nom": "Bloscon - Jetée",
        "departement": "29",
        "wlotta": "Position Géographique : 48°43,2 N 003°57,7 W",
        "accessibilite": "A Pieds",
        "villeProche": "",
        "structure": "Tourelle blanche haut vert",
        "validationExpedition": "Oui",
        "positionDMS": "48°43,2 N 003°57,7 W",
        "recherchePourcentage": "100%",
        "derniereActivite": "Expéditions réalisées :",
        "typePoint": "lighthouse"
      }
    },
    {
      "type": "Feature",
      "id": "PB181",
      "geometry": {
        "type": "Point",
        "coordinates": [
          -4.76,
          48.471666666666664
        ]
      },
      "properties": {
        "pb": 181,
        "nom": "Aber Ildut",
        "departement": "29",
        "wlotta": "Position Géographique : 48°28,3 N 004°45,6 W",
        "accessibilite": "Voiture",
        "villeProche": "",
        "structure": "Construction blanche",
        "validationExpedition": "Oui",
        "positionDMS": "48°28,3 N 004°45,6 W",
        "recherchePourcentage": "100%",
        "derniereActivite": "2008",
        "typePoint": "lighthouse"
      }
    },
    {
      "type": "Feature",
      "id": "PB182",
      "geometry": {
        "type": "Point",
        "coordinates": [
          -4.795,
          48.415
        ]
      },
      "properties": {
        "pb": 182,
        "nom": "Pointe de Corsen",
        "departement": "29",
        "wlotta": "Position Géographique : 48°24,9 N 004°47,7 W",
        "accessibilite": "Voiture",
        "villeProche": "",
        "structure": "Abri et murs blancs",
        "validationExpedition": "Oui",
        "positionDMS": "48°24,9 N 004°47,7 W",
        "recherchePourcentage": "86%",
        "derniereActivite": "2014",
        "typePoint": "lighthouse"
      }
    },
    {
      "type": "Feature",
      "id": "PB183",
      "geometry": {
        "type": "Point",
        "coordinates": [
          -4.546666666666667,
          48.016666666666666
        ]
      },
      "properties": {
        "pb": 183,
        "nom": "Kergadec",
        "departement": "29",
        "wlotta": "Position Géographique : 48°01,0 N 004°32,8 W",
        "accessibilite": "Voiture",
        "villeProche": "",
        "structure": "Audierne - Tour octogonale blanche haut rouge",
        "validationExpedition": "Oui",
        "positionDMS": "48°01,0 N 004°32,8 W",
        "recherchePourcentage": "86%",
        "derniereActivite": "2017",
        "typePoint": "lighthouse"
      }
    },
    {
      "type": "Feature",
      "id": "PB184",
      "geometry": {
        "type": "Point",
        "coordinates": [
          -3.6083333333333334,
          47.77166666666667
        ]
      },
      "properties": {
        "pb": 184,
        "nom": "Doelan Aval",
        "departement": "29",
        "wlotta": "Position Géographique : 47°46,3 N 003°36,5 W",
        "accessibilite": "Voiture",
        "villeProche": "",
        "structure": "Tour blanche bande et haut vert",
        "validationExpedition": "Oui",
        "positionDMS": "47°46,3 N 003°36,5 W",
        "recherchePourcentage": "48%",
        "derniereActivite": "2015",
        "typePoint": "lighthouse"
      }
    },
    {
      "type": "Feature",
      "id": "PB185",
      "geometry": {
        "type": "Point",
        "coordinates": [
          -3.605,
          47.775
        ]
      },
      "properties": {
        "pb": 185,
        "nom": "Doelan Amont",
        "departement": "29",
        "wlotta": "Position Géographique : 47°46,5 N 003°36,3 W",
        "accessibilite": "Voiture",
        "villeProche": "",
        "structure": "Tour blanche bande et haut rouges",
        "validationExpedition": "Oui",
        "positionDMS": "47°46,5 N 003°36,3 W",
        "recherchePourcentage": "90%",
        "derniereActivite": "2015",
        "typePoint": "lighthouse"
      }
    },
    {
      "type": "Feature",
      "id": "PB186",
      "geometry": {
        "type": "Point",
        "coordinates": [
          -4.85,
          48.038333333333334
        ]
      },
      "properties": {
        "pb": 186,
        "nom": "Men Brial - Ile de Sein",
        "departement": "29",
        "wlotta": "2721",
        "accessibilite": "Bateau",
        "villeProche": "",
        "structure": "Tour verte et blanche",
        "validationExpedition": "Oui",
        "positionDMS": "48°02,3 N 004°51,0 W",
        "recherchePourcentage": "100%",
        "derniereActivite": "Expéditions réalisées :",
        "typePoint": "lighthouse"
      }
    },
    {
      "type": "Feature",
      "id": "PB187",
      "geometry": {
        "type": "Point",
        "coordinates": [
          -3.74,
          47.8
        ]
      },
      "properties": {
        "pb": 187,
        "nom": "Port Manec'h - Beg Ar Vechen",
        "departement": "29",
        "wlotta": "Position Géographique : 47°48,0 N 003°44,4 W",
        "accessibilite": "Voiture",
        "villeProche": "",
        "structure": "Tour rouge et blanche",
        "validationExpedition": "Oui",
        "positionDMS": "47°48,0 N 003°44,4 W",
        "recherchePourcentage": "92%",
        "derniereActivite": "2016",
        "typePoint": "lighthouse"
      }
    },
    {
      "type": "Feature",
      "id": "PB188",
      "geometry": {
        "type": "Point",
        "coordinates": [
          -4.541666666666667,
          48.01
        ]
      },
      "properties": {
        "pb": 188,
        "nom": "Raoulic - Jetée - Audierne",
        "departement": "29",
        "wlotta": "Position Géographique : 48°00,6 N 004°32,5 W",
        "accessibilite": "A pieds",
        "villeProche": "",
        "structure": "Tour blanche",
        "validationExpedition": "Oui",
        "positionDMS": "48°00,6 N 004°32,5 W",
        "recherchePourcentage": "100%",
        "derniereActivite": "Expéditions réalisées :",
        "typePoint": "lighthouse"
      }
    },
    {
      "type": "Feature",
      "id": "PB189",
      "geometry": {
        "type": "Point",
        "coordinates": [
          -4.466666666666667,
          47.985
        ]
      },
      "properties": {
        "pb": 189,
        "nom": "Pors Poulhan",
        "departement": "29",
        "wlotta": "Position Géographique : 47°59,1 N 004°28,0 W",
        "accessibilite": "Voiture",
        "villeProche": "",
        "structure": "Tourelle carrée blanche haut rouge",
        "validationExpedition": "Oui",
        "positionDMS": "47°59,1 N 004°28,0 W",
        "recherchePourcentage": "100%",
        "derniereActivite": "2008",
        "typePoint": "lighthouse"
      }
    },
    {
      "type": "Feature",
      "id": "PB190",
      "geometry": {
        "type": "Point",
        "coordinates": [
          -4.278333333333333,
          47.785
        ]
      },
      "properties": {
        "pb": 190,
        "nom": "Lost Moan",
        "departement": "29",
        "wlotta": "Numéro à attribuer - Nous le demander lors de votre expédition",
        "accessibilite": "Bateau",
        "villeProche": "",
        "structure": "Tour blanche haut rouge",
        "validationExpedition": "Oui",
        "positionDMS": "47°47,1 N 004°16,7 W",
        "recherchePourcentage": "100%",
        "derniereActivite": "Expéditions réalisées :",
        "typePoint": "lighthouse"
      }
    },
    {
      "type": "Feature",
      "id": "PB191",
      "geometry": {
        "type": "Point",
        "coordinates": [
          -4.283333333333333,
          47.79333333333334
        ]
      },
      "properties": {
        "pb": 191,
        "nom": "Guilvinec - Entrée Nord - Môle en Epi",
        "departement": "29",
        "wlotta": "Position Géographique : 47°47,6 N 004°17,0 W",
        "accessibilite": "Voiture",
        "villeProche": "",
        "structure": "Tour blanche haut rouge",
        "validationExpedition": "Oui",
        "positionDMS": "47°47,6 N 004°17,0 W",
        "recherchePourcentage": "100%",
        "derniereActivite": "Expéditions réalisées :",
        "typePoint": "lighthouse"
      }
    },
    {
      "type": "Feature",
      "id": "PB192",
      "geometry": {
        "type": "Point",
        "coordinates": [
          -4.54,
          48.00666666666667
        ]
      },
      "properties": {
        "pb": 192,
        "nom": "Trescadec - Audierne",
        "departement": "29",
        "wlotta": "Position Géographique : 48°00,4 N 004°32,4 W",
        "accessibilite": "Voiture",
        "villeProche": "",
        "structure": "Vieux phare",
        "validationExpedition": "Oui",
        "positionDMS": "48°00,4 N 004°32,4 W",
        "recherchePourcentage": "95%",
        "derniereActivite": "2008",
        "typePoint": "lighthouse"
      }
    },
    {
      "type": "Feature",
      "id": "PB193",
      "geometry": {
        "type": "Point",
        "coordinates": [
          -4.111666666666666,
          47.865
        ]
      },
      "properties": {
        "pb": 193,
        "nom": "Pointe de Combrit",
        "departement": "29",
        "wlotta": "Position Géographique : 47°51,9 N 004°06,7 W",
        "accessibilite": "Voiture",
        "villeProche": "",
        "structure": "Tour carrée blanche, angles gris",
        "validationExpedition": "Oui",
        "positionDMS": "47°51,9 N 004°06,7 W",
        "recherchePourcentage": "95%",
        "derniereActivite": "2016",
        "typePoint": "lighthouse"
      }
    },
    {
      "type": "Feature",
      "id": "PB194",
      "geometry": {
        "type": "Point",
        "coordinates": [
          -5.053333333333334,
          48.47
        ]
      },
      "properties": {
        "pb": 194,
        "nom": "Port du Stiff - Môle Est",
        "departement": "29",
        "wlotta": "0208",
        "accessibilite": "Bateau",
        "villeProche": "",
        "structure": "Tourelle blanche haut vert",
        "validationExpedition": "Oui",
        "positionDMS": "48°28,2 N 005°03,2 W",
        "recherchePourcentage": "100%",
        "derniereActivite": "Expéditions réalisées :",
        "typePoint": "lighthouse"
      }
    },
    {
      "type": "Feature",
      "id": "PB195",
      "geometry": {
        "type": "Point",
        "coordinates": [
          -4.075,
          48.69
        ]
      },
      "properties": {
        "pb": 195,
        "nom": "Mogueriec - Front",
        "departement": "29",
        "wlotta": "Position Géographique : 48°41,4 N 004°04,5 W",
        "accessibilite": "A Pieds",
        "villeProche": "",
        "structure": "Tour blanche haut vert",
        "validationExpedition": "Oui",
        "positionDMS": "48°41,4 N 004°04,5 W",
        "recherchePourcentage": "100%",
        "derniereActivite": "Expéditions réalisées :",
        "typePoint": "lighthouse"
      }
    },
    {
      "type": "Feature",
      "id": "PB196",
      "geometry": {
        "type": "Point",
        "coordinates": [
          -3.9,
          47.888333333333335
        ]
      },
      "properties": {
        "pb": 196,
        "nom": "Beuzec",
        "departement": "29",
        "wlotta": "Position Géographique : 47°53,3 N 003°54,0 W",
        "accessibilite": "Voiture",
        "villeProche": "",
        "structure": "Clocher de l'église",
        "validationExpedition": "Oui",
        "positionDMS": "47°53,3 N 003°54,0 W",
        "recherchePourcentage": "95%",
        "derniereActivite": "2016",
        "typePoint": "lighthouse"
      }
    },
    {
      "type": "Feature",
      "id": "PB197",
      "geometry": {
        "type": "Point",
        "coordinates": [
          null,
          null
        ]
      },
      "properties": {
        "pb": 197,
        "nom": "Ile d'Ouessant",
        "departement": "29",
        "wlotta": "0208",
        "accessibilite": "Bateau",
        "villeProche": "",
        "structure": "Validation expédition : Non (sans carte de validation : votre expédition ne sera pas comptabilisée pour les diplômes expéditionnaires)",
        "validationExpedition": "Non (sans carte de validation : votre expédition ne sera pas comptabilisée pour les diplômes expéditionnaires)",
        "positionDMS": "48°27,5N 005°04,6W",
        "recherchePourcentage": "90%",
        "derniereActivite": "2023",
        "typePoint": "lighthouse"
      }
    },
    {
      "type": "Feature",
      "id": "PB198",
      "geometry": {
        "type": "Point",
        "coordinates": [
          -4.851666666666667,
          48.03666666666667
        ]
      },
      "properties": {
        "pb": 198,
        "nom": "Ile de Sein",
        "departement": "29",
        "wlotta": "2721",
        "accessibilite": "Bateau",
        "villeProche": "",
        "structure": "Validation expédition : Non",
        "validationExpedition": "Non",
        "positionDMS": "48°02,2 N 004°51,1 W",
        "recherchePourcentage": "90%",
        "derniereActivite": "2019",
        "typePoint": "lighthouse"
      }
    },
    {
      "type": "Feature",
      "id": "PB199",
      "geometry": {
        "type": "Point",
        "coordinates": [
          -4.013333333333334,
          48.74666666666667
        ]
      },
      "properties": {
        "pb": 199,
        "nom": "Ile de Batz",
        "departement": "29",
        "wlotta": "0680",
        "accessibilite": "Bateau",
        "villeProche": "",
        "structure": "Validation expédition : Non (sans carte de validation : votre expédition ne sera pas comptabilisée pour les diplômes expéditionnaires)",
        "validationExpedition": "Non (sans carte de validation : votre expédition ne sera pas comptabilisée pour les diplômes expéditionnaires)",
        "positionDMS": "48°44,8 N 004°00,8 W",
        "recherchePourcentage": "100%",
        "derniereActivite": "2022",
        "typePoint": "lighthouse"
      }
    },
    {
      "type": "Feature",
      "id": "PB200",
      "geometry": {
        "type": "Point",
        "coordinates": [
          -1.1733333333333333,
          45.586666666666666
        ]
      },
      "properties": {
        "pb": 200,
        "nom": "Cordouan",
        "departement": "33",
        "wlotta": "0271",
        "accessibilite": "Bateau",
        "villeProche": "",
        "structure": "Tour blanche haut gris",
        "validationExpedition": "Oui",
        "positionDMS": "45°35,2 N 001°10,4 W",
        "recherchePourcentage": "100%",
        "derniereActivite": "2005",
        "typePoint": "lighthouse"
      }
    },
    {
      "type": "Feature",
      "id": "PB201",
      "geometry": {
        "type": "Point",
        "coordinates": [
          -1.2466666666666666,
          44.64833333333333
        ]
      },
      "properties": {
        "pb": 201,
        "nom": "Cap Ferret",
        "departement": "33",
        "wlotta": "Position Géographique : 44°38,9 N 001°14,8 W",
        "accessibilite": "Voiture",
        "villeProche": "",
        "structure": "Tour blanche haut rouge",
        "validationExpedition": "Oui",
        "positionDMS": "44°38,9 N 001°14,8 W",
        "recherchePourcentage": "81%",
        "derniereActivite": "2013",
        "typePoint": "lighthouse"
      }
    },
    {
      "type": "Feature",
      "id": "PB202",
      "geometry": {
        "type": "Point",
        "coordinates": [
          -1.1616666666666666,
          45.141666666666666
        ]
      },
      "properties": {
        "pb": 202,
        "nom": "Hourtin",
        "departement": "33",
        "wlotta": "Position Géographique : 45°08,5 N 001°09,7 W",
        "accessibilite": "A pieds",
        "villeProche": "",
        "structure": "Tour carrée rouge en briques",
        "validationExpedition": "Oui",
        "positionDMS": "45°08,5 N 001°09,7 W",
        "recherchePourcentage": "81%",
        "derniereActivite": "2003",
        "typePoint": "lighthouse"
      }
    },
    {
      "type": "Feature",
      "id": "PB203",
      "geometry": {
        "type": "Point",
        "coordinates": [
          -1.065,
          45.57
        ]
      },
      "properties": {
        "pb": 203,
        "nom": "Pointe de Grave",
        "departement": "33",
        "wlotta": "Position Géographique : 45°34,2 N 001°03,9 W",
        "accessibilite": "Voiture",
        "villeProche": "",
        "structure": "Tour blanche haut noir",
        "validationExpedition": "Oui",
        "positionDMS": "45°34,2 N 001°03,9 W",
        "recherchePourcentage": "100%",
        "derniereActivite": "2019",
        "typePoint": "lighthouse"
      }
    },
    {
      "type": "Feature",
      "id": "PB204",
      "geometry": {
        "type": "Point",
        "coordinates": [
          -3.925,
          45.43666666666667
        ]
      },
      "properties": {
        "pb": 204,
        "nom": "Phare de Richard",
        "departement": "33",
        "wlotta": "Position Géographique : 45°26,2 N 003°55,5 W",
        "accessibilite": "Voiture",
        "villeProche": "",
        "structure": "Tour Grise",
        "validationExpedition": "Oui",
        "positionDMS": "45°26,2 N 003°55,5 W",
        "recherchePourcentage": "100%",
        "derniereActivite": "2018",
        "typePoint": "lighthouse"
      }
    },
    {
      "type": "Feature",
      "id": "PB205",
      "geometry": {
        "type": "Point",
        "coordinates": [
          3.501666666666667,
          43.263333333333335
        ]
      },
      "properties": {
        "pb": 205,
        "nom": "Ile de Brescou",
        "departement": "34",
        "wlotta": "0500",
        "accessibilite": "Bateau",
        "villeProche": "",
        "structure": "Tour blanche haut rouge",
        "validationExpedition": "Oui",
        "positionDMS": "43°15,8 N 003°30,1 E",
        "recherchePourcentage": "90%",
        "derniereActivite": "2017",
        "typePoint": "lighthouse"
      }
    },
    {
      "type": "Feature",
      "id": "PB206",
      "geometry": {
        "type": "Point",
        "coordinates": [
          3.69,
          43.395
        ]
      },
      "properties": {
        "pb": 206,
        "nom": "Mont de Sète - Mont Saint Clair",
        "departement": "34",
        "wlotta": "Position Géographique : 43°23,7 N 003°41,4 E",
        "accessibilite": "Voiture",
        "villeProche": "",
        "structure": "Tour blanche haut rouge",
        "validationExpedition": "Oui",
        "positionDMS": "43°23,7 N 003°41,4 E",
        "recherchePourcentage": "52%",
        "derniereActivite": "2005",
        "typePoint": "lighthouse"
      }
    },
    {
      "type": "Feature",
      "id": "PB208",
      "geometry": {
        "type": "Point",
        "coordinates": [
          3.705,
          43.39833333333333
        ]
      },
      "properties": {
        "pb": 208,
        "nom": "Mole Saint Louis",
        "departement": "34",
        "wlotta": "Position Géographique : 43°23,9 N 003°42,3 E",
        "accessibilite": "Voiture",
        "villeProche": "",
        "structure": "Tour blanche lanterne rouge",
        "validationExpedition": "Oui",
        "positionDMS": "43°23,9 N 003°42,3 E",
        "recherchePourcentage": "48%",
        "derniereActivite": "2018",
        "typePoint": "lighthouse"
      }
    },
    {
      "type": "Feature",
      "id": "PB209",
      "geometry": {
        "type": "Point",
        "coordinates": [
          3.716666666666667,
          43.39833333333333
        ]
      },
      "properties": {
        "pb": 209,
        "nom": "Epi Dellon",
        "departement": "34",
        "wlotta": "0500",
        "accessibilite": "Bateau",
        "villeProche": "",
        "structure": "Tour blanche haut rouge",
        "validationExpedition": "Oui",
        "positionDMS": "43°23,9 N 003°43,0 E",
        "recherchePourcentage": "90%",
        "derniereActivite": "Expéditions réalisées :",
        "typePoint": "lighthouse"
      }
    },
    {
      "type": "Feature",
      "id": "PB210",
      "geometry": {
        "type": "Point",
        "coordinates": [
          3.5366666666666666,
          43.35
        ]
      },
      "properties": {
        "pb": 210,
        "nom": "Les Onglous",
        "departement": "34",
        "wlotta": "Position Géographique : 43°21,0 N 003°32,2 E",
        "accessibilite": "Voiture",
        "villeProche": "",
        "structure": "Tour blanche haut rouge",
        "validationExpedition": "Oui",
        "positionDMS": "43°21,0 N 003°32,2 E",
        "recherchePourcentage": "67%",
        "derniereActivite": "2018",
        "typePoint": "lighthouse"
      }
    },
    {
      "type": "Feature",
      "id": "PB211",
      "geometry": {
        "type": "Point",
        "coordinates": [
          -2.0833333333333335,
          48.67
        ]
      },
      "properties": {
        "pb": 211,
        "nom": "Grand Jardin",
        "departement": "35",
        "wlotta": "1038",
        "accessibilite": "Bateau",
        "villeProche": "",
        "structure": "Tour grise haut rouge",
        "validationExpedition": "Oui",
        "positionDMS": "48°40,2 N 002°05,0 W",
        "recherchePourcentage": "100%",
        "derniereActivite": "Expéditions réalisées :",
        "typePoint": "lighthouse"
      }
    },
    {
      "type": "Feature",
      "id": "PB213",
      "geometry": {
        "type": "Point",
        "coordinates": [
          -1.815,
          48.73
        ]
      },
      "properties": {
        "pb": 213,
        "nom": "Le Herpin",
        "departement": "35",
        "wlotta": "3148",
        "accessibilite": "Bateau",
        "villeProche": "",
        "structure": "Tour blanche haut et base noire",
        "validationExpedition": "Oui",
        "positionDMS": "48°43,8 N 001°48,9 W",
        "recherchePourcentage": "100%",
        "derniereActivite": "Expéditions réalisées :",
        "typePoint": "lighthouse"
      }
    },
    {
      "type": "Feature",
      "id": "PB214",
      "geometry": {
        "type": "Point",
        "coordinates": [
          -1.9783333333333335,
          48.67166666666667
        ]
      },
      "properties": {
        "pb": 214,
        "nom": "Rochebonne",
        "departement": "35",
        "wlotta": "Position Géographique : 48°40,3 N 001°58,7 W",
        "accessibilite": "Voiture",
        "villeProche": "",
        "structure": "Tour carrée grise - Face Ouest blanche - Haut rouge",
        "validationExpedition": "Oui",
        "positionDMS": "48°40,3 N 001°58,7 W",
        "recherchePourcentage": "100%",
        "derniereActivite": "Expéditions réalisées :",
        "typePoint": "lighthouse"
      }
    },
    {
      "type": "Feature",
      "id": "PB215",
      "geometry": {
        "type": "Point",
        "coordinates": [
          -2.0016666666666665,
          48.626666666666665
        ]
      },
      "properties": {
        "pb": 215,
        "nom": "La Balue",
        "departement": "35",
        "wlotta": "Position Géographique : 48°37,6 N 002°00,1 W",
        "accessibilite": "Voiture",
        "villeProche": "",
        "structure": "Tour carrée grise",
        "validationExpedition": "Oui",
        "positionDMS": "48°37,6 N 002°00,1 W",
        "recherchePourcentage": "71%",
        "derniereActivite": "2003",
        "typePoint": "lighthouse"
      }
    },
    {
      "type": "Feature",
      "id": "PB216",
      "geometry": {
        "type": "Point",
        "coordinates": [
          -2.0216666666666665,
          48.63666666666667
        ]
      },
      "properties": {
        "pb": 216,
        "nom": "Les Bas Sablons",
        "departement": "35",
        "wlotta": "Position Géographique : 48°38,2 N 002°01,3 W",
        "accessibilite": "Voiture",
        "villeProche": "",
        "structure": "Tour carrée blanche haut noir",
        "validationExpedition": "Oui",
        "positionDMS": "48°38,2 N 002°01,3 W",
        "recherchePourcentage": "100%",
        "derniereActivite": "Expéditions réalisées :",
        "typePoint": "lighthouse"
      }
    },
    {
      "type": "Feature",
      "id": "PB217",
      "geometry": {
        "type": "Point",
        "coordinates": [
          -1.32,
          44.095
        ]
      },
      "properties": {
        "pb": 217,
        "nom": "Contis-les-Bains",
        "departement": "40",
        "wlotta": "Position Géographique : 44°05,7 N 001°19,2 W",
        "accessibilite": "Voiture",
        "villeProche": "",
        "structure": "Tour blanche bandes diagonales noires",
        "validationExpedition": "Oui",
        "positionDMS": "44°05,7 N 001°19,2 W",
        "recherchePourcentage": "86%",
        "derniereActivite": "2015",
        "typePoint": "lighthouse"
      }
    },
    {
      "type": "Feature",
      "id": "PB218",
      "geometry": {
        "type": "Point",
        "coordinates": [
          -2.4683333333333333,
          47.17666666666667
        ]
      },
      "properties": {
        "pb": 218,
        "nom": "La Banche",
        "departement": "44",
        "wlotta": "0110",
        "accessibilite": "Bateau",
        "villeProche": "",
        "structure": "Tour bandes noires et blanches",
        "validationExpedition": "Oui",
        "positionDMS": "47°10,6 N 002°28,1 W",
        "recherchePourcentage": "90%",
        "derniereActivite": "2015",
        "typePoint": "lighthouse"
      }
    },
    {
      "type": "Feature",
      "id": "PB219",
      "geometry": {
        "type": "Point",
        "coordinates": [
          -2.3183333333333334,
          47.21333333333333
        ]
      },
      "properties": {
        "pb": 219,
        "nom": "Le Grand Charpentier",
        "departement": "44",
        "wlotta": "0533",
        "accessibilite": "Bateau",
        "villeProche": "",
        "structure": "Tour grise lanterne verte",
        "validationExpedition": "Oui",
        "positionDMS": "47°12,8 N 002°19,1 W",
        "recherchePourcentage": "90%",
        "derniereActivite": "2014",
        "typePoint": "lighthouse"
      }
    },
    {
      "type": "Feature",
      "id": "PB220",
      "geometry": {
        "type": "Point",
        "coordinates": [
          -2.4683333333333333,
          47.29833333333333
        ]
      },
      "properties": {
        "pb": 220,
        "nom": "Plateau du Four",
        "departement": "44",
        "wlotta": "0038",
        "accessibilite": "Bateau",
        "villeProche": "",
        "structure": "Tour bandes obliques noires et blanches",
        "validationExpedition": "Oui",
        "positionDMS": "47°17,9 N 002°28,1 W",
        "recherchePourcentage": "71%",
        "derniereActivite": "2015",
        "typePoint": "lighthouse"
      }
    },
    {
      "type": "Feature",
      "id": "PB221",
      "geometry": {
        "type": "Point",
        "coordinates": [
          -2.2466666666666666,
          47.13333333333333
        ]
      },
      "properties": {
        "pb": 221,
        "nom": "Pointe Saint Gildas",
        "departement": "44",
        "wlotta": "Non",
        "accessibilite": "Voiture",
        "villeProche": "",
        "structure": "Maison blanche haut vert",
        "validationExpedition": "Oui",
        "positionDMS": "47°08,0 N 002°14,8 W",
        "recherchePourcentage": "52%",
        "derniereActivite": "2015",
        "typePoint": "lighthouse"
      }
    },
    {
      "type": "Feature",
      "id": "PB222",
      "geometry": {
        "type": "Point",
        "coordinates": [
          -2.4683333333333333,
          47.42166666666667
        ]
      },
      "properties": {
        "pb": 222,
        "nom": "Mesquer Jetée",
        "departement": "44",
        "wlotta": "Non",
        "accessibilite": "Voiture",
        "villeProche": "",
        "structure": "Colonne Blanche haut Vert",
        "validationExpedition": "Oui",
        "positionDMS": "47°25,3 N 002°28,1 W",
        "recherchePourcentage": "52%",
        "derniereActivite": "2015",
        "typePoint": "lighthouse"
      }
    },
    {
      "type": "Feature",
      "id": "PB223",
      "geometry": {
        "type": "Point",
        "coordinates": [
          -2.41,
          47.266666666666666
        ]
      },
      "properties": {
        "pb": 223,
        "nom": "Les Petits Impairs",
        "departement": "44",
        "wlotta": "Non",
        "accessibilite": "Bateau",
        "villeProche": "",
        "structure": "Tour noire haut vert",
        "validationExpedition": "Oui",
        "positionDMS": "47°16,0 N 002°24,6 W",
        "recherchePourcentage": "81%",
        "derniereActivite": "2016",
        "typePoint": "lighthouse"
      }
    },
    {
      "type": "Feature",
      "id": "PB224",
      "geometry": {
        "type": "Point",
        "coordinates": [
          -2.5233333333333334,
          47.30833333333333
        ]
      },
      "properties": {
        "pb": 224,
        "nom": "Trehic",
        "departement": "44",
        "wlotta": "Non",
        "accessibilite": "A pieds",
        "villeProche": "",
        "structure": "Tour tronconique grise haut vert",
        "validationExpedition": "Oui",
        "positionDMS": "47°18,5 N 002°31,4 W",
        "recherchePourcentage": "81%",
        "derniereActivite": "2015",
        "typePoint": "lighthouse"
      }
    },
    {
      "type": "Feature",
      "id": "PB225",
      "geometry": {
        "type": "Point",
        "coordinates": [
          -2.115,
          47.11
        ]
      },
      "properties": {
        "pb": 225,
        "nom": "Pornic",
        "departement": "44",
        "wlotta": "Non",
        "accessibilite": "Voiture",
        "villeProche": "",
        "structure": "Tour blanche haut vert",
        "validationExpedition": "Oui",
        "positionDMS": "47°06,6 N 002°06,9 W",
        "recherchePourcentage": "43%",
        "derniereActivite": "2015",
        "typePoint": "lighthouse"
      }
    },
    {
      "type": "Feature",
      "id": "PB226",
      "geometry": {
        "type": "Point",
        "coordinates": [
          -2.5166666666666666,
          47.3
        ]
      },
      "properties": {
        "pb": 226,
        "nom": "Le Croisic N°1",
        "departement": "44",
        "wlotta": "Non",
        "accessibilite": "Voiture",
        "villeProche": "",
        "structure": "Pylone blanc - marque rectangulaire orange",
        "validationExpedition": "Oui",
        "positionDMS": "47°18,0 N 002°31,0 W",
        "recherchePourcentage": "81%",
        "derniereActivite": "2016",
        "typePoint": "lighthouse"
      }
    },
    {
      "type": "Feature",
      "id": "PB227",
      "geometry": {
        "type": "Point",
        "coordinates": [
          -2.2283333333333335,
          47.255
        ]
      },
      "properties": {
        "pb": 227,
        "nom": "Villes-Martin Jetée",
        "departement": "44",
        "wlotta": "0350",
        "accessibilite": "A pieds",
        "villeProche": "",
        "structure": "Tour tronconique blanche haut rouge",
        "validationExpedition": "Oui",
        "positionDMS": "47°15,3 N 002°13,7 W",
        "recherchePourcentage": "100%",
        "derniereActivite": "2014",
        "typePoint": "lighthouse"
      }
    },
    {
      "type": "Feature",
      "id": "PB228",
      "geometry": {
        "type": "Point",
        "coordinates": [
          -2.263333333333333,
          47.24333333333333
        ]
      },
      "properties": {
        "pb": 228,
        "nom": "Pointe d'Aiguillon",
        "departement": "44",
        "wlotta": "Non",
        "accessibilite": "Voiture",
        "villeProche": "",
        "structure": "Tour blanche",
        "validationExpedition": "Oui",
        "positionDMS": "47°14,6 N 002°15,8 W",
        "recherchePourcentage": "100%",
        "derniereActivite": "2016",
        "typePoint": "lighthouse"
      }
    },
    {
      "type": "Feature",
      "id": "PB229",
      "geometry": {
        "type": "Point",
        "coordinates": [
          -1.5716666666666668,
          47.208333333333336
        ]
      },
      "properties": {
        "pb": 229,
        "nom": "Nantes",
        "departement": "44",
        "wlotta": "Non",
        "accessibilite": "Voiture",
        "villeProche": "",
        "structure": "Pylone blanc",
        "validationExpedition": "Oui",
        "positionDMS": "47°12,5 N 001°34,3 W",
        "recherchePourcentage": "100%",
        "derniereActivite": "1999",
        "typePoint": "lighthouse"
      }
    },
    {
      "type": "Feature",
      "id": "PB230",
      "geometry": {
        "type": "Point",
        "coordinates": [
          -2.195,
          47.27166666666667
        ]
      },
      "properties": {
        "pb": 230,
        "nom": "Vieux-Môle",
        "departement": "44",
        "wlotta": "Non",
        "accessibilite": "Voiture",
        "villeProche": "",
        "structure": "Tour blanche haut rouge",
        "validationExpedition": "Oui",
        "positionDMS": "47°16,3 N 002°11,7 W",
        "recherchePourcentage": "81%",
        "derniereActivite": "2016",
        "typePoint": "lighthouse"
      }
    },
    {
      "type": "Feature",
      "id": "PB231",
      "geometry": {
        "type": "Point",
        "coordinates": [
          -2.2466666666666666,
          47.26166666666666
        ]
      },
      "properties": {
        "pb": 231,
        "nom": "Kerlede",
        "departement": "44",
        "wlotta": "Non",
        "accessibilite": "Voiture",
        "villeProche": "",
        "structure": "Vieux phare",
        "validationExpedition": "Oui",
        "positionDMS": "47°15,7 N 002°14,8 W",
        "recherchePourcentage": "86%",
        "derniereActivite": "2016",
        "typePoint": "lighthouse"
      }
    },
    {
      "type": "Feature",
      "id": "PB232",
      "geometry": {
        "type": "Point",
        "coordinates": [
          -2.033333333333333,
          47.29
        ]
      },
      "properties": {
        "pb": 232,
        "nom": "Paimboeuf",
        "departement": "44",
        "wlotta": "Non",
        "accessibilite": "Voiture",
        "villeProche": "",
        "structure": "Tour blanche haut vert",
        "validationExpedition": "Oui",
        "positionDMS": "47°17,4 N 002°02,0 W",
        "recherchePourcentage": "81%",
        "derniereActivite": "2015",
        "typePoint": "lighthouse"
      }
    },
    {
      "type": "Feature",
      "id": "PB233",
      "geometry": {
        "type": "Point",
        "coordinates": [
          -2.545,
          47.38166666666667
        ]
      },
      "properties": {
        "pb": 233,
        "nom": "Piriac sur Mer",
        "departement": "44",
        "wlotta": "Non",
        "accessibilite": "Voiture",
        "villeProche": "",
        "structure": "Tour tronconique blanche",
        "validationExpedition": "Oui",
        "positionDMS": "47°22,9 N 002°32,7 W",
        "recherchePourcentage": "81%",
        "derniereActivite": "2015",
        "typePoint": "lighthouse"
      }
    },
    {
      "type": "Feature",
      "id": "PB234",
      "geometry": {
        "type": "Point",
        "coordinates": [
          -2.07,
          47.305
        ]
      },
      "properties": {
        "pb": 234,
        "nom": "Donges - Jetée",
        "departement": "44",
        "wlotta": "Non",
        "accessibilite": "Voiture",
        "villeProche": "",
        "structure": "Tour métallique rouge",
        "validationExpedition": "Oui",
        "positionDMS": "47°18,3 N 002°04,2 W",
        "recherchePourcentage": "90%",
        "derniereActivite": "2015",
        "typePoint": "lighthouse"
      }
    },
    {
      "type": "Feature",
      "id": "PB235",
      "geometry": {
        "type": "Point",
        "coordinates": [
          -2.3516666666666666,
          47.25833333333333
        ]
      },
      "properties": {
        "pb": 235,
        "nom": "Port de Pornichet - Jetée Sud",
        "departement": "44",
        "wlotta": "Non",
        "accessibilite": "Voiture",
        "villeProche": "",
        "structure": "Tour tronconique blanche haut vert",
        "validationExpedition": "Oui",
        "positionDMS": "47°15,5 N 002°21,1 W",
        "recherchePourcentage": "100%",
        "derniereActivite": "2016",
        "typePoint": "lighthouse"
      }
    },
    {
      "type": "Feature",
      "id": "PB236",
      "geometry": {
        "type": "Point",
        "coordinates": [
          -2.2483333333333335,
          47.255
        ]
      },
      "properties": {
        "pb": 236,
        "nom": "Portcé - Falaise",
        "departement": "44",
        "wlotta": "Non",
        "accessibilite": "Voiture",
        "villeProche": "",
        "structure": "Tour voyants rectangulaires blancs",
        "validationExpedition": "Oui",
        "positionDMS": "47°15,3 N 002°14,9 W",
        "recherchePourcentage": "100%",
        "derniereActivite": "2015",
        "typePoint": "lighthouse"
      }
    },
    {
      "type": "Feature",
      "id": "PB237",
      "geometry": {
        "type": "Point",
        "coordinates": [
          -2.203333333333333,
          47.266666666666666
        ]
      },
      "properties": {
        "pb": 237,
        "nom": "Saint Nazaire - Jetée Ouest",
        "departement": "44",
        "wlotta": "Non",
        "accessibilite": "A pieds",
        "villeProche": "",
        "structure": "Tour blanche haut rouge",
        "validationExpedition": "Oui",
        "positionDMS": "47°16,0 N 002°12,2 W",
        "recherchePourcentage": "100%",
        "derniereActivite": "2016",
        "typePoint": "lighthouse"
      }
    },
    {
      "type": "Feature",
      "id": "PB238",
      "geometry": {
        "type": "Point",
        "coordinates": [
          -2.2016666666666667,
          47.266666666666666
        ]
      },
      "properties": {
        "pb": 238,
        "nom": "Saint Nazaire - Jetée Est",
        "departement": "44",
        "wlotta": "Non",
        "accessibilite": "Voiture",
        "villeProche": "",
        "structure": "Tour blanche haut vert",
        "validationExpedition": "Oui",
        "positionDMS": "47°16,0 N 002°12,1 W",
        "recherchePourcentage": "95%",
        "derniereActivite": "2016",
        "typePoint": "lighthouse"
      }
    },
    {
      "type": "Feature",
      "id": "PB239",
      "geometry": {
        "type": "Point",
        "coordinates": [
          -2.09,
          47.306666666666665
        ]
      },
      "properties": {
        "pb": 239,
        "nom": "Montoir - Arceau",
        "departement": "44",
        "wlotta": "Non",
        "accessibilite": "Voiture",
        "villeProche": "",
        "structure": "Pylône blanc haut rouge",
        "validationExpedition": "Oui",
        "positionDMS": "47°18,4 N 002°05,4 W",
        "recherchePourcentage": "100%",
        "derniereActivite": "2016",
        "typePoint": "lighthouse"
      }
    },
    {
      "type": "Feature",
      "id": "PB240",
      "geometry": {
        "type": "Point",
        "coordinates": [
          -2.5166666666666666,
          47.345
        ]
      },
      "properties": {
        "pb": 240,
        "nom": "La Turballe - Jetée Ouest - Garlahy",
        "departement": "44",
        "wlotta": "Non",
        "accessibilite": "Voiture",
        "villeProche": "",
        "structure": "Pylône blanc haut rouge",
        "validationExpedition": "Oui",
        "positionDMS": "47°20,7 N 002°31,0 W",
        "recherchePourcentage": "100%",
        "derniereActivite": "2015",
        "typePoint": "lighthouse"
      }
    },
    {
      "type": "Feature",
      "id": "PB241",
      "geometry": {
        "type": "Point",
        "coordinates": [
          -2.1966666666666668,
          47.275
        ]
      },
      "properties": {
        "pb": 241,
        "nom": "Old Dock Entrée",
        "departement": "44",
        "wlotta": "Non",
        "accessibilite": "Voiture",
        "villeProche": "",
        "structure": "Pylône rouge",
        "validationExpedition": "Oui",
        "positionDMS": "47°16,5 N 002°11,8 W",
        "recherchePourcentage": "100%",
        "derniereActivite": "2015",
        "typePoint": "lighthouse"
      }
    },
    {
      "type": "Feature",
      "id": "PB242",
      "geometry": {
        "type": "Point",
        "coordinates": [
          -2.1816666666666666,
          47.233333333333334
        ]
      },
      "properties": {
        "pb": 242,
        "nom": "Le Pointeau - South Breakwater",
        "departement": "44",
        "wlotta": "Non",
        "accessibilite": "A pieds",
        "villeProche": "",
        "structure": "Pylône rouge",
        "validationExpedition": "Oui",
        "positionDMS": "47°14,0 N 002°10,9 W",
        "recherchePourcentage": "100%",
        "derniereActivite": "Expéditions réalisées :",
        "typePoint": "lighthouse"
      }
    },
    {
      "type": "Feature",
      "id": "PB243",
      "geometry": {
        "type": "Point",
        "coordinates": [
          -2.1466666666666665,
          47.30166666666667
        ]
      },
      "properties": {
        "pb": 243,
        "nom": "Le Village N°1",
        "departement": "44",
        "wlotta": "Non",
        "accessibilite": "Voiture",
        "villeProche": "",
        "structure": "Tour rouge et blanche",
        "validationExpedition": "Oui",
        "positionDMS": "47°18,1 N 002°08,8 W",
        "recherchePourcentage": "100%",
        "derniereActivite": "2016",
        "typePoint": "lighthouse"
      }
    },
    {
      "type": "Feature",
      "id": "PB244",
      "geometry": {
        "type": "Point",
        "coordinates": [
          -1.6116666666666668,
          48.835
        ]
      },
      "properties": {
        "pb": 244,
        "nom": "Pointe du Roc",
        "departement": "50",
        "wlotta": "Non",
        "accessibilite": "Voiture",
        "villeProche": "",
        "structure": "Tour grise haut rouge",
        "validationExpedition": "Oui",
        "positionDMS": "48°50,1 N 001°36,7 W",
        "recherchePourcentage": "100%",
        "derniereActivite": "Expéditions réalisées :",
        "typePoint": "lighthouse"
      }
    },
    {
      "type": "Feature",
      "id": "PB245",
      "geometry": {
        "type": "Point",
        "coordinates": [
          -1.955,
          49.723333333333336
        ]
      },
      "properties": {
        "pb": 245,
        "nom": "Cap de la Hague",
        "departement": "50",
        "wlotta": "0248",
        "accessibilite": "Bateau",
        "villeProche": "",
        "structure": "Tour grise haut blanc",
        "validationExpedition": "Oui",
        "positionDMS": "49°43,4 N 001°57,3 W",
        "recherchePourcentage": "100%",
        "derniereActivite": "Expéditions réalisées :",
        "typePoint": "lighthouse"
      }
    },
    {
      "type": "Feature",
      "id": "PB246",
      "geometry": {
        "type": "Point",
        "coordinates": [
          -1.6616666666666666,
          49.09166666666667
        ]
      },
      "properties": {
        "pb": 246,
        "nom": "Le Senequet",
        "departement": "50",
        "wlotta": "1478",
        "accessibilite": "Bateau",
        "villeProche": "",
        "structure": "Tour blanche",
        "validationExpedition": "Oui",
        "positionDMS": "49°05,5 N 001°39,7 W",
        "recherchePourcentage": "100%",
        "derniereActivite": "Expéditions réalisées :",
        "typePoint": "lighthouse"
      }
    },
    {
      "type": "Feature",
      "id": "PB247",
      "geometry": {
        "type": "Point",
        "coordinates": [
          -1.1466666666666667,
          49.498333333333335
        ]
      },
      "properties": {
        "pb": 247,
        "nom": "Ile Saint Marcouf - Ile du large",
        "departement": "50",
        "wlotta": "Position Géographique : 49°29,9 N 001°08,8 W",
        "accessibilite": "Bateau",
        "villeProche": "",
        "structure": "Tour carrée grise haut vert",
        "validationExpedition": "Oui",
        "positionDMS": "49°29,9 N 001°08,8 W",
        "recherchePourcentage": "52%",
        "derniereActivite": "2013",
        "typePoint": "lighthouse"
      }
    },
    {
      "type": "Feature",
      "id": "PB248",
      "geometry": {
        "type": "Point",
        "coordinates": [
          -1.8216666666666668,
          48.87
        ]
      },
      "properties": {
        "pb": 248,
        "nom": "Ile Chausey - Grande Ile",
        "departement": "50",
        "wlotta": "0424",
        "accessibilite": "Bateau",
        "villeProche": "",
        "structure": "Tour carrée grise",
        "validationExpedition": "Oui",
        "positionDMS": "48°52,2 N 001°49,3 W",
        "recherchePourcentage": "41%",
        "derniereActivite": "2022",
        "typePoint": "lighthouse"
      }
    },
    {
      "type": "Feature",
      "id": "PB249",
      "geometry": {
        "type": "Point",
        "coordinates": [
          -1.2666666666666666,
          49.696666666666665
        ]
      },
      "properties": {
        "pb": 249,
        "nom": "Pointe de Barfleur",
        "departement": "50",
        "wlotta": "Non",
        "accessibilite": "A pieds",
        "villeProche": "",
        "structure": "Tour grise haut noir",
        "validationExpedition": "Oui",
        "positionDMS": "49°41,8 N 001°16,0 W",
        "recherchePourcentage": "76%",
        "derniereActivite": "2023",
        "typePoint": "lighthouse"
      }
    },
    {
      "type": "Feature",
      "id": "PB250",
      "geometry": {
        "type": "Point",
        "coordinates": [
          -1.4733333333333334,
          49.695
        ]
      },
      "properties": {
        "pb": 250,
        "nom": "Cap Levi",
        "departement": "50",
        "wlotta": "Non",
        "accessibilite": "Voiture",
        "villeProche": "",
        "structure": "Tour carrée grise haut blanc",
        "validationExpedition": "Oui",
        "positionDMS": "49°41,7 N 001°28,4 W",
        "recherchePourcentage": "67%",
        "derniereActivite": "2005",
        "typePoint": "lighthouse"
      }
    },
    {
      "type": "Feature",
      "id": "PB251",
      "geometry": {
        "type": "Point",
        "coordinates": [
          -1.8066666666666666,
          49.373333333333335
        ]
      },
      "properties": {
        "pb": 251,
        "nom": "Cap de Carteret",
        "departement": "50",
        "wlotta": "Non",
        "accessibilite": "Voiture",
        "villeProche": "",
        "structure": "Tour grise haut vert",
        "validationExpedition": "Oui",
        "positionDMS": "49°22,4 N 001°48,4 W",
        "recherchePourcentage": "90%",
        "derniereActivite": "Expéditions réalisées :",
        "typePoint": "lighthouse"
      }
    },
    {
      "type": "Feature",
      "id": "PB252",
      "geometry": {
        "type": "Point",
        "coordinates": [
          -1.6483333333333334,
          49.675
        ]
      },
      "properties": {
        "pb": 252,
        "nom": "Fort de l'Ouest - Digue centrale",
        "departement": "50",
        "wlotta": "1133",
        "accessibilite": "Bateau",
        "villeProche": "",
        "structure": "Tour grise haut rouge",
        "validationExpedition": "Oui",
        "positionDMS": "49°40,5 N 001°38,9 W",
        "recherchePourcentage": "100%",
        "derniereActivite": "Expéditions réalisées :",
        "typePoint": "lighthouse"
      }
    },
    {
      "type": "Feature",
      "id": "PB253",
      "geometry": {
        "type": "Point",
        "coordinates": [
          -1.5466666666666666,
          49.655
        ]
      },
      "properties": {
        "pb": 253,
        "nom": "Le Becquet Front",
        "departement": "50",
        "wlotta": "Non",
        "accessibilite": "Voiture",
        "villeProche": "",
        "structure": "2 phares - Tourelle octogonale blanche",
        "validationExpedition": "Oui",
        "positionDMS": "49°39,3 N 001°32,8 W",
        "recherchePourcentage": "100%",
        "derniereActivite": "Expéditions réalisées :",
        "typePoint": "lighthouse"
      }
    },
    {
      "type": "Feature",
      "id": "PB254",
      "geometry": {
        "type": "Point",
        "coordinates": [
          -1.3183333333333334,
          49.57
        ]
      },
      "properties": {
        "pb": 254,
        "nom": "Phare des Arquets - Morsalines",
        "departement": "50",
        "wlotta": "Non",
        "accessibilite": "Voiture",
        "villeProche": "",
        "structure": "Tour octogonale blanche haut vert",
        "validationExpedition": "Oui",
        "positionDMS": "49°34,2 N 001°19,1 W",
        "recherchePourcentage": "81%",
        "derniereActivite": "2003",
        "typePoint": "lighthouse"
      }
    },
    {
      "type": "Feature",
      "id": "PB255",
      "geometry": {
        "type": "Point",
        "coordinates": [
          -1.2566666666666666,
          49.586666666666666
        ]
      },
      "properties": {
        "pb": 255,
        "nom": "St Vaast La Hougue - Jetée",
        "departement": "50",
        "wlotta": "Non",
        "accessibilite": "A Pieds",
        "villeProche": "",
        "structure": "Tour octogonale métallique blanche haut rouge",
        "validationExpedition": "Oui",
        "positionDMS": "49°35,2 N 001°15,4 W",
        "recherchePourcentage": "100%",
        "derniereActivite": "Expéditions réalisées :",
        "typePoint": "lighthouse"
      }
    },
    {
      "type": "Feature",
      "id": "PB256",
      "geometry": {
        "type": "Point",
        "coordinates": [
          -1.23,
          49.60666666666667
        ]
      },
      "properties": {
        "pb": 256,
        "nom": "Pointe de Saire",
        "departement": "50",
        "wlotta": "Non",
        "accessibilite": "Voiture",
        "villeProche": "",
        "structure": "Tour carrée blanche haut vert",
        "validationExpedition": "Oui",
        "positionDMS": "49°36,4 N 001°13,8 W",
        "recherchePourcentage": "100 %",
        "derniereActivite": "Expéditions réalisées :",
        "typePoint": "lighthouse"
      }
    },
    {
      "type": "Feature",
      "id": "PB257",
      "geometry": {
        "type": "Point",
        "coordinates": [
          -1.2583333333333333,
          49.67
        ]
      },
      "properties": {
        "pb": 257,
        "nom": "Barfleur Ville - Front",
        "departement": "50",
        "wlotta": "Non",
        "accessibilite": "Voiture",
        "villeProche": "",
        "structure": "Tour carrée blanche",
        "validationExpedition": "Oui",
        "positionDMS": "49°40,2 N 001°15,5 W",
        "recherchePourcentage": "100 %",
        "derniereActivite": "Expéditions réalisées :",
        "typePoint": "lighthouse"
      }
    },
    {
      "type": "Feature",
      "id": "PB258",
      "geometry": {
        "type": "Point",
        "coordinates": [
          -1.2633333333333334,
          49.66833333333334
        ]
      },
      "properties": {
        "pb": 258,
        "nom": "Barfleur Ville - Front",
        "departement": "50",
        "wlotta": "Non",
        "accessibilite": "Voiture",
        "villeProche": "",
        "structure": "Tour grise et blanche haut vert",
        "validationExpedition": "Oui",
        "positionDMS": "49°40,1 N 001°15,8 W",
        "recherchePourcentage": "100 %",
        "derniereActivite": "Expéditions réalisées :",
        "typePoint": "lighthouse"
      }
    },
    {
      "type": "Feature",
      "id": "PB259",
      "geometry": {
        "type": "Point",
        "coordinates": [
          -1.8633333333333333,
          49.553333333333335
        ]
      },
      "properties": {
        "pb": 259,
        "nom": "Dielette - Digue Ouest",
        "departement": "50",
        "wlotta": "Non",
        "accessibilite": "Pieds",
        "villeProche": "",
        "structure": "Tour blanche haut vert",
        "validationExpedition": "Oui",
        "positionDMS": "49°33,2 N 001°51,8 W",
        "recherchePourcentage": "100 %",
        "derniereActivite": "Expéditions réalisées :",
        "typePoint": "lighthouse"
      }
    },
    {
      "type": "Feature",
      "id": "PB260",
      "geometry": {
        "type": "Point",
        "coordinates": [
          -1.5766666666666667,
          49.00333333333333
        ]
      },
      "properties": {
        "pb": 260,
        "nom": "Regneville - Pointe d'Agon",
        "departement": "50",
        "wlotta": "Non",
        "accessibilite": "Voiture",
        "villeProche": "",
        "structure": "Tour blanche haut rouge",
        "validationExpedition": "Oui",
        "positionDMS": "49°00,2 N 001°34,6 W",
        "recherchePourcentage": "90 %",
        "derniereActivite": "2011",
        "typePoint": "lighthouse"
      }
    },
    {
      "type": "Feature",
      "id": "PB261",
      "geometry": {
        "type": "Point",
        "coordinates": [
          -1.5566666666666666,
          49.01166666666666
        ]
      },
      "properties": {
        "pb": 261,
        "nom": "Havre de Regneville 028°",
        "departement": "50",
        "wlotta": "Non",
        "accessibilite": "Voiture",
        "villeProche": "",
        "structure": "Maison",
        "validationExpedition": "Oui",
        "positionDMS": "49°00,7 N 001°33,4 W",
        "recherchePourcentage": "100 %",
        "derniereActivite": "Expéditions réalisées :",
        "typePoint": "lighthouse"
      }
    },
    {
      "type": "Feature",
      "id": "PB262",
      "geometry": {
        "type": "Point",
        "coordinates": [
          -1.8216666666666668,
          48.87
        ]
      },
      "properties": {
        "pb": 262,
        "nom": "Ile Chausey - Grande Ile",
        "departement": "50",
        "wlotta": "0424",
        "accessibilite": "Bateau",
        "villeProche": "",
        "structure": "Tour carrée grise",
        "validationExpedition": "Non (sans carte de validation : votre expédition ne sera pas comptabilisée pour les diplômes expéditionnaires)",
        "positionDMS": "48°52,2 N 001°49,3 W",
        "recherchePourcentage": "100%",
        "derniereActivite": "2022",
        "typePoint": "lighthouse"
      }
    },
    {
      "type": "Feature",
      "id": "PB263",
      "geometry": {
        "type": "Point",
        "coordinates": [
          -2.835,
          47.321666666666665
        ]
      },
      "properties": {
        "pb": 263,
        "nom": "Les Grands Cardinaux",
        "departement": "56",
        "wlotta": "0126",
        "accessibilite": "Bateau",
        "villeProche": "",
        "structure": "Tour rouge large bande blanche",
        "validationExpedition": "Oui",
        "positionDMS": "47°19,3 N 002°50,1 W",
        "recherchePourcentage": "100%",
        "derniereActivite": "2006",
        "typePoint": "lighthouse"
      }
    },
    {
      "type": "Feature",
      "id": "PB264",
      "geometry": {
        "type": "Point",
        "coordinates": [
          -3.046666666666667,
          47.458333333333336
        ]
      },
      "properties": {
        "pb": 264,
        "nom": "La Teignouse",
        "departement": "56",
        "wlotta": "0337",
        "accessibilite": "Bateau",
        "villeProche": "",
        "structure": "Tour rouge large bande blanche",
        "validationExpedition": "Oui",
        "positionDMS": "47°27,5 N 003°02,8 W",
        "recherchePourcentage": "100%",
        "derniereActivite": "Expéditions réalisées :",
        "typePoint": "lighthouse"
      }
    },
    {
      "type": "Feature",
      "id": "PB265",
      "geometry": {
        "type": "Point",
        "coordinates": [
          -2.5033333333333334,
          47.516666666666666
        ]
      },
      "properties": {
        "pb": 265,
        "nom": "Pointe de Penlan",
        "departement": "56",
        "wlotta": "Position Géographique : 47°31,0 N 002°30,2 W",
        "accessibilite": "Voiture",
        "villeProche": "",
        "structure": "Tour bandes blanches et rouges",
        "validationExpedition": "Oui",
        "positionDMS": "47°31,0 N 002°30,2 W",
        "recherchePourcentage": "100%",
        "derniereActivite": "2015",
        "typePoint": "lighthouse"
      }
    },
    {
      "type": "Feature",
      "id": "PB266",
      "geometry": {
        "type": "Point",
        "coordinates": [
          -3.006666666666667,
          47.568333333333335
        ]
      },
      "properties": {
        "pb": 266,
        "nom": "Pointe de Kernevest - Crach Entrée - Front",
        "departement": "56",
        "wlotta": "Position Géographique : 47°34,1 N 003°00,4 W",
        "accessibilite": "Voiture",
        "villeProche": "",
        "structure": "Maison Tourelle tronconique blanche haut vert",
        "validationExpedition": "Oui",
        "positionDMS": "47°34,1 N 003°00,4 W",
        "recherchePourcentage": "100%",
        "derniereActivite": "Expéditions réalisées :",
        "typePoint": "lighthouse"
      }
    },
    {
      "type": "Feature",
      "id": "PB267",
      "geometry": {
        "type": "Point",
        "coordinates": [
          -3.2266666666666666,
          47.31166666666667
        ]
      },
      "properties": {
        "pb": 267,
        "nom": "Goulphar",
        "departement": "56",
        "wlotta": "0872",
        "accessibilite": "Bateau",
        "villeProche": "",
        "structure": "Tour grise lanterne rouge",
        "validationExpedition": "Oui",
        "positionDMS": "47°18,7 N 003°13,6 W",
        "recherchePourcentage": "81%",
        "derniereActivite": "2002",
        "typePoint": "lighthouse"
      }
    },
    {
      "type": "Feature",
      "id": "PB268",
      "geometry": {
        "type": "Point",
        "coordinates": [
          -2.9183333333333334,
          47.54833333333333
        ]
      },
      "properties": {
        "pb": 268,
        "nom": "Port Navalo",
        "departement": "56",
        "wlotta": "Position Géographique : 47°32,9 N 002°55,1 W",
        "accessibilite": "Voiture",
        "villeProche": "",
        "structure": "Tour blanche et maison",
        "validationExpedition": "Oui",
        "positionDMS": "47°32,9 N 002°55,1 W",
        "recherchePourcentage": "100%",
        "derniereActivite": "Expéditions réalisées :",
        "typePoint": "lighthouse"
      }
    },
    {
      "type": "Feature",
      "id": "PB269",
      "geometry": {
        "type": "Point",
        "coordinates": [
          -3.06,
          47.31
        ]
      },
      "properties": {
        "pb": 269,
        "nom": "Les Poulains",
        "departement": "56",
        "wlotta": "0093",
        "accessibilite": "Bateau",
        "villeProche": "",
        "structure": "Tour carrée et maison blanche lanterne rouge",
        "validationExpedition": "Oui",
        "positionDMS": "47°18,6 N 003°03,6 W",
        "recherchePourcentage": "100%",
        "derniereActivite": "2007",
        "typePoint": "lighthouse"
      }
    },
    {
      "type": "Feature",
      "id": "PB270",
      "geometry": {
        "type": "Point",
        "coordinates": [
          -3.058333333333333,
          47.31166666666667
        ]
      },
      "properties": {
        "pb": 270,
        "nom": "Pointe de Kerdonis",
        "departement": "56",
        "wlotta": "0872",
        "accessibilite": "Bateau",
        "villeProche": "",
        "structure": "Tour carrée blanche haut rouge et maison",
        "validationExpedition": "Oui",
        "positionDMS": "47°18,7 N 003°03,5 W",
        "recherchePourcentage": "100%",
        "derniereActivite": "2007",
        "typePoint": "lighthouse"
      }
    },
    {
      "type": "Feature",
      "id": "PB271",
      "geometry": {
        "type": "Point",
        "coordinates": [
          -3.5083333333333333,
          47.64833333333333
        ]
      },
      "properties": {
        "pb": 271,
        "nom": "Pen-Men",
        "departement": "56",
        "wlotta": "0050",
        "accessibilite": "Bateau",
        "villeProche": "",
        "structure": "Tour carrée blanche haut noir",
        "validationExpedition": "Oui",
        "positionDMS": "47°38,9 N 003°30,5 W",
        "recherchePourcentage": "100%",
        "derniereActivite": "2016",
        "typePoint": "lighthouse"
      }
    },
    {
      "type": "Feature",
      "id": "PB272",
      "geometry": {
        "type": "Point",
        "coordinates": [
          -3.421666666666667,
          47.62166666666667
        ]
      },
      "properties": {
        "pb": 272,
        "nom": "Pointe des Chats",
        "departement": "56",
        "wlotta": "0050",
        "accessibilite": "Bateau",
        "villeProche": "",
        "structure": "Tour carrée blanche et maison",
        "validationExpedition": "Oui",
        "positionDMS": "47°37,3 N 003°25,3 W",
        "recherchePourcentage": "100%",
        "derniereActivite": "2016",
        "typePoint": "lighthouse"
      }
    },
    {
      "type": "Feature",
      "id": "PB273",
      "geometry": {
        "type": "Point",
        "coordinates": [
          -3.361666666666667,
          47.70333333333333
        ]
      },
      "properties": {
        "pb": 273,
        "nom": "Les Sœurs",
        "departement": "56",
        "wlotta": "Position Géographique : 47°42,2 N 003°21,7 W",
        "accessibilite": "Bateau",
        "villeProche": "",
        "structure": "Tourelle rouge bande horizontale blanche",
        "validationExpedition": "Oui",
        "positionDMS": "47°42,2 N 003°21,7 W",
        "recherchePourcentage": "100%",
        "derniereActivite": "Expéditions réalisées :",
        "typePoint": "lighthouse"
      }
    },
    {
      "type": "Feature",
      "id": "PB274",
      "geometry": {
        "type": "Point",
        "coordinates": [
          -3.125,
          47.48
        ]
      },
      "properties": {
        "pb": 274,
        "nom": "Port-Maria - Feu principal",
        "departement": "56",
        "wlotta": "Position Géographique : 47°28,8 N 003°07,5 W",
        "accessibilite": "Voiture",
        "villeProche": "",
        "structure": "Tour blanche lanterne verte",
        "validationExpedition": "Oui",
        "positionDMS": "47°28,8 N 003°07,5 W",
        "recherchePourcentage": "86%",
        "derniereActivite": "Expéditions réalisées :",
        "typePoint": "lighthouse"
      }
    },
    {
      "type": "Feature",
      "id": "PB275",
      "geometry": {
        "type": "Point",
        "coordinates": [
          -3.3666666666666667,
          47.72666666666667
        ]
      },
      "properties": {
        "pb": 275,
        "nom": "Keroman Range Front",
        "departement": "56",
        "wlotta": "Position Géographique : 47°43,6 N 003°22,0 W",
        "accessibilite": "Voiture",
        "villeProche": "",
        "structure": "Cabane bandes blanches et rouges",
        "validationExpedition": "Oui",
        "positionDMS": "47°43,6 N 003°22,0 W",
        "recherchePourcentage": "100%",
        "derniereActivite": "Expéditions réalisées :",
        "typePoint": "lighthouse"
      }
    },
    {
      "type": "Feature",
      "id": "PB277",
      "geometry": {
        "type": "Point",
        "coordinates": [
          -3.1,
          47.49
        ]
      },
      "properties": {
        "pb": 277,
        "nom": "Port Haliguen - Nouvelle jetée",
        "departement": "56",
        "wlotta": "Position Géographique : 47°29,4 N 003°06,0 W",
        "accessibilite": "A pieds",
        "villeProche": "",
        "structure": "Tour tronconique blanche haut rouge",
        "validationExpedition": "Oui",
        "positionDMS": "47°29,4 N 003°06,0 W",
        "recherchePourcentage": "100%",
        "derniereActivite": "Expéditions réalisées :",
        "typePoint": "lighthouse"
      }
    },
    {
      "type": "Feature",
      "id": "PB279",
      "geometry": {
        "type": "Point",
        "coordinates": [
          -3.216666666666667,
          47.375
        ]
      },
      "properties": {
        "pb": 279,
        "nom": "Sauzon - Jetée Nord Ouest",
        "departement": "56",
        "wlotta": "0872",
        "accessibilite": "Bateau",
        "villeProche": "",
        "structure": "Tourelle tronconique blanche haut vert",
        "validationExpedition": "Oui",
        "positionDMS": "47°22,5 N 003°13,0 W",
        "recherchePourcentage": "90%",
        "derniereActivite": "Expéditions réalisées :",
        "typePoint": "lighthouse"
      }
    },
    {
      "type": "Feature",
      "id": "PB280",
      "geometry": {
        "type": "Point",
        "coordinates": [
          -3.373333333333333,
          47.715
        ]
      },
      "properties": {
        "pb": 280,
        "nom": "Kernevel - Rear",
        "departement": "56",
        "wlotta": "Position Géographique : 47°42,9 N 003°22,4 W",
        "accessibilite": "Voiture",
        "villeProche": "",
        "structure": "Tour carrée blanche et rouge",
        "validationExpedition": "Oui",
        "positionDMS": "47°42,9 N 003°22,4 W",
        "recherchePourcentage": "100%",
        "derniereActivite": "2016",
        "typePoint": "lighthouse"
      }
    },
    {
      "type": "Feature",
      "id": "PB281",
      "geometry": {
        "type": "Point",
        "coordinates": [
          -3.421666666666667,
          47.70333333333333
        ]
      },
      "properties": {
        "pb": 281,
        "nom": "Lomener - Anse de Stole",
        "departement": "56",
        "wlotta": "Position Géographique : 47°42,2 N 003°25,3 W",
        "accessibilite": "Voiture",
        "villeProche": "",
        "structure": "Tour blanche haut rouge",
        "validationExpedition": "Oui",
        "positionDMS": "47°42,2 N 003°25,3 W",
        "recherchePourcentage": "100%",
        "derniereActivite": "2016",
        "typePoint": "lighthouse"
      }
    },
    {
      "type": "Feature",
      "id": "PB282",
      "geometry": {
        "type": "Point",
        "coordinates": [
          -3.3433333333333333,
          47.74333333333333
        ]
      },
      "properties": {
        "pb": 282,
        "nom": "Pointe de l'Espérance",
        "departement": "50",
        "wlotta": "Non",
        "accessibilite": "Voiture",
        "villeProche": "",
        "structure": "Tour blanche haut vert",
        "validationExpedition": "Oui",
        "positionDMS": "47°44,6 N 003°20,6 W",
        "recherchePourcentage": "100 %",
        "derniereActivite": "2016",
        "typePoint": "lighthouse"
      }
    },
    {
      "type": "Feature",
      "id": "PB284",
      "geometry": {
        "type": "Point",
        "coordinates": [
          -3.461666666666667,
          47.7
        ]
      },
      "properties": {
        "pb": 284,
        "nom": "Kerroc'h",
        "departement": "56",
        "wlotta": "Position Géographique : 47°42,0 N 003°27,7 W",
        "accessibilite": "Voiture",
        "villeProche": "",
        "structure": "Tour tronconique blanche haut rouge",
        "validationExpedition": "Oui",
        "positionDMS": "47°42,0 N 003°27,7 W",
        "recherchePourcentage": "100%",
        "derniereActivite": "2016",
        "typePoint": "lighthouse"
      }
    },
    {
      "type": "Feature",
      "id": "PB285",
      "geometry": {
        "type": "Point",
        "coordinates": [
          -3.12,
          47.48
        ]
      },
      "properties": {
        "pb": 285,
        "nom": "Quiberon Rear",
        "departement": "56",
        "wlotta": "Position Géographique : 47°28,8 N 003°07,2 W",
        "accessibilite": "Voiture",
        "villeProche": "",
        "structure": "Tour tronconique blanche bande médiane et haut noirs",
        "validationExpedition": "Oui",
        "positionDMS": "47°28,8 N 003°07,2 W",
        "recherchePourcentage": "100%",
        "derniereActivite": "Expéditions réalisées :",
        "typePoint": "lighthouse"
      }
    },
    {
      "type": "Feature",
      "id": "PB286",
      "geometry": {
        "type": "Point",
        "coordinates": [
          -3.005,
          47.575
        ]
      },
      "properties": {
        "pb": 286,
        "nom": "Kernevest Rear",
        "departement": "56",
        "wlotta": "Position Géographique : 47°34,5 N 003°00,3 W",
        "accessibilite": "Voiture",
        "villeProche": "",
        "structure": "Tour blanche haut vert",
        "validationExpedition": "Oui",
        "positionDMS": "47°34,5 N 003°00,3 W",
        "recherchePourcentage": "100%",
        "derniereActivite": "2016",
        "typePoint": "lighthouse"
      }
    },
    {
      "type": "Feature",
      "id": "PB287",
      "geometry": {
        "type": "Point",
        "coordinates": [
          -3.0166666666666666,
          47.585
        ]
      },
      "properties": {
        "pb": 287,
        "nom": "Saint Philibert",
        "departement": "56",
        "wlotta": "Position Géographique : 47°35,1 N 003°01,0 W",
        "accessibilite": "Voiture",
        "villeProche": "",
        "structure": "Maison et Tourelle blanche",
        "validationExpedition": "Oui",
        "positionDMS": "47°35,1 N 003°01,0 W",
        "recherchePourcentage": "100%",
        "derniereActivite": "Expéditions réalisées :",
        "typePoint": "lighthouse"
      }
    },
    {
      "type": "Feature",
      "id": "PB288",
      "geometry": {
        "type": "Point",
        "coordinates": [
          -2.8933333333333335,
          47.545
        ]
      },
      "properties": {
        "pb": 288,
        "nom": "Feu Postérieur",
        "departement": "56",
        "wlotta": "Position Géographique : 47°32,7 N 002°53,6 W",
        "accessibilite": "Voiture",
        "villeProche": "",
        "structure": "Tour blanche",
        "validationExpedition": "Oui",
        "positionDMS": "47°32,7 N 002°53,6 W",
        "recherchePourcentage": "100%",
        "derniereActivite": "Expéditions réalisées :",
        "typePoint": "lighthouse"
      }
    },
    {
      "type": "Feature",
      "id": "PB289",
      "geometry": {
        "type": "Point",
        "coordinates": [
          -2.6483333333333334,
          47.501666666666665
        ]
      },
      "properties": {
        "pb": 289,
        "nom": "Le Pignon",
        "departement": "56",
        "wlotta": "Position Géographique : 47°30,1 N 002°38,9 W",
        "accessibilite": "Bateau",
        "villeProche": "",
        "structure": "Tour rouge",
        "validationExpedition": "Oui",
        "positionDMS": "47°30,1 N 002°38,9 W",
        "recherchePourcentage": "100%",
        "derniereActivite": "Expéditions réalisées :",
        "typePoint": "lighthouse"
      }
    },
    {
      "type": "Feature",
      "id": "PB290",
      "geometry": {
        "type": "Point",
        "coordinates": [
          -3.216666666666667,
          47.375
        ]
      },
      "properties": {
        "pb": 290,
        "nom": "Sauzon - Jetée Sud Est",
        "departement": "56",
        "wlotta": "0872",
        "accessibilite": "Bateau",
        "villeProche": "",
        "structure": "Tourelle tronconique blanche haut rouge",
        "validationExpedition": "Oui",
        "positionDMS": "47°22,5 N 003°13,0 W",
        "recherchePourcentage": "100%",
        "derniereActivite": "Expéditions réalisées :",
        "typePoint": "lighthouse"
      }
    },
    {
      "type": "Feature",
      "id": "PB292",
      "geometry": {
        "type": "Point",
        "coordinates": [
          -2.875,
          47.345
        ]
      },
      "properties": {
        "pb": 292,
        "nom": "Argol",
        "departement": "56",
        "wlotta": "0851",
        "accessibilite": "Bateau",
        "villeProche": "",
        "structure": "Tour Blanche haut vert",
        "validationExpedition": "Oui",
        "positionDMS": "47°20,7 N 002°52,5 W",
        "recherchePourcentage": "100%",
        "derniereActivite": "2009",
        "typePoint": "lighthouse"
      }
    },
    {
      "type": "Feature",
      "id": "PB293",
      "geometry": {
        "type": "Point",
        "coordinates": [
          -2.9566666666666666,
          47.391666666666666
        ]
      },
      "properties": {
        "pb": 293,
        "nom": "Houat",
        "departement": "56",
        "wlotta": "Position Géographique : 47°23,5 N 002°57,4 W",
        "accessibilite": "Bateau",
        "villeProche": "",
        "structure": "Tour Blanche haut vert",
        "validationExpedition": "Oui",
        "positionDMS": "47°23,5 N 002°57,4 W",
        "recherchePourcentage": "100%",
        "derniereActivite": "2011",
        "typePoint": "lighthouse"
      }
    },
    {
      "type": "Feature",
      "id": "PB294",
      "geometry": {
        "type": "Point",
        "coordinates": [
          -3.355,
          47.70666666666666
        ]
      },
      "properties": {
        "pb": 294,
        "nom": "Port Louis Rear",
        "departement": "56",
        "wlotta": "Position Géographique : 47°42,4 N 003°21,3 W",
        "accessibilite": "Voiture",
        "villeProche": "",
        "structure": "Pylône bandes rouges et blanches",
        "validationExpedition": "Oui",
        "positionDMS": "47°42,4 N 003°21,3 W",
        "recherchePourcentage": "100%",
        "derniereActivite": "2024",
        "typePoint": "lighthouse"
      }
    },
    {
      "type": "Feature",
      "id": "PB295",
      "geometry": {
        "type": "Point",
        "coordinates": [
          -3.4583333333333335,
          47.63666666666667
        ]
      },
      "properties": {
        "pb": 295,
        "nom": "Ile de Groix",
        "departement": "56",
        "wlotta": "0050",
        "accessibilite": "Bateau",
        "villeProche": "",
        "structure": "Validation expédition : Oui",
        "validationExpedition": "Oui",
        "positionDMS": "47°38,2 N 003°27,5 W",
        "recherchePourcentage": "100%",
        "derniereActivite": "2016",
        "typePoint": "lighthouse"
      }
    },
    {
      "type": "Feature",
      "id": "PB296",
      "geometry": {
        "type": "Point",
        "coordinates": [
          -3.4583333333333335,
          47.63666666666667
        ]
      },
      "properties": {
        "pb": 296,
        "nom": "Belle Ile",
        "departement": "56",
        "wlotta": "0872",
        "accessibilite": "Bateau",
        "villeProche": "",
        "structure": "Validation expédition : Oui",
        "validationExpedition": "Oui",
        "positionDMS": "47°38,2 N 003°27,5 W",
        "recherchePourcentage": "90%",
        "derniereActivite": "2009",
        "typePoint": "lighthouse"
      }
    },
    {
      "type": "Feature",
      "id": "PB297",
      "geometry": {
        "type": "Point",
        "coordinates": [
          2.365,
          51.05
        ]
      },
      "properties": {
        "pb": 297,
        "nom": "Dunkerque",
        "departement": "59",
        "wlotta": "Position Géographique : 51°03,0 N 002°21,9 E",
        "accessibilite": "Voiture",
        "villeProche": "",
        "structure": "Tour blanche haut noir",
        "validationExpedition": "Oui",
        "positionDMS": "51°03,0 N 002°21,9 E",
        "recherchePourcentage": "100%",
        "derniereActivite": "2008",
        "typePoint": "lighthouse"
      }
    },
    {
      "type": "Feature",
      "id": "PB298",
      "geometry": {
        "type": "Point",
        "coordinates": [
          2.35,
          51.06
        ]
      },
      "properties": {
        "pb": 298,
        "nom": "Jetée Ouest",
        "departement": "59",
        "wlotta": "Position Géographique : 51°03,6 N 002°21,0 E",
        "accessibilite": "A Pieds",
        "villeProche": "",
        "structure": "Tour blanche haut brun",
        "validationExpedition": "Oui",
        "positionDMS": "51°03,6 N 002°21,0 E",
        "recherchePourcentage": "100%",
        "derniereActivite": "Expéditions réalisées :",
        "typePoint": "lighthouse"
      }
    },
    {
      "type": "Feature",
      "id": "PB299",
      "geometry": {
        "type": "Point",
        "coordinates": [
          2.0933333333333333,
          51.016666666666666
        ]
      },
      "properties": {
        "pb": 299,
        "nom": "Jetée Ouest",
        "departement": "59",
        "wlotta": "Position Géographique : 51°01,0 N 002°05,6 E",
        "accessibilite": "A Pieds",
        "villeProche": "",
        "structure": "Tour jaune et grise haut vert",
        "validationExpedition": "Oui",
        "positionDMS": "51°01,0 N 002°05,6 E",
        "recherchePourcentage": "100%",
        "derniereActivite": "Expéditions réalisées :",
        "typePoint": "lighthouse"
      }
    },
    {
      "type": "Feature",
      "id": "PB300",
      "geometry": {
        "type": "Point",
        "coordinates": [
          2.2,
          51.028333333333336
        ]
      },
      "properties": {
        "pb": 300,
        "nom": "Nouveau Port - Avant Port Front",
        "departement": "59",
        "wlotta": "Position Géographique : 51°01,7 N 002°12,0 E",
        "accessibilite": "Voiture",
        "villeProche": "",
        "structure": "Colonne blanche haut vert",
        "validationExpedition": "Oui",
        "positionDMS": "51°01,7 N 002°12,0 E",
        "recherchePourcentage": "100%",
        "derniereActivite": "Expéditions réalisées :",
        "typePoint": "lighthouse"
      }
    },
    {
      "type": "Feature",
      "id": "PB301",
      "geometry": {
        "type": "Point",
        "coordinates": [
          2.1633333333333336,
          51.03666666666667
        ]
      },
      "properties": {
        "pb": 301,
        "nom": "Nouveau Port - Jetée du Dyck",
        "departement": "59",
        "wlotta": "Position Géographique : 51°02,2 N 002°09,8 E",
        "accessibilite": "A Pieds",
        "villeProche": "",
        "structure": "Tour blanche haut vert",
        "validationExpedition": "Oui",
        "positionDMS": "51°02,2 N 002°09,8 E",
        "recherchePourcentage": "100%",
        "derniereActivite": "Expéditions réalisées :",
        "typePoint": "lighthouse"
      }
    },
    {
      "type": "Feature",
      "id": "PB302",
      "geometry": {
        "type": "Point",
        "coordinates": [
          2.2066666666666666,
          51.026666666666664
        ]
      },
      "properties": {
        "pb": 302,
        "nom": "Dunkerque Nouveau Port - Avant Port Arrière",
        "departement": "59",
        "wlotta": "Position Géographique : 51°01,6 N 002°12,4 E",
        "accessibilite": "Voiture",
        "villeProche": "",
        "structure": "Colonne blanche haut vert",
        "validationExpedition": "Oui",
        "positionDMS": "51°01,6 N 002°12,4 E",
        "recherchePourcentage": "100%",
        "derniereActivite": "2000",
        "typePoint": "lighthouse"
      }
    },
    {
      "type": "Feature",
      "id": "PB304",
      "geometry": {
        "type": "Point",
        "coordinates": [
          1.5833333333333335,
          50.87
        ]
      },
      "properties": {
        "pb": 304,
        "nom": "Cap Gris Nez",
        "departement": "62",
        "wlotta": "Position Géographique : 50°52,2 N 001°35,0 E",
        "accessibilite": "A Pieds",
        "villeProche": "",
        "structure": "Tour blanche haut noir",
        "validationExpedition": "Oui",
        "positionDMS": "50°52,2 N 001°35,0 E",
        "recherchePourcentage": "100%",
        "derniereActivite": "Expéditions réalisées :",
        "typePoint": "lighthouse"
      }
    },
    {
      "type": "Feature",
      "id": "PB305",
      "geometry": {
        "type": "Point",
        "coordinates": [
          1.8533333333333335,
          50.961666666666666
        ]
      },
      "properties": {
        "pb": 305,
        "nom": "Calais",
        "departement": "62",
        "wlotta": "Position Géographique : 50°57,7 N 001°51,2 E",
        "accessibilite": "Voiture",
        "villeProche": "",
        "structure": "Tour blanche haut noir",
        "validationExpedition": "Oui",
        "positionDMS": "50°57,7 N 001°51,2 E",
        "recherchePourcentage": "100%",
        "derniereActivite": "2000",
        "typePoint": "lighthouse"
      }
    },
    {
      "type": "Feature",
      "id": "PB306",
      "geometry": {
        "type": "Point",
        "coordinates": [
          1.5633333333333332,
          50.7
        ]
      },
      "properties": {
        "pb": 306,
        "nom": "Alprech ou Portel",
        "departement": "62",
        "wlotta": "Position Géographique : 50°42,0 N 001°33,8 E",
        "accessibilite": "Voiture",
        "villeProche": "",
        "structure": "Tour blanche haut noir",
        "validationExpedition": "Oui",
        "positionDMS": "50°42,0 N 001°33,8 E",
        "recherchePourcentage": "100%",
        "derniereActivite": "2006",
        "typePoint": "lighthouse"
      }
    },
    {
      "type": "Feature",
      "id": "PB307",
      "geometry": {
        "type": "Point",
        "coordinates": [
          1.5616666666666668,
          50.39833333333333
        ]
      },
      "properties": {
        "pb": 307,
        "nom": "Berck Plage",
        "departement": "62",
        "wlotta": "Position Géographique : 50°23,9 N 001°33,7 E",
        "accessibilite": "Voiture",
        "villeProche": "",
        "structure": "Tour bandes blanches et rouges",
        "validationExpedition": "Oui",
        "positionDMS": "50°23,9 N 001°33,7 E",
        "recherchePourcentage": "100%",
        "derniereActivite": "2025",
        "typePoint": "lighthouse"
      }
    },
    {
      "type": "Feature",
      "id": "PB308",
      "geometry": {
        "type": "Point",
        "coordinates": [
          1.5683333333333334,
          50.74
        ]
      },
      "properties": {
        "pb": 308,
        "nom": "Boulogne - Digue Sud Carnot",
        "departement": "62",
        "wlotta": "Position Géographique : 50°44,4 N 001°34,1 E",
        "accessibilite": "A pieds",
        "villeProche": "",
        "structure": "Tour bandes blanches et rouges",
        "validationExpedition": "Oui",
        "positionDMS": "50°44,4 N 001°34,1 E",
        "recherchePourcentage": "100%",
        "derniereActivite": "Expéditions réalisées :",
        "typePoint": "lighthouse"
      }
    },
    {
      "type": "Feature",
      "id": "PB309",
      "geometry": {
        "type": "Point",
        "coordinates": [
          1.5933333333333333,
          50.52333333333333
        ]
      },
      "properties": {
        "pb": 309,
        "nom": "Le Touquet",
        "departement": "62",
        "wlotta": "Position Géographique : 50°31,4 N 001°35,6 E",
        "accessibilite": "Voiture",
        "villeProche": "",
        "structure": "Tour orange bande brune, haut blanc et vert",
        "validationExpedition": "Oui",
        "positionDMS": "50°31,4 N 001°35,6 E",
        "recherchePourcentage": "100%",
        "derniereActivite": "2001",
        "typePoint": "lighthouse"
      }
    },
    {
      "type": "Feature",
      "id": "PB310",
      "geometry": {
        "type": "Point",
        "coordinates": [
          1.8416666666666668,
          50.973333333333336
        ]
      },
      "properties": {
        "pb": 310,
        "nom": "Calais Jetée Est",
        "departement": "62",
        "wlotta": "Position Géographique : 50°58,4 N 001°50,5 E",
        "accessibilite": "A Pieds",
        "villeProche": "",
        "structure": "Tour grise haut rouge",
        "validationExpedition": "Oui",
        "positionDMS": "50°58,4 N 001°50,5 E",
        "recherchePourcentage": "100%",
        "derniereActivite": "Expéditions réalisées :",
        "typePoint": "lighthouse"
      }
    },
    {
      "type": "Feature",
      "id": "PB311",
      "geometry": {
        "type": "Point",
        "coordinates": [
          1.8399999999999999,
          50.971666666666664
        ]
      },
      "properties": {
        "pb": 311,
        "nom": "Calais - Jetée Ouest",
        "departement": "62",
        "wlotta": "Position Géographique : 50°58,3 N 001°50,4 E",
        "accessibilite": "A Pieds",
        "villeProche": "",
        "structure": "Tour métallique blanche haut vert",
        "validationExpedition": "Oui",
        "positionDMS": "50°58,3 N 001°50,4 E",
        "recherchePourcentage": "100%",
        "derniereActivite": "Expéditions réalisées :",
        "typePoint": "lighthouse"
      }
    },
    {
      "type": "Feature",
      "id": "PB312",
      "geometry": {
        "type": "Point",
        "coordinates": [
          -1.5533333333333332,
          43.49333333333333
        ]
      },
      "properties": {
        "pb": 312,
        "nom": "Pointe St Martin",
        "departement": "64",
        "wlotta": "Position Géographique : 43°29,6 N 001°33,2 W",
        "accessibilite": "Voiture",
        "villeProche": "",
        "structure": "Tour blanche haut noir",
        "validationExpedition": "Oui",
        "positionDMS": "43°29,6 N 001°33,2 W",
        "recherchePourcentage": "90%",
        "derniereActivite": "2000",
        "typePoint": "lighthouse"
      }
    },
    {
      "type": "Feature",
      "id": "PB313",
      "geometry": {
        "type": "Point",
        "coordinates": [
          -1.6866666666666668,
          43.395
        ]
      },
      "properties": {
        "pb": 313,
        "nom": "Socoa",
        "departement": "64",
        "wlotta": "Position Géographique : 43°23,7 N 001°41,2 W",
        "accessibilite": "Voiture",
        "villeProche": "",
        "structure": "Tour carrée maison blanche bandes verticales noires",
        "validationExpedition": "Oui",
        "positionDMS": "43°23,7 N 001°41,2 W",
        "recherchePourcentage": "86%",
        "derniereActivite": "2000",
        "typePoint": "lighthouse"
      }
    },
    {
      "type": "Feature",
      "id": "PB314",
      "geometry": {
        "type": "Point",
        "coordinates": [
          -1.525,
          43.528333333333336
        ]
      },
      "properties": {
        "pb": 314,
        "nom": "Le Boucau - Jetée Sud",
        "departement": "64",
        "wlotta": "Position Géographique : 43°31,7 N 001°31,5 W",
        "accessibilite": "A Pieds",
        "villeProche": "",
        "structure": "Tour carrée blanche haut vert",
        "validationExpedition": "Oui",
        "positionDMS": "43°31,7 N 001°31,5 W",
        "recherchePourcentage": "100%",
        "derniereActivite": "Expéditions réalisées :",
        "typePoint": "lighthouse"
      }
    },
    {
      "type": "Feature",
      "id": "PB315",
      "geometry": {
        "type": "Point",
        "coordinates": [
          -1.5150000000000001,
          43.526666666666664
        ]
      },
      "properties": {
        "pb": 315,
        "nom": "Le Boucau",
        "departement": "64",
        "wlotta": "Position Géographique : 43°31,6 N 001°30,9 W",
        "accessibilite": "Voiture",
        "villeProche": "",
        "structure": "Tour carrée blanche bande verte face NE et NW",
        "validationExpedition": "Oui",
        "positionDMS": "43°31,6 N 001°30,9 W",
        "recherchePourcentage": "100%",
        "derniereActivite": "Expéditions réalisées :",
        "typePoint": "lighthouse"
      }
    },
    {
      "type": "Feature",
      "id": "PB316",
      "geometry": {
        "type": "Point",
        "coordinates": [
          -1.6600000000000001,
          43.39833333333333
        ]
      },
      "properties": {
        "pb": 316,
        "nom": "Pointe Sainte Barbe Arrière",
        "departement": "64",
        "wlotta": "Position Géographique : 43°23,9 N 001°39,6 W",
        "accessibilite": "Voiture",
        "villeProche": "",
        "structure": "Tour carrée blanche partie supérieure triangulaire noire",
        "validationExpedition": "Oui",
        "positionDMS": "43°23,9 N 001°39,6 W",
        "recherchePourcentage": "100%",
        "derniereActivite": "Expéditions réalisées :",
        "typePoint": "lighthouse"
      }
    },
    {
      "type": "Feature",
      "id": "PB317",
      "geometry": {
        "type": "Point",
        "coordinates": [
          -1.6683333333333334,
          43.388333333333335
        ]
      },
      "properties": {
        "pb": 317,
        "nom": "St Jean de Luz - Jetée Est",
        "departement": "64",
        "wlotta": "Position Géographique : 43°23,3 N 001°40,1 W",
        "accessibilite": "Voiture",
        "villeProche": "",
        "structure": "Tour blanche bande verticale rouge",
        "validationExpedition": "Oui",
        "positionDMS": "43°23,3 N 001°40,1 W",
        "recherchePourcentage": "100%",
        "derniereActivite": "Expéditions réalisées :",
        "typePoint": "lighthouse"
      }
    },
    {
      "type": "Feature",
      "id": "PB318",
      "geometry": {
        "type": "Point",
        "coordinates": [
          -1.6666666666666665,
          43.385
        ]
      },
      "properties": {
        "pb": 318,
        "nom": "St Jean de Luz - Arrière",
        "departement": "64",
        "wlotta": "Position Géographique : 43°23,1 N 001°40,0 W",
        "accessibilite": "Voiture",
        "villeProche": "",
        "structure": "Tour blanche bande verticale verte",
        "validationExpedition": "Oui",
        "positionDMS": "43°23,1 N 001°40,0 W",
        "recherchePourcentage": "100%",
        "derniereActivite": "Expéditions réalisées :",
        "typePoint": "lighthouse"
      }
    },
    {
      "type": "Feature",
      "id": "PB319",
      "geometry": {
        "type": "Point",
        "coordinates": [
          3.1366666666666667,
          42.515
        ]
      },
      "properties": {
        "pb": 319,
        "nom": "Cap Bear",
        "departement": "66",
        "wlotta": "Non",
        "accessibilite": "Voiture",
        "villeProche": "",
        "structure": "Tour rose haut rouge",
        "validationExpedition": "Oui",
        "positionDMS": "42°30,9 N 003°08,2 E",
        "recherchePourcentage": "71%",
        "derniereActivite": "2019",
        "typePoint": "lighthouse"
      }
    },
    {
      "type": "Feature",
      "id": "PB320",
      "geometry": {
        "type": "Point",
        "coordinates": [
          3.1766666666666667,
          42.44
        ]
      },
      "properties": {
        "pb": 320,
        "nom": "Cap Cerbere",
        "departement": "66",
        "wlotta": "Non",
        "accessibilite": "Voiture, à pieds",
        "villeProche": "",
        "structure": "Tour grise haut rouge",
        "validationExpedition": "Oui",
        "positionDMS": "42°26,4 N 003°10,6 E",
        "recherchePourcentage": "52%",
        "derniereActivite": "1999",
        "typePoint": "lighthouse"
      }
    },
    {
      "type": "Feature",
      "id": "PB321",
      "geometry": {
        "type": "Point",
        "coordinates": [
          3.115,
          42.516666666666666
        ]
      },
      "properties": {
        "pb": 321,
        "nom": "Port Vendres Entrance Range, Rear",
        "departement": "66",
        "wlotta": "Non",
        "accessibilite": "Voiture, à pieds",
        "villeProche": "",
        "structure": "Tour blanche haut rouge",
        "validationExpedition": "Oui",
        "positionDMS": "42°31,0 N 003°06,9 E",
        "recherchePourcentage": "90%",
        "derniereActivite": "Expéditions réalisées :",
        "typePoint": "lighthouse"
      }
    },
    {
      "type": "Feature",
      "id": "PB322",
      "geometry": {
        "type": "Point",
        "coordinates": [
          3.1133333333333333,
          42.52166666666667
        ]
      },
      "properties": {
        "pb": 322,
        "nom": "Port Vendres Fort Fanal",
        "departement": "66",
        "wlotta": "Non",
        "accessibilite": "Voiture",
        "villeProche": "",
        "structure": "Tour blanche haut vert",
        "validationExpedition": "Oui",
        "positionDMS": "42°31,3 N 003°06,8 E",
        "recherchePourcentage": "76%",
        "derniereActivite": "2005",
        "typePoint": "lighthouse"
      }
    },
    {
      "type": "Feature",
      "id": "PB323",
      "geometry": {
        "type": "Point",
        "coordinates": [
          0.9600000000000001,
          49.916666666666664
        ]
      },
      "properties": {
        "pb": 323,
        "nom": "Pointe d'Ailly",
        "departement": "76",
        "wlotta": "Position Géographique : 49°55,0 N 000°57,6 E",
        "accessibilite": "Voiture",
        "villeProche": "",
        "structure": "Tour carrée blanche haut vert",
        "validationExpedition": "Oui",
        "positionDMS": "49°55,0 N 000°57,6 E",
        "recherchePourcentage": "33%",
        "derniereActivite": "2025",
        "typePoint": "lighthouse"
      }
    },
    {
      "type": "Feature",
      "id": "PB324",
      "geometry": {
        "type": "Point",
        "coordinates": [
          0.9983333333333333,
          49.68333333333333
        ]
      },
      "properties": {
        "pb": 324,
        "nom": "Cap d'Antifer",
        "departement": "76",
        "wlotta": "Position Géographique : 49°41,0 N 000°59,9 E",
        "accessibilite": "Voiture",
        "villeProche": "",
        "structure": "Tour octogonale grise haut vert",
        "validationExpedition": "Oui",
        "positionDMS": "49°41,0 N 000°59,9 E",
        "recherchePourcentage": "81%",
        "derniereActivite": "2023",
        "typePoint": "lighthouse"
      }
    },
    {
      "type": "Feature",
      "id": "PB325",
      "geometry": {
        "type": "Point",
        "coordinates": [
          0.07,
          49.51166666666666
        ]
      },
      "properties": {
        "pb": 325,
        "nom": "Cap de la Heve",
        "departement": "76",
        "wlotta": "Position Géographique : 49°30,7 N 000°04,2 E",
        "accessibilite": "Voiture",
        "villeProche": "",
        "structure": "Tour octogonale grise haut vert",
        "validationExpedition": "Oui",
        "positionDMS": "49°30,7 N 000°04,2 E",
        "recherchePourcentage": "95%",
        "derniereActivite": "2016",
        "typePoint": "lighthouse"
      }
    },
    {
      "type": "Feature",
      "id": "PB326",
      "geometry": {
        "type": "Point",
        "coordinates": [
          1.37,
          50.065
        ]
      },
      "properties": {
        "pb": 326,
        "nom": "Le Treport - Jetée Ouest",
        "departement": "76",
        "wlotta": "Position Géographique : 50°03,9 N 001°22,2 E",
        "accessibilite": "Voiture",
        "villeProche": "",
        "structure": "Tour blanche haut vert",
        "validationExpedition": "Oui",
        "positionDMS": "50°03,9 N 001°22,2 E",
        "recherchePourcentage": "100%",
        "derniereActivite": "2024",
        "typePoint": "lighthouse"
      }
    },
    {
      "type": "Feature",
      "id": "PB327",
      "geometry": {
        "type": "Point",
        "coordinates": [
          0.7083333333333334,
          49.875
        ]
      },
      "properties": {
        "pb": 327,
        "nom": "Saint Valery en Caux - Jetée Ouest",
        "departement": "76",
        "wlotta": "Position Géographique : 49°52,5 N 000°42,5 E",
        "accessibilite": "Voiture",
        "villeProche": "",
        "structure": "Tour tronconique verte",
        "validationExpedition": "Oui",
        "positionDMS": "49°52,5 N 000°42,5 E",
        "recherchePourcentage": "71%",
        "derniereActivite": "2025",
        "typePoint": "lighthouse"
      }
    },
    {
      "type": "Feature",
      "id": "PB328",
      "geometry": {
        "type": "Point",
        "coordinates": [
          0.36333333333333334,
          49.765
        ]
      },
      "properties": {
        "pb": 328,
        "nom": "Fécamp - Jetée Nord",
        "departement": "76",
        "wlotta": "Position Géographique : 49°45,9 N 000°21,8 E",
        "accessibilite": "A Pieds",
        "villeProche": "",
        "structure": "Tour grise haut rouge",
        "validationExpedition": "Oui",
        "positionDMS": "49°45,9 N 000°21,8 E",
        "recherchePourcentage": "71%",
        "derniereActivite": "2005",
        "typePoint": "lighthouse"
      }
    },
    {
      "type": "Feature",
      "id": "PB329",
      "geometry": {
        "type": "Point",
        "coordinates": [
          0.365,
          49.765
        ]
      },
      "properties": {
        "pb": 329,
        "nom": "Fécamp - Jetée Sud",
        "departement": "76",
        "wlotta": "Position Géographique : 49°45,9 N 000°21,9 E",
        "accessibilite": "Voiture",
        "villeProche": "",
        "structure": "Tour grise haut vert",
        "validationExpedition": "Oui",
        "positionDMS": "49°45,9 N 000°21,9 E",
        "recherchePourcentage": "100%",
        "derniereActivite": "2003",
        "typePoint": "lighthouse"
      }
    },
    {
      "type": "Feature",
      "id": "PB330",
      "geometry": {
        "type": "Point",
        "coordinates": [
          0.10833333333333334,
          49.48166666666667
        ]
      },
      "properties": {
        "pb": 330,
        "nom": "Le Havre - Meunier",
        "departement": "76",
        "wlotta": "Position Géographique : 49°28,9 N 000°06,5 E",
        "accessibilite": "A Pieds",
        "villeProche": "",
        "structure": "Tour grise haut vert",
        "validationExpedition": "Oui",
        "positionDMS": "49°28,9 N 000°06,5 E",
        "recherchePourcentage": "86%",
        "derniereActivite": "2010",
        "typePoint": "lighthouse"
      }
    },
    {
      "type": "Feature",
      "id": "PB331",
      "geometry": {
        "type": "Point",
        "coordinates": [
          0.12666666666666665,
          49.47833333333333
        ]
      },
      "properties": {
        "pb": 331,
        "nom": "Le Havre - Quai Joannes Couvert",
        "departement": "76",
        "wlotta": "Position Géographique : 49°28,7 N 000°07,6 E",
        "accessibilite": "Voiture",
        "villeProche": "",
        "structure": "Tour grise haut vert",
        "validationExpedition": "Oui",
        "positionDMS": "49°28,7 N 000°07,6 E",
        "recherchePourcentage": "100%",
        "derniereActivite": "Expéditions réalisées :",
        "typePoint": "lighthouse"
      }
    },
    {
      "type": "Feature",
      "id": "PB332",
      "geometry": {
        "type": "Point",
        "coordinates": [
          0.09000000000000001,
          49.485
        ]
      },
      "properties": {
        "pb": 332,
        "nom": "Le Havre - Digue Sud",
        "departement": "76",
        "wlotta": "Position Géographique : 49°29,1 N 000°05,4 E",
        "accessibilite": "A pieds",
        "villeProche": "",
        "structure": "Tour blanche haut vert",
        "validationExpedition": "Oui",
        "positionDMS": "49°29,1 N 000°05,4 E",
        "recherchePourcentage": "100%",
        "derniereActivite": "Expéditions réalisées :",
        "typePoint": "lighthouse"
      }
    },
    {
      "type": "Feature",
      "id": "PB333",
      "geometry": {
        "type": "Point",
        "coordinates": [
          0.09000000000000001,
          49.486666666666665
        ]
      },
      "properties": {
        "pb": 333,
        "nom": "Le Havre - Digue Nord",
        "departement": "76",
        "wlotta": "Position Géographique : 49°29,2 N 000°05,4 E",
        "accessibilite": "A pieds",
        "villeProche": "",
        "structure": "Tour blanche haut rouge",
        "validationExpedition": "Oui",
        "positionDMS": "49°29,2 N 000°05,4 E",
        "recherchePourcentage": "100%",
        "derniereActivite": "Expéditions réalisées :",
        "typePoint": "lighthouse"
      }
    },
    {
      "type": "Feature",
      "id": "PB334",
      "geometry": {
        "type": "Point",
        "coordinates": [
          1.0833333333333333,
          49.93666666666667
        ]
      },
      "properties": {
        "pb": 334,
        "nom": "Dieppe - Jetée Ouest",
        "departement": "76",
        "wlotta": "Position Géographique : 49°56,2 N 001°05,0 E",
        "accessibilite": "A pieds",
        "villeProche": "",
        "structure": "Tour blanche haut vert",
        "validationExpedition": "Oui",
        "positionDMS": "49°56,2 N 001°05,0 E",
        "recherchePourcentage": "76%",
        "derniereActivite": "2004",
        "typePoint": "lighthouse"
      }
    },
    {
      "type": "Feature",
      "id": "PB335",
      "geometry": {
        "type": "Point",
        "coordinates": [
          1.085,
          49.93666666666667
        ]
      },
      "properties": {
        "pb": 335,
        "nom": "Dieppe - Jetée Est",
        "departement": "76",
        "wlotta": "Position Géographique : 49°56,2 N 001°05,1 E",
        "accessibilite": "A pieds",
        "villeProche": "",
        "structure": "Tour métallique blanche haut rouge",
        "validationExpedition": "Oui",
        "positionDMS": "49°56,2 N 001°05,1 E",
        "recherchePourcentage": "100%",
        "derniereActivite": "Expéditions réalisées :",
        "typePoint": "lighthouse"
      }
    },
    {
      "type": "Feature",
      "id": "PB337",
      "geometry": {
        "type": "Point",
        "coordinates": [
          1.5116666666666667,
          50.195
        ]
      },
      "properties": {
        "pb": 337,
        "nom": "Cayeux sur Mer",
        "departement": "80",
        "wlotta": "Non",
        "accessibilite": "Voiture",
        "villeProche": "",
        "structure": "Tour blanche haut rouge",
        "validationExpedition": "Oui",
        "positionDMS": "50°11,7 N 001°30,7 E",
        "recherchePourcentage": "48%",
        "derniereActivite": "2024",
        "typePoint": "lighthouse"
      }
    },
    {
      "type": "Feature",
      "id": "PB338",
      "geometry": {
        "type": "Point",
        "coordinates": [
          1.4533333333333334,
          50.105
        ]
      },
      "properties": {
        "pb": 338,
        "nom": "Ault",
        "departement": "80",
        "wlotta": "Non",
        "accessibilite": "Voiture",
        "villeProche": "",
        "structure": "Tour blanche haut rouge",
        "validationExpedition": "Oui",
        "positionDMS": "50°06,3 N 001°27,2 E",
        "recherchePourcentage": "67%",
        "derniereActivite": "2022",
        "typePoint": "lighthouse"
      }
    },
    {
      "type": "Feature",
      "id": "PB339",
      "geometry": {
        "type": "Point",
        "coordinates": [
          1.5666666666666667,
          50.215
        ]
      },
      "properties": {
        "pb": 339,
        "nom": "Le Hourdel",
        "departement": "80",
        "wlotta": "Non",
        "accessibilite": "Voiture",
        "villeProche": "",
        "structure": "Tour blanche haut vert",
        "validationExpedition": "Oui",
        "positionDMS": "50°12,9 N 001°34,0 E",
        "recherchePourcentage": "52%",
        "derniereActivite": "2024",
        "typePoint": "lighthouse"
      }
    },
    {
      "type": "Feature",
      "id": "PB340",
      "geometry": {
        "type": "Point",
        "coordinates": [
          5.7683333333333335,
          43.08166666666666
        ]
      },
      "properties": {
        "pb": 340,
        "nom": "Le Grand Rouveau",
        "departement": "83",
        "wlotta": "0745",
        "accessibilite": "Bateau",
        "villeProche": "",
        "structure": "Tour carrée blanche lanterne noire",
        "validationExpedition": "Oui",
        "positionDMS": "43°04,9 N 005°46,1 E",
        "recherchePourcentage": "81%",
        "derniereActivite": "1998",
        "typePoint": "lighthouse"
      }
    },
    {
      "type": "Feature",
      "id": "PB341",
      "geometry": {
        "type": "Point",
        "coordinates": [
          6.206666666666667,
          42.983333333333334
        ]
      },
      "properties": {
        "pb": 341,
        "nom": "Cap d'Arme",
        "departement": "83",
        "wlotta": "1107",
        "accessibilite": "Bateau",
        "villeProche": "",
        "structure": "Tour carrée blanche haut noir",
        "validationExpedition": "Oui",
        "positionDMS": "42°59,0 N 006°12,4 E",
        "recherchePourcentage": "100%",
        "derniereActivite": "Expéditions réalisées :",
        "typePoint": "lighthouse"
      }
    },
    {
      "type": "Feature",
      "id": "PB342",
      "geometry": {
        "type": "Point",
        "coordinates": [
          6.51,
          43.04666666666667
        ]
      },
      "properties": {
        "pb": 342,
        "nom": "Le Titan",
        "departement": "83",
        "wlotta": "1083",
        "accessibilite": "Bateau",
        "villeProche": "",
        "structure": "Tour et maison blanches haut noir",
        "validationExpedition": "Oui",
        "positionDMS": "43°02,8 N 006°30,6 E",
        "recherchePourcentage": "100%",
        "derniereActivite": "Expéditions réalisées :",
        "typePoint": "lighthouse"
      }
    },
    {
      "type": "Feature",
      "id": "PB343",
      "geometry": {
        "type": "Point",
        "coordinates": [
          5.946666666666666,
          43.07
        ]
      },
      "properties": {
        "pb": 343,
        "nom": "Cap Cepet",
        "departement": "83",
        "wlotta": "Position Géographique : 43°04,2 N 005°56,8 E",
        "accessibilite": "Voiture",
        "villeProche": "",
        "structure": "Tour carrée blanche lanterne noire sur maison à toit rouge",
        "validationExpedition": "Oui",
        "positionDMS": "43°04,2 N 005°56,8 E",
        "recherchePourcentage": "100%",
        "derniereActivite": "Expéditions réalisées :",
        "typePoint": "lighthouse"
      }
    },
    {
      "type": "Feature",
      "id": "PB345",
      "geometry": {
        "type": "Point",
        "coordinates": [
          6.145,
          43.016666666666666
        ]
      },
      "properties": {
        "pb": 345,
        "nom": "Ile du Grand Ribeau",
        "departement": "83",
        "wlotta": "1836",
        "accessibilite": "Bateau",
        "villeProche": "",
        "structure": "Tour et maison blanches lanterne noire",
        "validationExpedition": "Oui",
        "positionDMS": "43°01,0 N 006°08,7 E",
        "recherchePourcentage": "100%",
        "derniereActivite": "Expéditions réalisées :",
        "typePoint": "lighthouse"
      }
    },
    {
      "type": "Feature",
      "id": "PB346",
      "geometry": {
        "type": "Point",
        "coordinates": [
          6.68,
          43.20166666666667
        ]
      },
      "properties": {
        "pb": 346,
        "nom": "Cap camarat",
        "departement": "83",
        "wlotta": "Position Géographique : 43°12,1 N 006°40,8 E",
        "accessibilite": "Voiture",
        "villeProche": "",
        "structure": "Tour carrée blanche haut noir",
        "validationExpedition": "Oui",
        "positionDMS": "43°12,1 N 006°40,8 E",
        "recherchePourcentage": "52%",
        "derniereActivite": "2000",
        "typePoint": "lighthouse"
      }
    },
    {
      "type": "Feature",
      "id": "PB347",
      "geometry": {
        "type": "Point",
        "coordinates": [
          6.363333333333333,
          43.08833333333333
        ]
      },
      "properties": {
        "pb": 347,
        "nom": "Cap Benat",
        "departement": "83",
        "wlotta": "Position Géographique : 43°05,3 N 006°21,8 E",
        "accessibilite": "Voiture",
        "villeProche": "",
        "structure": "Tour blanche lanterne rouge",
        "validationExpedition": "Oui",
        "positionDMS": "43°05,3 N 006°21,8 E",
        "recherchePourcentage": "100%",
        "derniereActivite": "Expéditions réalisées :",
        "typePoint": "lighthouse"
      }
    },
    {
      "type": "Feature",
      "id": "PB348",
      "geometry": {
        "type": "Point",
        "coordinates": [
          5.801666666666667,
          43.115
        ]
      },
      "properties": {
        "pb": 348,
        "nom": "Sanary sur Mer - Jetée Ouest",
        "departement": "83",
        "wlotta": "Position Géographique : 43°06,9 N 005°48,1 E",
        "accessibilite": "A pieds",
        "villeProche": "",
        "structure": "Tour blanche haut rouge",
        "validationExpedition": "Oui",
        "positionDMS": "43°06,9 N 005°48,1 E",
        "recherchePourcentage": "100%",
        "derniereActivite": "Expéditions réalisées :",
        "typePoint": "lighthouse"
      }
    },
    {
      "type": "Feature",
      "id": "PB349",
      "geometry": {
        "type": "Point",
        "coordinates": [
          6.871666666666666,
          43.425
        ]
      },
      "properties": {
        "pb": 349,
        "nom": "Phare D'Aguay - Rade D'Agay",
        "departement": "83",
        "wlotta": "Position Géographique : 43°25,5 N 006°52,3 E",
        "accessibilite": "Voiture",
        "villeProche": "",
        "structure": "Tour blanche haut rouge",
        "validationExpedition": "Oui",
        "positionDMS": "43°25,5 N 006°52,3 E",
        "recherchePourcentage": "100%",
        "derniereActivite": "Expéditions réalisées :",
        "typePoint": "lighthouse"
      }
    },
    {
      "type": "Feature",
      "id": "PB350",
      "geometry": {
        "type": "Point",
        "coordinates": [
          5.79,
          43.08
        ]
      },
      "properties": {
        "pb": 350,
        "nom": "Ile des Embiez - Ilot de la Tour Fondue - Pointe Nord",
        "departement": "83",
        "wlotta": "Position Géographique : 43°04,8 N 005°47,4 E",
        "accessibilite": "Bateau",
        "villeProche": "",
        "structure": "Tourelle carrée blanche haut rouge",
        "validationExpedition": "Oui",
        "positionDMS": "43°04,8 N 005°47,4 E",
        "recherchePourcentage": "100%",
        "derniereActivite": "Expéditions réalisées :",
        "typePoint": "lighthouse"
      }
    },
    {
      "type": "Feature",
      "id": "PB351",
      "geometry": {
        "type": "Point",
        "coordinates": [
          6.765,
          43.42333333333333
        ]
      },
      "properties": {
        "pb": 351,
        "nom": "Saint Raphael - Jetée Sud",
        "departement": "83",
        "wlotta": "Position Géographique : 43°25,4 N 006°45,9 E",
        "accessibilite": "Voiture",
        "villeProche": "",
        "structure": "Tour grise haut vert foncé",
        "validationExpedition": "Oui",
        "positionDMS": "43°25,4 N 006°45,9 E",
        "recherchePourcentage": "100%",
        "derniereActivite": "Expéditions réalisées :",
        "typePoint": "lighthouse"
      }
    },
    {
      "type": "Feature",
      "id": "PB352",
      "geometry": {
        "type": "Point",
        "coordinates": [
          6.158333333333333,
          43.07833333333333
        ]
      },
      "properties": {
        "pb": 352,
        "nom": "Port La Gavine - Port d'Hères - Jetée est",
        "departement": "83",
        "wlotta": "Position Géographique : 43°04,7 N 006°09,5 E",
        "accessibilite": "A Pieds",
        "villeProche": "",
        "structure": "Tourelle verte blanche",
        "validationExpedition": "Oui",
        "positionDMS": "43°04,7 N 006°09,5 E",
        "recherchePourcentage": "100%",
        "derniereActivite": "Expéditions réalisées :",
        "typePoint": "lighthouse"
      }
    },
    {
      "type": "Feature",
      "id": "PB353",
      "geometry": {
        "type": "Point",
        "coordinates": [
          5.925,
          43.09
        ]
      },
      "properties": {
        "pb": 353,
        "nom": "Toulon - Petite rade - grande jetée",
        "departement": "83",
        "wlotta": "Position Géographique : 43°05,4 N 005°55,5 E",
        "accessibilite": "Bateau",
        "villeProche": "",
        "structure": "Tour blanche haut noir",
        "validationExpedition": "Oui",
        "positionDMS": "43°05,4 N 005°55,5 E",
        "recherchePourcentage": "100%",
        "derniereActivite": "Expéditions réalisées :",
        "typePoint": "lighthouse"
      }
    },
    {
      "type": "Feature",
      "id": "PB354",
      "geometry": {
        "type": "Point",
        "coordinates": [
          5.9350000000000005,
          43.086666666666666
        ]
      },
      "properties": {
        "pb": 354,
        "nom": "Saint Mandrier - Jetée",
        "departement": "83",
        "wlotta": "Position Géographique : 43°05,2 N 005°56,1 E",
        "accessibilite": "A Pieds",
        "villeProche": "",
        "structure": "Tour blanche haut rouge et bas noir",
        "validationExpedition": "Oui",
        "positionDMS": "43°05,2 N 005°56,1 E",
        "recherchePourcentage": "100%",
        "derniereActivite": "Expéditions réalisées :",
        "typePoint": "lighthouse"
      }
    },
    {
      "type": "Feature",
      "id": "PB355",
      "geometry": {
        "type": "Point",
        "coordinates": [
          6.206666666666667,
          42.983333333333334
        ]
      },
      "properties": {
        "pb": 355,
        "nom": "Ile de Porquerolles",
        "departement": "83",
        "wlotta": "1107",
        "accessibilite": "Bateau",
        "villeProche": "",
        "structure": "Tour carrée blanche haut noir",
        "validationExpedition": "Oui",
        "positionDMS": "42°59,0 N 006°12,4 E",
        "recherchePourcentage": "100%",
        "derniereActivite": "Expéditions réalisées :",
        "typePoint": "lighthouse"
      }
    },
    {
      "type": "Feature",
      "id": "PB356",
      "geometry": {
        "type": "Point",
        "coordinates": [
          -1.4633333333333334,
          46.345
        ]
      },
      "properties": {
        "pb": 356,
        "nom": "Pointe Grouin du Cou",
        "departement": "85",
        "wlotta": "Position Géographique : 46°20,7 N 001°27,8 W",
        "accessibilite": "Voiture",
        "villeProche": "",
        "structure": "Tour blanche lanterne noire",
        "validationExpedition": "Oui",
        "positionDMS": "46°20,7 N 001°27,8 W",
        "recherchePourcentage": "81%",
        "derniereActivite": "2001",
        "typePoint": "lighthouse"
      }
    },
    {
      "type": "Feature",
      "id": "PB357",
      "geometry": {
        "type": "Point",
        "coordinates": [
          -1.8399999999999999,
          46.495
        ]
      },
      "properties": {
        "pb": 357,
        "nom": "Les Barges",
        "departement": "85",
        "wlotta": "0203",
        "accessibilite": "Bateau",
        "villeProche": "",
        "structure": "Tour grise",
        "validationExpedition": "Oui",
        "positionDMS": "46°29,7 N 001°50,4 W",
        "recherchePourcentage": "95%",
        "derniereActivite": "2003",
        "typePoint": "lighthouse"
      }
    },
    {
      "type": "Feature",
      "id": "PB358",
      "geometry": {
        "type": "Point",
        "coordinates": [
          -2.3583333333333334,
          47.04333333333334
        ]
      },
      "properties": {
        "pb": 358,
        "nom": "Le Pilier",
        "departement": "85",
        "wlotta": "0622",
        "accessibilite": "Bateau",
        "villeProche": "",
        "structure": "Tour pyramidale grise",
        "validationExpedition": "Oui",
        "positionDMS": "47°02,6 N 002°21,5 W",
        "recherchePourcentage": "81%",
        "derniereActivite": "2018",
        "typePoint": "lighthouse"
      }
    },
    {
      "type": "Feature",
      "id": "PB359",
      "geometry": {
        "type": "Point",
        "coordinates": [
          -2.381666666666667,
          46.718333333333334
        ]
      },
      "properties": {
        "pb": 359,
        "nom": "Grand Phare - Petite Foule",
        "departement": "85",
        "wlotta": "0801",
        "accessibilite": "Bateau",
        "villeProche": "",
        "structure": "Tour carrée blanche lanterne verte",
        "validationExpedition": "Oui",
        "positionDMS": "46°43,1 N 002°22,9 W",
        "recherchePourcentage": "100%",
        "derniereActivite": "2002",
        "typePoint": "lighthouse"
      }
    },
    {
      "type": "Feature",
      "id": "PB360",
      "geometry": {
        "type": "Point",
        "coordinates": [
          -2.285,
          46.69
        ]
      },
      "properties": {
        "pb": 360,
        "nom": "Pointe des Corbeaux",
        "departement": "85",
        "wlotta": "0801",
        "accessibilite": "Bateau",
        "villeProche": "",
        "structure": "Tour carrée blanche haut rouge",
        "validationExpedition": "Oui",
        "positionDMS": "46°41,4 N 002°17,1 W",
        "recherchePourcentage": "100%",
        "derniereActivite": "2002",
        "typePoint": "lighthouse"
      }
    },
    {
      "type": "Feature",
      "id": "PB361",
      "geometry": {
        "type": "Point",
        "coordinates": [
          -1.805,
          46.49
        ]
      },
      "properties": {
        "pb": 361,
        "nom": "L'Armandeche",
        "departement": "85",
        "wlotta": "Position Géographique : 46°29,4 N 001°48,3 W",
        "accessibilite": "Voiture",
        "villeProche": "",
        "structure": "Tour blanche haut rouge",
        "validationExpedition": "Oui",
        "positionDMS": "46°29,4 N 001°48,3 W",
        "recherchePourcentage": "100%",
        "derniereActivite": "2011",
        "typePoint": "lighthouse"
      }
    },
    {
      "type": "Feature",
      "id": "PB362",
      "geometry": {
        "type": "Point",
        "coordinates": [
          -2.2216666666666667,
          47.01166666666666
        ]
      },
      "properties": {
        "pb": 362,
        "nom": "Pointe des Dames",
        "departement": "85",
        "wlotta": "1224",
        "accessibilite": "Voiture",
        "villeProche": "",
        "structure": "Tour carrée blanche",
        "validationExpedition": "Oui",
        "positionDMS": "47°00,7 N 002°13,3 W",
        "recherchePourcentage": "100%",
        "derniereActivite": "2001",
        "typePoint": "lighthouse"
      }
    },
    {
      "type": "Feature",
      "id": "PB363",
      "geometry": {
        "type": "Point",
        "coordinates": [
          -1.9633333333333334,
          46.693333333333335
        ]
      },
      "properties": {
        "pb": 363,
        "nom": "Pointe de Grosse Terre",
        "departement": "85",
        "wlotta": "Position Géographique : 46°41,6 N 001°57,8 W",
        "accessibilite": "Voiture",
        "villeProche": "",
        "structure": "Tour blanche",
        "validationExpedition": "Oui",
        "positionDMS": "46°41,6 N 001°57,8 W",
        "recherchePourcentage": "100%",
        "derniereActivite": "2006",
        "typePoint": "lighthouse"
      }
    },
    {
      "type": "Feature",
      "id": "PB364",
      "geometry": {
        "type": "Point",
        "coordinates": [
          -1.7683333333333333,
          46.49333333333333
        ]
      },
      "properties": {
        "pb": 364,
        "nom": "Phare de la Potence",
        "departement": "85",
        "wlotta": "Position Géographique : 46°29,6 N 001°46,1 W",
        "accessibilite": "Voiture",
        "villeProche": "",
        "structure": "Tour carrée maison blanche",
        "validationExpedition": "Oui",
        "positionDMS": "46°29,6 N 001°46,1 W",
        "recherchePourcentage": "100%",
        "derniereActivite": "2001",
        "typePoint": "lighthouse"
      }
    },
    {
      "type": "Feature",
      "id": "PB365",
      "geometry": {
        "type": "Point",
        "coordinates": [
          -2.1416666666666666,
          46.888333333333335
        ]
      },
      "properties": {
        "pb": 365,
        "nom": "Pointe Notre Dame de Monts",
        "departement": "85",
        "wlotta": "Position Géographique : 46°53,3 N 002°08,5 W",
        "accessibilite": "Voiture",
        "villeProche": "",
        "structure": "Tour blanche haut noir",
        "validationExpedition": "Oui",
        "positionDMS": "46°53,3 N 002°08,5 W",
        "recherchePourcentage": "100%",
        "derniereActivite": "2001",
        "typePoint": "lighthouse"
      }
    },
    {
      "type": "Feature",
      "id": "PB367",
      "geometry": {
        "type": "Point",
        "coordinates": [
          -1.945,
          46.69833333333333
        ]
      },
      "properties": {
        "pb": 367,
        "nom": "Croix de Vie - Quai Avant",
        "departement": "85",
        "wlotta": "Position Géographique : 46°41,9 N 001°56,7 W",
        "accessibilite": "Voiture",
        "villeProche": "",
        "structure": "Tour carrée blanche haut rouge",
        "validationExpedition": "Oui",
        "positionDMS": "46°41,9 N 001°56,7 W",
        "recherchePourcentage": "100%",
        "derniereActivite": "2001",
        "typePoint": "lighthouse"
      }
    },
    {
      "type": "Feature",
      "id": "PB368",
      "geometry": {
        "type": "Point",
        "coordinates": [
          -1.9433333333333334,
          46.7
        ]
      },
      "properties": {
        "pb": 368,
        "nom": "Croix de Vie - Quai Arrière",
        "departement": "85",
        "wlotta": "Position Géographique : 46°42,0 N 001°56,6 W",
        "accessibilite": "Voiture",
        "villeProche": "",
        "structure": "Tour blanche haut rouge",
        "validationExpedition": "Oui",
        "positionDMS": "46°42,0 N 001°56,6 W",
        "recherchePourcentage": "100%",
        "derniereActivite": "2001",
        "typePoint": "lighthouse"
      }
    },
    {
      "type": "Feature",
      "id": "PB369",
      "geometry": {
        "type": "Point",
        "coordinates": [
          -2.0316666666666667,
          46.998333333333335
        ]
      },
      "properties": {
        "pb": 369,
        "nom": "Etier des Brochets",
        "departement": "85",
        "wlotta": "Position Géographique : 46°59,9 N 002°01,9 W",
        "accessibilite": "Voiture",
        "villeProche": "",
        "structure": "Tour verte bande blanche",
        "validationExpedition": "Oui",
        "positionDMS": "46°59,9 N 002°01,9 W",
        "recherchePourcentage": "100%",
        "derniereActivite": "2016",
        "typePoint": "lighthouse"
      }
    },
    {
      "type": "Feature",
      "id": "PB370",
      "geometry": {
        "type": "Point",
        "coordinates": [
          -2.075,
          46.94
        ]
      },
      "properties": {
        "pb": 370,
        "nom": "Bec de L'Epoids",
        "departement": "85",
        "wlotta": "Position Géographique : 46°56,4 N 002°04,5 W",
        "accessibilite": "Voiture",
        "villeProche": "",
        "structure": "Tour carrée blanche haut rouge",
        "validationExpedition": "Oui",
        "positionDMS": "46°56,4 N 002°04,5 W",
        "recherchePourcentage": "100%",
        "derniereActivite": "2016",
        "typePoint": "lighthouse"
      }
    },
    {
      "type": "Feature",
      "id": "PB371",
      "geometry": {
        "type": "Point",
        "coordinates": [
          -1.795,
          46.495
        ]
      },
      "properties": {
        "pb": 371,
        "nom": "Tour de la Chaume",
        "departement": "85",
        "wlotta": "Position Géographique : 46°29,7 N 001°47,7 W",
        "accessibilite": "Voiture",
        "villeProche": "",
        "structure": "Tour carrée grise crénelée surmontée d'une tourelle blanche",
        "validationExpedition": "Oui",
        "positionDMS": "46°29,7 N 001°47,7 W",
        "recherchePourcentage": "100%",
        "derniereActivite": "2016",
        "typePoint": "lighthouse"
      }
    },
    {
      "type": "Feature",
      "id": "PB372",
      "geometry": {
        "type": "Point",
        "coordinates": [
          -1.7916666666666665,
          46.49
        ]
      },
      "properties": {
        "pb": 372,
        "nom": "Jetée des sables",
        "departement": "85",
        "wlotta": "Position Géographique : 46°29,4 N 001°47,5 W",
        "accessibilite": "A pieds",
        "villeProche": "",
        "structure": "Tour tronconique blanche haut vert",
        "validationExpedition": "Oui",
        "positionDMS": "46°29,4 N 001°47,5 W",
        "recherchePourcentage": "100%",
        "derniereActivite": "2001",
        "typePoint": "lighthouse"
      }
    },
    {
      "type": "Feature",
      "id": "PB373",
      "geometry": {
        "type": "Point",
        "coordinates": [
          -1.7916666666666665,
          46.486666666666665
        ]
      },
      "properties": {
        "pb": 373,
        "nom": "Jetée St Nicolas",
        "departement": "85",
        "wlotta": "Position Géographique : 46°29,2 N 001°47,5 W",
        "accessibilite": "A pieds",
        "villeProche": "",
        "structure": "Tour blanche haut rouge",
        "validationExpedition": "Oui",
        "positionDMS": "46°29,2 N 001°47,5 W",
        "recherchePourcentage": "100%",
        "derniereActivite": "2016",
        "typePoint": "lighthouse"
      }
    },
    {
      "type": "Feature",
      "id": "PB374",
      "geometry": {
        "type": "Point",
        "coordinates": [
          -1.795,
          46.49666666666667
        ]
      },
      "properties": {
        "pb": 374,
        "nom": "Entrée Arrière",
        "departement": "85",
        "wlotta": "Position Géographique : 46°29,8 N 001°47,7 W",
        "accessibilite": "Voiture",
        "villeProche": "",
        "structure": "Tour blanche lanterne rouge voyant rectangulaire rouge blanc rouge",
        "validationExpedition": "Oui",
        "positionDMS": "46°29,8 N 001°47,7 W",
        "recherchePourcentage": "100%",
        "derniereActivite": "2001",
        "typePoint": "lighthouse"
      }
    },
    {
      "type": "Feature",
      "id": "PB375",
      "geometry": {
        "type": "Point",
        "coordinates": [
          -2.381666666666667,
          46.718333333333334
        ]
      },
      "properties": {
        "pb": 375,
        "nom": "Ile d'Yeu",
        "departement": "85",
        "wlotta": "0801",
        "accessibilite": "Bateau",
        "villeProche": "",
        "structure": "Validation expédition : Oui",
        "validationExpedition": "Oui",
        "positionDMS": "46°43,1 N 002°22,9 W",
        "recherchePourcentage": "100%",
        "derniereActivite": "Expéditions réalisées :",
        "typePoint": "lighthouse"
      }
    },
    {
      "type": "Feature",
      "id": "PB376",
      "geometry": {
        "type": "Point",
        "coordinates": [
          -2.2216666666666667,
          47.01166666666666
        ]
      },
      "properties": {
        "pb": 376,
        "nom": "île de Noirmoutier",
        "departement": "85",
        "wlotta": "1224",
        "accessibilite": "Voiture",
        "villeProche": "",
        "structure": "Validation expédition : Oui",
        "validationExpedition": "Oui",
        "positionDMS": "47°00,7 N 002°13,3 W",
        "recherchePourcentage": "100%",
        "derniereActivite": "2015",
        "typePoint": "lighthouse"
      }
    },
    {
      "type": "Feature",
      "id": "PB407",
      "geometry": {
        "type": "Point",
        "coordinates": [
          2.3533333333333335,
          51.06
        ]
      },
      "properties": {
        "pb": 407,
        "nom": "Musoir - Jetée Est",
        "departement": "59",
        "wlotta": "Position Géographique : 51°03,6 N 002°21,2 E",
        "accessibilite": "A Pieds",
        "villeProche": "",
        "structure": "Pylône blanc haut rouge",
        "validationExpedition": "Oui",
        "positionDMS": "51°03,6 N 002°21,2 E",
        "recherchePourcentage": "100%",
        "derniereActivite": "Expéditions réalisées :",
        "typePoint": "lighthouse"
      }
    },
    {
      "type": "Feature",
      "id": "PB408",
      "geometry": {
        "type": "Point",
        "coordinates": [
          2.368333333333333,
          51.04833333333333
        ]
      },
      "properties": {
        "pb": 408,
        "nom": "Ecluse Trystram - Arrière",
        "departement": "59",
        "wlotta": "Position Géographique : 51°02,9 N 002°22,1 E",
        "accessibilite": "Voiture",
        "villeProche": "",
        "structure": "Colonne blanche haut rouge",
        "validationExpedition": "Oui",
        "positionDMS": "51°02,9 N 002°22,1 E",
        "recherchePourcentage": "100%",
        "derniereActivite": "Expéditions réalisées :",
        "typePoint": "lighthouse"
      }
    },
    {
      "type": "Feature",
      "id": "PB409",
      "geometry": {
        "type": "Point",
        "coordinates": [
          2.3666666666666667,
          51.05
        ]
      },
      "properties": {
        "pb": 409,
        "nom": "Ecluse Trystram - Avant",
        "departement": "59",
        "wlotta": "Position Géographique : 51°03,0 N 002°22,0 E",
        "accessibilite": "Voiture",
        "villeProche": "",
        "structure": "Colonne blanche haut rouge",
        "validationExpedition": "Oui",
        "positionDMS": "51°03,0 N 002°22,0 E",
        "recherchePourcentage": "100%",
        "derniereActivite": "Expéditions réalisées :",
        "typePoint": "lighthouse"
      }
    },
    {
      "type": "Feature",
      "id": "PB410",
      "geometry": {
        "type": "Point",
        "coordinates": [
          2.18,
          51.0
        ]
      },
      "properties": {
        "pb": 410,
        "nom": "Direction 167",
        "departement": "59",
        "wlotta": "Position Géographique : 51°00,0 N 002°10,8 E",
        "accessibilite": "Voiture",
        "villeProche": "",
        "structure": "Cabane sur pylone",
        "validationExpedition": "Oui",
        "positionDMS": "51°00,0 N 002°10,8 E",
        "recherchePourcentage": "100%",
        "derniereActivite": "Expéditions réalisées :",
        "typePoint": "lighthouse"
      }
    },
    {
      "type": "Feature",
      "id": "PB411",
      "geometry": {
        "type": "Point",
        "coordinates": [
          2.1633333333333336,
          51.04333333333334
        ]
      },
      "properties": {
        "pb": 411,
        "nom": "Jetée du Clipon",
        "departement": "59",
        "wlotta": "Position Géographique : 51°02,6 N 002°09,8 E",
        "accessibilite": "A Pieds",
        "villeProche": "",
        "structure": "Colonne blanche haut rouge",
        "validationExpedition": "Oui",
        "positionDMS": "51°02,6 N 002°09,8 E",
        "recherchePourcentage": "100%",
        "derniereActivite": "Expéditions réalisées :",
        "typePoint": "lighthouse"
      }
    },
    {
      "type": "Feature",
      "id": "PB412",
      "geometry": {
        "type": "Point",
        "coordinates": [
          1.775,
          50.95333333333333
        ]
      },
      "properties": {
        "pb": 412,
        "nom": "Sangatte",
        "departement": "62",
        "wlotta": "Position Géographique : 50°57,2 N 001°46,5 E",
        "accessibilite": "Voiture",
        "villeProche": "",
        "structure": "Pylone blanc haut vert",
        "validationExpedition": "Oui",
        "positionDMS": "50°57,2 N 001°46,5 E",
        "recherchePourcentage": "100%",
        "derniereActivite": "Expéditions réalisées :",
        "typePoint": "lighthouse"
      }
    },
    {
      "type": "Feature",
      "id": "PB413",
      "geometry": {
        "type": "Point",
        "coordinates": [
          1.6033333333333335,
          50.72666666666667
        ]
      },
      "properties": {
        "pb": 413,
        "nom": "Boulogne Arriere - Centre Quai Gambetta",
        "departement": "62",
        "wlotta": "Position Géographique : 50°43,6 N 001°36,2 E",
        "accessibilite": "Voiture",
        "villeProche": "",
        "structure": "Immeuble gris haut rouge",
        "validationExpedition": "Oui",
        "positionDMS": "50°43,6 N 001°36,2 E",
        "recherchePourcentage": "100%",
        "derniereActivite": "Expéditions réalisées :",
        "typePoint": "lighthouse"
      }
    },
    {
      "type": "Feature",
      "id": "PB414",
      "geometry": {
        "type": "Point",
        "coordinates": [
          1.5666666666666667,
          50.723333333333336
        ]
      },
      "properties": {
        "pb": 414,
        "nom": "Boulogne Ro Ro Berths Range - Arrière",
        "departement": "62",
        "wlotta": "Position Géographique : 50°43,4 N 001°34,0 E",
        "accessibilite": "A Pieds",
        "villeProche": "",
        "structure": "Tour Rouge bande blanche",
        "validationExpedition": "Oui",
        "positionDMS": "50°43,4 N 001°34,0 E",
        "recherchePourcentage": "100%",
        "derniereActivite": "Expéditions réalisées :",
        "typePoint": "lighthouse"
      }
    },
    {
      "type": "Feature",
      "id": "PB415",
      "geometry": {
        "type": "Point",
        "coordinates": [
          1.5683333333333334,
          50.72833333333333
        ]
      },
      "properties": {
        "pb": 415,
        "nom": "Boulogne Ro Ro Berths Range - Avant",
        "departement": "62",
        "wlotta": "Position Géographique : 50°43,7 N 001°34,1 E",
        "accessibilite": "A Pieds",
        "villeProche": "",
        "structure": "Tour Rouge bande blanche",
        "validationExpedition": "Oui",
        "positionDMS": "50°43,7 N 001°34,1 E",
        "recherchePourcentage": "100%",
        "derniereActivite": "Expéditions réalisées :",
        "typePoint": "lighthouse"
      }
    },
    {
      "type": "Feature",
      "id": "PB416",
      "geometry": {
        "type": "Point",
        "coordinates": [
          1.6066666666666667,
          50.54833333333333
        ]
      },
      "properties": {
        "pb": 416,
        "nom": "Camiers",
        "departement": "62",
        "wlotta": "Position Géographique : 50°32,9 N 001°36,4 E",
        "accessibilite": "A Pieds",
        "villeProche": "",
        "structure": "Tour métallique rouge",
        "validationExpedition": "Oui",
        "positionDMS": "50°32,9 N 001°36,4 E",
        "recherchePourcentage": "100%",
        "derniereActivite": "Expéditions réalisées :",
        "typePoint": "lighthouse"
      }
    },
    {
      "type": "Feature",
      "id": "PB417",
      "geometry": {
        "type": "Point",
        "coordinates": [
          1.6433333333333333,
          50.18666666666667
        ]
      },
      "properties": {
        "pb": 417,
        "nom": "Saint Valery Sur Somme - Quai du Commerce",
        "departement": "80",
        "wlotta": "Non",
        "accessibilite": "A pieds",
        "villeProche": "",
        "structure": "Support blanc haut rouge",
        "validationExpedition": "Oui",
        "positionDMS": "50°11,2 N 001°38,6 E",
        "recherchePourcentage": "100%",
        "derniereActivite": "2024",
        "typePoint": "lighthouse"
      }
    },
    {
      "type": "Feature",
      "id": "PB418",
      "geometry": {
        "type": "Point",
        "coordinates": [
          1.6266666666666667,
          50.19166666666667
        ]
      },
      "properties": {
        "pb": 418,
        "nom": "Saint Valéry sur Somme Entrée",
        "departement": "80",
        "wlotta": "Non",
        "accessibilite": "Voiture",
        "villeProche": "",
        "structure": "Pylône Vert",
        "validationExpedition": "Oui",
        "positionDMS": "50°11,5 N 001°37,6 E",
        "recherchePourcentage": "100%",
        "derniereActivite": "2025",
        "typePoint": "lighthouse"
      }
    },
    {
      "type": "Feature",
      "id": "PB419",
      "geometry": {
        "type": "Point",
        "coordinates": [
          1.6233333333333333,
          50.215
        ]
      },
      "properties": {
        "pb": 419,
        "nom": "Le Crotoy Entrée Nord",
        "departement": "80",
        "wlotta": "Non",
        "accessibilite": "Voiture, à pieds",
        "villeProche": "",
        "structure": "Pylône pyramidal Blanc",
        "validationExpedition": "Oui",
        "positionDMS": "50°12,9 N 001°37,4 E",
        "recherchePourcentage": "100%",
        "derniereActivite": "Aucune",
        "typePoint": "lighthouse"
      }
    },
    {
      "type": "Feature",
      "id": "PB420",
      "geometry": {
        "type": "Point",
        "coordinates": [
          0.15,
          49.653333333333336
        ]
      },
      "properties": {
        "pb": 420,
        "nom": "Chenal d'Antifer - Leading",
        "departement": "76",
        "wlotta": "Position Géographique : 49°39,2 N 000°09,0 E",
        "accessibilite": "Voiture",
        "villeProche": "",
        "structure": "Pylone",
        "validationExpedition": "Oui",
        "positionDMS": "49°39,2 N 000°09,0 E",
        "recherchePourcentage": "100%",
        "derniereActivite": "Expéditions réalisées :",
        "typePoint": "lighthouse"
      }
    },
    {
      "type": "Feature",
      "id": "PB421",
      "geometry": {
        "type": "Point",
        "coordinates": [
          0.15333333333333332,
          49.65833333333333
        ]
      },
      "properties": {
        "pb": 421,
        "nom": "Antifer Terminal - Approach",
        "departement": "76",
        "wlotta": "Position Géographique : 49°39,5 N 000°09,2 E",
        "accessibilite": "Voiture",
        "villeProche": "",
        "structure": "Pylône blanc haut noir",
        "validationExpedition": "Oui",
        "positionDMS": "49°39,5 N 000°09,2 E",
        "recherchePourcentage": "100%",
        "derniereActivite": "Expéditions réalisées :",
        "typePoint": "lighthouse"
      }
    },
    {
      "type": "Feature",
      "id": "PB422",
      "geometry": {
        "type": "Point",
        "coordinates": [
          0.15666666666666668,
          49.63666666666667
        ]
      },
      "properties": {
        "pb": 422,
        "nom": "Antifer Terminal Arrière",
        "departement": "76",
        "wlotta": "Position Géographique : 49°38,2 N 000°09,4 E",
        "accessibilite": "Voiture",
        "villeProche": "",
        "structure": "Pylone blanc haut vert",
        "validationExpedition": "Oui",
        "positionDMS": "49°38,2 N 000°09,4 E",
        "recherchePourcentage": "100%",
        "derniereActivite": "Expéditions réalisées :",
        "typePoint": "lighthouse"
      }
    },
    {
      "type": "Feature",
      "id": "PB423",
      "geometry": {
        "type": "Point",
        "coordinates": [
          0.12833333333333333,
          49.67
        ]
      },
      "properties": {
        "pb": 423,
        "nom": "Antifer Terminal - Amarrage 3",
        "departement": "76",
        "wlotta": "Position Géographique : 49°40,2 N 000°07,7 E",
        "accessibilite": "A Pieds",
        "villeProche": "",
        "structure": "Pylone blanc haut rouge",
        "validationExpedition": "Oui",
        "positionDMS": "49°40,2 N 000°07,7 E",
        "recherchePourcentage": "100%",
        "derniereActivite": "Expéditions réalisées :",
        "typePoint": "lighthouse"
      }
    },
    {
      "type": "Feature",
      "id": "PB424",
      "geometry": {
        "type": "Point",
        "coordinates": [
          0.13499999999999998,
          49.67
        ]
      },
      "properties": {
        "pb": 424,
        "nom": "Antifer Terminal - Amarrage 2",
        "departement": "76",
        "wlotta": "Position Géographique : 49°40,2 N 000°08,1 E",
        "accessibilite": "A Pieds",
        "villeProche": "",
        "structure": "Pylone blanc haut rouge",
        "validationExpedition": "Oui",
        "positionDMS": "49°40,2 N 000°08,1 E",
        "recherchePourcentage": "100%",
        "derniereActivite": "Expéditions réalisées :",
        "typePoint": "lighthouse"
      }
    },
    {
      "type": "Feature",
      "id": "PB425",
      "geometry": {
        "type": "Point",
        "coordinates": [
          0.15166666666666667,
          49.638333333333335
        ]
      },
      "properties": {
        "pb": 425,
        "nom": "Antifer Approach Avant",
        "departement": "76",
        "wlotta": "Position Géographique : 49°38,3 N 000°09,1 E",
        "accessibilite": "Voiture",
        "villeProche": "",
        "structure": "Pylone blanc haut vert",
        "validationExpedition": "Oui",
        "positionDMS": "49°38,3 N 000°09,1 E",
        "recherchePourcentage": "100%",
        "derniereActivite": "Expéditions réalisées :",
        "typePoint": "lighthouse"
      }
    },
    {
      "type": "Feature",
      "id": "PB426",
      "geometry": {
        "type": "Point",
        "coordinates": [
          0.13833333333333334,
          49.468333333333334
        ]
      },
      "properties": {
        "pb": 426,
        "nom": "Le Havre - Digue Charles Laroch - Bassin rené Coty",
        "departement": "76",
        "wlotta": "Position Géographique : 49°28,1 N 000°08,3 E",
        "accessibilite": "A Pieds",
        "villeProche": "",
        "structure": "Tour pyramidale blanche haut vert",
        "validationExpedition": "Oui",
        "positionDMS": "49°28,1 N 000°08,3 E",
        "recherchePourcentage": "100%",
        "derniereActivite": "Expéditions réalisées :",
        "typePoint": "lighthouse"
      }
    },
    {
      "type": "Feature",
      "id": "PB427",
      "geometry": {
        "type": "Point",
        "coordinates": [
          1.09,
          49.93333333333333
        ]
      },
      "properties": {
        "pb": 427,
        "nom": "Falaise du Pollet",
        "departement": "76",
        "wlotta": "Position Géographique : 49°56,0 N 001°05,4 E",
        "accessibilite": "Voiture",
        "villeProche": "",
        "structure": "Structure blanche et rouge",
        "validationExpedition": "Oui",
        "positionDMS": "49°56,0 N 001°05,4 E",
        "recherchePourcentage": "100%",
        "derniereActivite": "Expéditions réalisées :",
        "typePoint": "lighthouse"
      }
    },
    {
      "type": "Feature",
      "id": "PB428",
      "geometry": {
        "type": "Point",
        "coordinates": [
          0.07666666666666666,
          49.365
        ]
      },
      "properties": {
        "pb": 428,
        "nom": "Trouville - La Cahotte - Front",
        "departement": "14",
        "wlotta": "Non",
        "accessibilite": "Voiture, à pieds",
        "villeProche": "",
        "structure": "Pylône blanc haut rouge",
        "validationExpedition": "Oui",
        "positionDMS": "49°21,9 N 000°04,6 E",
        "recherchePourcentage": "100%",
        "derniereActivite": "Expéditions réalisées :",
        "typePoint": "lighthouse"
      }
    },
    {
      "type": "Feature",
      "id": "PB429",
      "geometry": {
        "type": "Point",
        "coordinates": [
          0.06833333333333333,
          49.373333333333335
        ]
      },
      "properties": {
        "pb": 429,
        "nom": "Trouville - Enrochement Ouest",
        "departement": "14",
        "wlotta": "Non",
        "accessibilite": "Bateau",
        "villeProche": "",
        "structure": "Pylône noir haut vert",
        "validationExpedition": "Oui",
        "positionDMS": "49°22,4 N 000°04,1 E",
        "recherchePourcentage": "100%",
        "derniereActivite": "Expéditions réalisées :",
        "typePoint": "lighthouse"
      }
    },
    {
      "type": "Feature",
      "id": "PB430",
      "geometry": {
        "type": "Point",
        "coordinates": [
          -0.24666666666666667,
          49.28
        ]
      },
      "properties": {
        "pb": 430,
        "nom": "Ouistreham Rear",
        "departement": "14",
        "wlotta": "Non",
        "accessibilite": "Voiture, à Pieds",
        "villeProche": "",
        "structure": "Tripode",
        "validationExpedition": "Oui",
        "positionDMS": "49°16,8 N 000°14,8 W",
        "recherchePourcentage": "100%",
        "derniereActivite": "Expéditions réalisées :",
        "typePoint": "lighthouse"
      }
    },
    {
      "type": "Feature",
      "id": "PB431",
      "geometry": {
        "type": "Point",
        "coordinates": [
          -0.45666666666666667,
          49.34
        ]
      },
      "properties": {
        "pb": 431,
        "nom": "Courseulles sur Mer - Jetée Ouest submersible",
        "departement": "14",
        "wlotta": "Non",
        "accessibilite": "Bateau, à Pieds",
        "villeProche": "",
        "structure": "Pylône haut vert",
        "validationExpedition": "Oui",
        "positionDMS": "49°20,4 N 000°27,4 W",
        "recherchePourcentage": "100%",
        "derniereActivite": "Expéditions réalisées :",
        "typePoint": "lighthouse"
      }
    },
    {
      "type": "Feature",
      "id": "PB432",
      "geometry": {
        "type": "Point",
        "coordinates": [
          -0.7566666666666666,
          49.35333333333333
        ]
      },
      "properties": {
        "pb": 432,
        "nom": "Port en Bessin - Jetée Ouest",
        "departement": "14",
        "wlotta": "Non",
        "accessibilite": "A Pieds",
        "villeProche": "",
        "structure": "Pylône Vert",
        "validationExpedition": "Oui",
        "positionDMS": "49°21,2 N 000°45,4 W",
        "recherchePourcentage": "100%",
        "derniereActivite": "Expéditions réalisées :",
        "typePoint": "lighthouse"
      }
    },
    {
      "type": "Feature",
      "id": "PB433",
      "geometry": {
        "type": "Point",
        "coordinates": [
          -0.7583333333333333,
          49.35
        ]
      },
      "properties": {
        "pb": 433,
        "nom": "Port en Bessin - Front",
        "departement": "14",
        "wlotta": "Non",
        "accessibilite": "En voiture, à Pieds",
        "villeProche": "",
        "structure": "Pylône blanc haut vert",
        "validationExpedition": "Oui",
        "positionDMS": "49°21,0 N 000°45,5 W",
        "recherchePourcentage": "100%",
        "derniereActivite": "Expéditions réalisées :",
        "typePoint": "lighthouse"
      }
    },
    {
      "type": "Feature",
      "id": "PB434",
      "geometry": {
        "type": "Point",
        "coordinates": [
          -0.24666666666666667,
          49.285
        ]
      },
      "properties": {
        "pb": 434,
        "nom": "Ouistreham - Jetée Est",
        "departement": "14",
        "wlotta": "Non",
        "accessibilite": "A Pieds",
        "villeProche": "",
        "structure": "Pylône blanc haut rouge",
        "validationExpedition": "Oui",
        "positionDMS": "49°17,1 N 000°14,8 W",
        "recherchePourcentage": "100%",
        "derniereActivite": "Expéditions réalisées :",
        "typePoint": "lighthouse"
      }
    },
    {
      "type": "Feature",
      "id": "PB435",
      "geometry": {
        "type": "Point",
        "coordinates": [
          -1.0466666666666666,
          49.39
        ]
      },
      "properties": {
        "pb": 435,
        "nom": "Grandcamp-Maisy - Rear",
        "departement": "14",
        "wlotta": "Non",
        "accessibilite": "En Voiture, à Pieds",
        "villeProche": "",
        "structure": "Pylône blanc haut rouge",
        "validationExpedition": "Oui",
        "positionDMS": "49°23,4 N 001°02,8 W",
        "recherchePourcentage": "100%",
        "derniereActivite": "Expéditions réalisées :",
        "typePoint": "lighthouse"
      }
    },
    {
      "type": "Feature",
      "id": "PB436",
      "geometry": {
        "type": "Point",
        "coordinates": [
          -1.1133333333333333,
          49.32666666666667
        ]
      },
      "properties": {
        "pb": 436,
        "nom": "Carentan - Isigny 173°",
        "departement": "14",
        "wlotta": "Non",
        "accessibilite": "En Voiture, à Pieds",
        "villeProche": "",
        "structure": "Pylône blanc",
        "validationExpedition": "Oui",
        "positionDMS": "49°19,6 N 001°06,8 W",
        "recherchePourcentage": "100%",
        "derniereActivite": "Expéditions réalisées :",
        "typePoint": "lighthouse"
      }
    },
    {
      "type": "Feature",
      "id": "PB437",
      "geometry": {
        "type": "Point",
        "coordinates": [
          -1.0483333333333333,
          49.39
        ]
      },
      "properties": {
        "pb": 437,
        "nom": "Grandcamp-Maisy - Front",
        "departement": "14",
        "wlotta": "Non",
        "accessibilite": "En Voiture, à Pieds",
        "villeProche": "",
        "structure": "Pylône blanc haut rouge",
        "validationExpedition": "Oui",
        "positionDMS": "49°23,4 N 001°02,9 W",
        "recherchePourcentage": "100%",
        "derniereActivite": "Expéditions réalisées :",
        "typePoint": "lighthouse"
      }
    },
    {
      "type": "Feature",
      "id": "PB438",
      "geometry": {
        "type": "Point",
        "coordinates": [
          -1.0466666666666666,
          49.385
        ]
      },
      "properties": {
        "pb": 438,
        "nom": "Grandcamp-Maisy - La Maresquerie",
        "departement": "14",
        "wlotta": "Non",
        "accessibilite": "En Voiture, à Pieds",
        "villeProche": "",
        "structure": "Pylône blanc",
        "validationExpedition": "Oui",
        "positionDMS": "49°23,1 N 001°02,8 W",
        "recherchePourcentage": "100%",
        "derniereActivite": "Expéditions réalisées :",
        "typePoint": "lighthouse"
      }
    },
    {
      "type": "Feature",
      "id": "PB439",
      "geometry": {
        "type": "Point",
        "coordinates": [
          -1.05,
          49.391666666666666
        ]
      },
      "properties": {
        "pb": 439,
        "nom": "Grandcamp-Maisy - Bout de la jetée Est",
        "departement": "14",
        "wlotta": "Non",
        "accessibilite": "A Pieds",
        "villeProche": "",
        "structure": "Colonne blanche haut rouge",
        "validationExpedition": "Oui",
        "positionDMS": "49°23,5 N 001°03,0 W",
        "recherchePourcentage": "100%",
        "derniereActivite": "Expéditions réalisées :",
        "typePoint": "lighthouse"
      }
    },
    {
      "type": "Feature",
      "id": "PB440",
      "geometry": {
        "type": "Point",
        "coordinates": [
          -1.0416666666666667,
          49.39
        ]
      },
      "properties": {
        "pb": 440,
        "nom": "Grandcamp-Maisy - Perre",
        "departement": "14",
        "wlotta": "Non",
        "accessibilite": "En voiture, à Pieds",
        "villeProche": "",
        "structure": "Pylône blanc haut vert",
        "validationExpedition": "Oui",
        "positionDMS": "49°23,4 N 001°02,5 W",
        "recherchePourcentage": "100%",
        "derniereActivite": "Expéditions réalisées :",
        "typePoint": "lighthouse"
      }
    },
    {
      "type": "Feature",
      "id": "PB445",
      "geometry": {
        "type": "Point",
        "coordinates": [
          -3.895,
          47.85
        ]
      },
      "properties": {
        "pb": 445,
        "nom": "Baie de Pouldohan",
        "departement": "29",
        "wlotta": "Position Géographique : 47°51,0 N 003°53,7 W",
        "accessibilite": "Voiture",
        "villeProche": "",
        "structure": "Tour carrée blanche et verte",
        "validationExpedition": "Oui",
        "positionDMS": "47°51,0 N 003°53,7 W",
        "recherchePourcentage": "100%",
        "derniereActivite": "2016",
        "typePoint": "lighthouse"
      }
    },
    {
      "type": "Feature",
      "id": "PB446",
      "geometry": {
        "type": "Point",
        "coordinates": [
          -3.91,
          47.86833333333333
        ]
      },
      "properties": {
        "pb": 446,
        "nom": "Lanriec",
        "departement": "29",
        "wlotta": "Position Géographique : 47°52,1 N 003°54,6 W",
        "accessibilite": "Voiture",
        "villeProche": "",
        "structure": "Pylone blanc - Nom en vert sur pignon maison",
        "validationExpedition": "Oui",
        "positionDMS": "47°52,1 N 003°54,6 W",
        "recherchePourcentage": "100%",
        "derniereActivite": "2016",
        "typePoint": "lighthouse"
      }
    },
    {
      "type": "Feature",
      "id": "PB447",
      "geometry": {
        "type": "Point",
        "coordinates": [
          -4.111666666666666,
          47.87166666666667
        ]
      },
      "properties": {
        "pb": 447,
        "nom": "Pointe du Coq",
        "departement": "29",
        "wlotta": "Position Géographique : 47°52,3 N 004°06,7 W",
        "accessibilite": "Voiture",
        "villeProche": "",
        "structure": "Tour blanche rayure verte",
        "validationExpedition": "Oui",
        "positionDMS": "47°52,3 N 004°06,7 W",
        "recherchePourcentage": "100%",
        "derniereActivite": "2016",
        "typePoint": "lighthouse"
      }
    },
    {
      "type": "Feature",
      "id": "PB448",
      "geometry": {
        "type": "Point",
        "coordinates": [
          -1.2583333333333333,
          49.336666666666666
        ]
      },
      "properties": {
        "pb": 448,
        "nom": "Carentan Rear",
        "departement": "50",
        "wlotta": "Non",
        "accessibilite": "Voiture",
        "villeProche": "",
        "structure": "Pylone blanc haut vert",
        "validationExpedition": "Oui",
        "positionDMS": "49°20,2 N 001°15,5 W",
        "recherchePourcentage": "100 %",
        "derniereActivite": "Expéditions réalisées :",
        "typePoint": "lighthouse"
      }
    },
    {
      "type": "Feature",
      "id": "PB449",
      "geometry": {
        "type": "Point",
        "coordinates": [
          -1.2733333333333334,
          49.571666666666665
        ]
      },
      "properties": {
        "pb": 449,
        "nom": "La Hougue Front",
        "departement": "50",
        "wlotta": "Non",
        "accessibilite": "A pieds",
        "villeProche": "",
        "structure": "Pylone blanc haut vert",
        "validationExpedition": "Oui",
        "positionDMS": "49°34,3 N 001°16,4 W",
        "recherchePourcentage": "100 %",
        "derniereActivite": "Expéditions réalisées :",
        "typePoint": "lighthouse"
      }
    },
    {
      "type": "Feature",
      "id": "PB450",
      "geometry": {
        "type": "Point",
        "coordinates": [
          -1.185,
          49.34166666666667
        ]
      },
      "properties": {
        "pb": 450,
        "nom": "Carentan Front",
        "departement": "50",
        "wlotta": "Non",
        "accessibilite": "Voiture",
        "villeProche": "",
        "structure": "Pylone blanc haut rouge",
        "validationExpedition": "Oui",
        "positionDMS": "49°20,5 N 001°11,1 W",
        "recherchePourcentage": "100 %",
        "derniereActivite": "Expéditions réalisées :",
        "typePoint": "lighthouse"
      }
    },
    {
      "type": "Feature",
      "id": "PB451",
      "geometry": {
        "type": "Point",
        "coordinates": [
          -1.795,
          46.495
        ]
      },
      "properties": {
        "pb": 451,
        "nom": "Entrée Avant",
        "departement": "85",
        "wlotta": "Position Géographique : 46°29,7 N 001°47,7 W",
        "accessibilite": "Voiture",
        "villeProche": "",
        "structure": "Tour carrée blanche lanterne rouge voyant rectangulaire blanc rouge blanc",
        "validationExpedition": "Oui",
        "positionDMS": "46°29,7 N 001°47,7 W",
        "recherchePourcentage": "100%",
        "derniereActivite": "2016",
        "typePoint": "lighthouse"
      }
    },
    {
      "type": "Feature",
      "id": "PB452",
      "geometry": {
        "type": "Point",
        "coordinates": [
          -1.6400000000000001,
          49.651666666666664
        ]
      },
      "properties": {
        "pb": 452,
        "nom": "Bassin Napoléon - Common Rear",
        "departement": "50",
        "wlotta": "Non",
        "accessibilite": "Voiture",
        "villeProche": "",
        "structure": "Pylône Gris haut blanc",
        "validationExpedition": "Oui",
        "positionDMS": "49°39,1 N 001°38,4 W",
        "recherchePourcentage": "100 %",
        "derniereActivite": "Expéditions réalisées :",
        "typePoint": "lighthouse"
      }
    },
    {
      "type": "Feature",
      "id": "PB453",
      "geometry": {
        "type": "Point",
        "coordinates": [
          -1.5983333333333332,
          49.655
        ]
      },
      "properties": {
        "pb": 453,
        "nom": "Jetée des Flamands Est - Front",
        "departement": "50",
        "wlotta": "Non",
        "accessibilite": "Voiture",
        "villeProche": "",
        "structure": "Pylône blanc sur cabane",
        "validationExpedition": "Oui",
        "positionDMS": "49°39,3 N 001°35,9 W",
        "recherchePourcentage": "100 %",
        "derniereActivite": "Expéditions réalisées :",
        "typePoint": "lighthouse"
      }
    },
    {
      "type": "Feature",
      "id": "PB454",
      "geometry": {
        "type": "Point",
        "coordinates": [
          null,
          null
        ]
      },
      "properties": {
        "pb": 454,
        "nom": "Ile Pelée",
        "departement": "50",
        "wlotta": "1370",
        "accessibilite": "Bateau",
        "villeProche": "",
        "structure": "Tour rouge et blanche",
        "validationExpedition": "Oui",
        "positionDMS": "4940,2 N 001°35,1 W",
        "recherchePourcentage": "100%",
        "derniereActivite": "Expéditions réalisées :",
        "typePoint": "lighthouse"
      }
    },
    {
      "type": "Feature",
      "id": "PB455",
      "geometry": {
        "type": "Point",
        "coordinates": [
          -1.6166666666666667,
          49.65833333333333
        ]
      },
      "properties": {
        "pb": 455,
        "nom": "Jetée du Homet Range Front",
        "departement": "50",
        "wlotta": "Position Géographique : 49°39,5 N 001°37,0 W",
        "accessibilite": "A pieds",
        "villeProche": "",
        "structure": "Support blanc haut vert",
        "validationExpedition": "Oui",
        "positionDMS": "49°39,5 N 001°37,0 W",
        "recherchePourcentage": "100%",
        "derniereActivite": "Expéditions réalisées :",
        "typePoint": "lighthouse"
      }
    },
    {
      "type": "Feature",
      "id": "PB456",
      "geometry": {
        "type": "Point",
        "coordinates": [
          -1.6316666666666666,
          49.66
        ]
      },
      "properties": {
        "pb": 456,
        "nom": "Fort du Homet - Range Front",
        "departement": "50",
        "wlotta": "Non",
        "accessibilite": "Voiture",
        "villeProche": "",
        "structure": "Marque triangulaire blanche sur lanterne",
        "validationExpedition": "Oui",
        "positionDMS": "49°39,6 N 001°37,9 W",
        "recherchePourcentage": "100 %",
        "derniereActivite": "Expéditions réalisées :",
        "typePoint": "lighthouse"
      }
    },
    {
      "type": "Feature",
      "id": "PB457",
      "geometry": {
        "type": "Point",
        "coordinates": [
          -1.6433333333333333,
          49.653333333333336
        ]
      },
      "properties": {
        "pb": 457,
        "nom": "Jetée des Flamands - Rear",
        "departement": "50",
        "wlotta": "Non",
        "accessibilite": "Voiture",
        "villeProche": "",
        "structure": "Piedestal vert su maison",
        "validationExpedition": "Oui",
        "positionDMS": "49°39,2 N 001°38,6 W",
        "recherchePourcentage": "100 %",
        "derniereActivite": "Expéditions réalisées :",
        "typePoint": "lighthouse"
      }
    },
    {
      "type": "Feature",
      "id": "PB458",
      "geometry": {
        "type": "Point",
        "coordinates": [
          -1.9283333333333332,
          49.733333333333334
        ]
      },
      "properties": {
        "pb": 458,
        "nom": "La Plate - Ronde",
        "departement": "50",
        "wlotta": "Position Géographique : 49°44,0 N 001°55,7 W",
        "accessibilite": "Bateau",
        "villeProche": "",
        "structure": "Tour octogonale jaune haut noir",
        "validationExpedition": "Oui",
        "positionDMS": "49°44,0 N 001°55,7 W",
        "recherchePourcentage": "100%",
        "derniereActivite": "Expéditions réalisées :",
        "typePoint": "lighthouse"
      }
    },
    {
      "type": "Feature",
      "id": "PB459",
      "geometry": {
        "type": "Point",
        "coordinates": [
          -1.5983333333333332,
          49.67166666666667
        ]
      },
      "properties": {
        "pb": 459,
        "nom": "Fort de l'Est - Digue centrale",
        "departement": "50",
        "wlotta": "1133",
        "accessibilite": "Bateau",
        "villeProche": "",
        "structure": "Pylône blanc haut vert",
        "validationExpedition": "Oui",
        "positionDMS": "49°40,3 N 001°35,9 W",
        "recherchePourcentage": "100 %",
        "derniereActivite": "Expéditions réalisées :",
        "typePoint": "lighthouse"
      }
    },
    {
      "type": "Feature",
      "id": "PB460",
      "geometry": {
        "type": "Point",
        "coordinates": [
          -1.7,
          49.336666666666666
        ]
      },
      "properties": {
        "pb": 460,
        "nom": "Portbail Rear",
        "departement": "50",
        "wlotta": "Non",
        "accessibilite": "Voiture",
        "villeProche": "",
        "structure": "Dans le Clocher",
        "validationExpedition": "Oui",
        "positionDMS": "49°20,2 N 001°42,0 W",
        "recherchePourcentage": "100 %",
        "derniereActivite": "Expéditions réalisées :",
        "typePoint": "lighthouse"
      }
    },
    {
      "type": "Feature",
      "id": "PB461",
      "geometry": {
        "type": "Point",
        "coordinates": [
          -1.6033333333333335,
          48.82666666666667
        ]
      },
      "properties": {
        "pb": 461,
        "nom": "Le Loup",
        "departement": "50",
        "wlotta": "Position Géographique : 48°49,6 N 001°36,2 W",
        "accessibilite": "Bateau",
        "villeProche": "",
        "structure": "Tourelle noire et rouge",
        "validationExpedition": "Oui",
        "positionDMS": "48°49,6 N 001°36,2 W",
        "recherchePourcentage": "100%",
        "derniereActivite": "Expéditions réalisées :",
        "typePoint": "lighthouse"
      }
    },
    {
      "type": "Feature",
      "id": "PB462",
      "geometry": {
        "type": "Point",
        "coordinates": [
          -1.6166666666666667,
          49.64666666666667
        ]
      },
      "properties": {
        "pb": 462,
        "nom": "Gare Maritime",
        "departement": "50",
        "wlotta": "Position Géographique : 49°38,8 N 001°37,0 W",
        "accessibilite": "Voiture",
        "villeProche": "",
        "structure": "Pylône gris , marque triangulaire banche",
        "validationExpedition": "Oui",
        "positionDMS": "49°38,8 N 001°37,0 W",
        "recherchePourcentage": "100%",
        "derniereActivite": "Expéditions réalisées :",
        "typePoint": "lighthouse"
      }
    },
    {
      "type": "Feature",
      "id": "PB463",
      "geometry": {
        "type": "Point",
        "coordinates": [
          -1.8366666666666667,
          49.705
        ]
      },
      "properties": {
        "pb": 463,
        "nom": "Omonville La Rogue",
        "departement": "50",
        "wlotta": "Position Géographique : 49°42,3 N 001°50,2 W",
        "accessibilite": "Voiture",
        "villeProche": "",
        "structure": "Pylône blanc haut rouge",
        "validationExpedition": "Oui",
        "positionDMS": "49°42,3 N 001°50,2 W",
        "recherchePourcentage": "100%",
        "derniereActivite": "Expéditions réalisées :",
        "typePoint": "lighthouse"
      }
    },
    {
      "type": "Feature",
      "id": "PB464",
      "geometry": {
        "type": "Point",
        "coordinates": [
          -1.6416666666666666,
          49.65833333333333
        ]
      },
      "properties": {
        "pb": 464,
        "nom": "Jetée des Flamands - Anchorage Range",
        "departement": "50",
        "wlotta": "Position Géographique : 49°39,5 N 001°38,5 W",
        "accessibilite": "Voiture",
        "villeProche": "",
        "structure": "Pylône blanc",
        "validationExpedition": "Oui",
        "positionDMS": "49°39,5 N 001°38,5 W",
        "recherchePourcentage": "100%",
        "derniereActivite": "Expéditions réalisées :",
        "typePoint": "lighthouse"
      }
    },
    {
      "type": "Feature",
      "id": "PB465",
      "geometry": {
        "type": "Point",
        "coordinates": [
          -1.6333333333333333,
          49.65833333333333
        ]
      },
      "properties": {
        "pb": 465,
        "nom": "Fort du Homet",
        "departement": "50",
        "wlotta": "Position Géographique : 49°39,5 N 001°38,0 W",
        "accessibilite": "Voiture",
        "villeProche": "",
        "structure": "Marque triangulaire blanche sur lanterne",
        "validationExpedition": "Oui",
        "positionDMS": "49°39,5 N 001°38,0 W",
        "recherchePourcentage": "100%",
        "derniereActivite": "Expéditions réalisées :",
        "typePoint": "lighthouse"
      }
    },
    {
      "type": "Feature",
      "id": "PB466",
      "geometry": {
        "type": "Point",
        "coordinates": [
          -1.7083333333333335,
          49.33
        ]
      },
      "properties": {
        "pb": 466,
        "nom": "La Callourie",
        "departement": "50",
        "wlotta": "Non",
        "accessibilite": "Voiture",
        "villeProche": "",
        "structure": "Pylône blanc haut rouge",
        "validationExpedition": "Oui",
        "positionDMS": "49°19,8 N 001°42,5 W",
        "recherchePourcentage": "100 %",
        "derniereActivite": "Expéditions réalisées :",
        "typePoint": "lighthouse"
      }
    },
    {
      "type": "Feature",
      "id": "PB467",
      "geometry": {
        "type": "Point",
        "coordinates": [
          -1.7233333333333332,
          48.891666666666666
        ]
      },
      "properties": {
        "pb": 467,
        "nom": "Le Pignon (éteint en juillet 2022)",
        "departement": "50",
        "wlotta": "Position Géographique : 48°53,5 N 001°43,4 W",
        "accessibilite": "Bateau",
        "villeProche": "",
        "structure": "Tour noire bande blanche",
        "validationExpedition": "Oui",
        "positionDMS": "48°53,5 N 001°43,4 W",
        "recherchePourcentage": "100%",
        "derniereActivite": "Expéditions réalisées :",
        "typePoint": "lighthouse"
      }
    },
    {
      "type": "Feature",
      "id": "PB468",
      "geometry": {
        "type": "Point",
        "coordinates": [
          -1.6,
          49.651666666666664
        ]
      },
      "properties": {
        "pb": 468,
        "nom": "Terre Plein du Mielles - Common Rear",
        "departement": "50",
        "wlotta": "Position Géographique : 49°39,1 N 001°36,0 W",
        "accessibilite": "Voiture",
        "villeProche": "",
        "structure": "Colonne blanche, bande noire, haut blanc",
        "validationExpedition": "Oui",
        "positionDMS": "49°39,1 N 001°36,0 W",
        "recherchePourcentage": "100%",
        "derniereActivite": "Expéditions réalisées :",
        "typePoint": "lighthouse"
      }
    },
    {
      "type": "Feature",
      "id": "PB469",
      "geometry": {
        "type": "Point",
        "coordinates": [
          -1.8216666666666668,
          48.873333333333335
        ]
      },
      "properties": {
        "pb": 469,
        "nom": "La Crabiere",
        "departement": "50",
        "wlotta": "Position Géographique : 48°52,4 N 001°49,3 W",
        "accessibilite": "Bateau",
        "villeProche": "",
        "structure": "Tourelle haut jaune",
        "validationExpedition": "Oui",
        "positionDMS": "48°52,4 N 001°49,3 W",
        "recherchePourcentage": "100%",
        "derniereActivite": "Expéditions réalisées :",
        "typePoint": "lighthouse"
      }
    },
    {
      "type": "Feature",
      "id": "PB470",
      "geometry": {
        "type": "Point",
        "coordinates": [
          -1.6183333333333334,
          49.67166666666667
        ]
      },
      "properties": {
        "pb": 470,
        "nom": "Cherbourg - Digue Centrale",
        "departement": "50",
        "wlotta": "1133",
        "accessibilite": "Bateau",
        "villeProche": "",
        "structure": "Voir phares PB 115 et PB 391",
        "validationExpedition": "Oui",
        "positionDMS": "49°40,3 N 001°37,1 W",
        "recherchePourcentage": "100%",
        "derniereActivite": "Expéditions réalisées :",
        "typePoint": "lighthouse"
      }
    },
    {
      "type": "Feature",
      "id": "PB471",
      "geometry": {
        "type": "Point",
        "coordinates": [
          -2.1366666666666667,
          48.61833333333333
        ]
      },
      "properties": {
        "pb": 471,
        "nom": "Saint Briac",
        "departement": "35",
        "wlotta": "Position Géographique : 48°37,1 N 002°08,2 W",
        "accessibilite": "Voiture",
        "villeProche": "",
        "structure": "Colonne blanche sur cabane blanche",
        "validationExpedition": "Oui",
        "positionDMS": "48°37,1 N 002°08,2 W",
        "recherchePourcentage": "100%",
        "derniereActivite": "Expéditions réalisées :",
        "typePoint": "lighthouse"
      }
    },
    {
      "type": "Feature",
      "id": "PB472",
      "geometry": {
        "type": "Point",
        "coordinates": [
          -2.243333333333333,
          48.64
        ]
      },
      "properties": {
        "pb": 472,
        "nom": "Saint Cast - Môle",
        "departement": "22",
        "wlotta": "Position Géographique : 48°38,4 N 002°14,6 W",
        "accessibilite": "A pieds",
        "villeProche": "",
        "structure": "Pylône blanc haut vert",
        "validationExpedition": "Oui",
        "positionDMS": "48°38,4 N 002°14,6 W",
        "recherchePourcentage": "100%",
        "derniereActivite": "Expéditions réalisées :",
        "typePoint": "lighthouse"
      }
    },
    {
      "type": "Feature",
      "id": "PB473",
      "geometry": {
        "type": "Point",
        "coordinates": [
          -2.63,
          48.64833333333333
        ]
      },
      "properties": {
        "pb": 473,
        "nom": "Le Rohein",
        "departement": "22",
        "wlotta": "Position Géographique : 48°38,9 N 002°37,8 W",
        "accessibilite": "Bateau",
        "villeProche": "",
        "structure": "Tourelle jaune noire jaune",
        "validationExpedition": "Oui",
        "positionDMS": "48°38,9 N 002°37,8 W",
        "recherchePourcentage": "100%",
        "derniereActivite": "Expéditions réalisées :",
        "typePoint": "lighthouse"
      }
    },
    {
      "type": "Feature",
      "id": "PB474",
      "geometry": {
        "type": "Point",
        "coordinates": [
          -3.585,
          48.778333333333336
        ]
      },
      "properties": {
        "pb": 474,
        "nom": "Pointe de Lan Kerellec",
        "departement": "22",
        "wlotta": "Position Géographique : 48°46,7 N 003°35,1 W",
        "accessibilite": "Voiture",
        "villeProche": "",
        "structure": "Tour Grise",
        "validationExpedition": "Oui",
        "positionDMS": "48°46,7 N 003°35,1 W",
        "recherchePourcentage": "100%",
        "derniereActivite": "Expéditions réalisées :",
        "typePoint": "lighthouse"
      }
    },
    {
      "type": "Feature",
      "id": "PB475",
      "geometry": {
        "type": "Point",
        "coordinates": [
          -3.4433333333333334,
          48.803333333333335
        ]
      },
      "properties": {
        "pb": 475,
        "nom": "Perros Guirec - Mole Ouest",
        "departement": "22",
        "wlotta": "Position Géographique : 48°48,2 N 003°26,6 W",
        "accessibilite": "Voiture",
        "villeProche": "",
        "structure": "Pilier blanc haut rouge",
        "validationExpedition": "Oui",
        "positionDMS": "48°48,2 N 003°26,6 W",
        "recherchePourcentage": "100%",
        "derniereActivite": "Expéditions réalisées :",
        "typePoint": "lighthouse"
      }
    },
    {
      "type": "Feature",
      "id": "PB476",
      "geometry": {
        "type": "Point",
        "coordinates": [
          -3.4383333333333335,
          48.805
        ]
      },
      "properties": {
        "pb": 476,
        "nom": "Perros Guirec - Jetée Est - Linkin",
        "departement": "22",
        "wlotta": "Position Géographique : 48°48,3 N 003°26,3 W",
        "accessibilite": "Voiture",
        "villeProche": "",
        "structure": "Tour blanche haut vert",
        "validationExpedition": "Oui",
        "positionDMS": "48°48,3 N 003°26,3 W",
        "recherchePourcentage": "100%",
        "derniereActivite": "Expéditions réalisées :",
        "typePoint": "lighthouse"
      }
    },
    {
      "type": "Feature",
      "id": "PB478",
      "geometry": {
        "type": "Point",
        "coordinates": [
          -3.086666666666667,
          48.82666666666667
        ]
      },
      "properties": {
        "pb": 478,
        "nom": "Kermouster",
        "departement": "22",
        "wlotta": "Non",
        "accessibilite": "Voiture",
        "villeProche": "",
        "structure": "Tour Blanche",
        "validationExpedition": "Oui",
        "positionDMS": "48°49,6 N 003°05,2 W",
        "recherchePourcentage": "100%",
        "derniereActivite": "2024",
        "typePoint": "lighthouse"
      }
    },
    {
      "type": "Feature",
      "id": "PB479",
      "geometry": {
        "type": "Point",
        "coordinates": [
          -3.4166666666666665,
          47.635
        ]
      },
      "properties": {
        "pb": 479,
        "nom": "Pointe de la Croix",
        "departement": "56",
        "wlotta": "0050",
        "accessibilite": "Bateau",
        "villeProche": "",
        "structure": "Lanterne rouge sur maison blanche",
        "validationExpedition": "Oui",
        "positionDMS": "47°38,1 N 003°25,0 W",
        "recherchePourcentage": "100%",
        "derniereActivite": "2016",
        "typePoint": "lighthouse"
      }
    },
    {
      "type": "Feature",
      "id": "PB480",
      "geometry": {
        "type": "Point",
        "coordinates": [
          -3.2133333333333334,
          47.645
        ]
      },
      "properties": {
        "pb": 480,
        "nom": "Etel",
        "departement": "56",
        "wlotta": "Position Géographique : 47°38,7 N 003°12,8 W",
        "accessibilite": "Voiture",
        "villeProche": "",
        "structure": "Tour rouge",
        "validationExpedition": "Oui",
        "positionDMS": "47°38,7 N 003°12,8 W",
        "recherchePourcentage": "100%",
        "derniereActivite": "2016",
        "typePoint": "lighthouse"
      }
    },
    {
      "type": "Feature",
      "id": "PB483",
      "geometry": {
        "type": "Point",
        "coordinates": [
          -3.9683333333333333,
          48.73
        ]
      },
      "properties": {
        "pb": 483,
        "nom": "Men Guen Bras",
        "departement": "29",
        "wlotta": "Numéro sera attribué lors de la première expédition",
        "accessibilite": "Bateau",
        "villeProche": "",
        "structure": "Cardinal Nord",
        "validationExpedition": "Oui",
        "positionDMS": "48°43,8 N 003°58,1 W",
        "recherchePourcentage": "100%",
        "derniereActivite": "Expéditions réalisées :",
        "typePoint": "lighthouse"
      }
    },
    {
      "type": "Feature",
      "id": "PB484",
      "geometry": {
        "type": "Point",
        "coordinates": [
          -3.9716666666666667,
          48.733333333333334
        ]
      },
      "properties": {
        "pb": 484,
        "nom": "Ile Pigued - Ar Chaden",
        "departement": "29",
        "wlotta": "Position Géographique : 48°44,0 N 003°58,3 W",
        "accessibilite": "Bateau",
        "villeProche": "",
        "structure": "Cardinale Sud",
        "validationExpedition": "Oui",
        "positionDMS": "48°44,0 N 003°58,3 W",
        "recherchePourcentage": "100%",
        "derniereActivite": "Expéditions réalisées :",
        "typePoint": "lighthouse"
      }
    },
    {
      "type": "Feature",
      "id": "PB485",
      "geometry": {
        "type": "Point",
        "coordinates": [
          -4.5649999999999995,
          48.598333333333336
        ]
      },
      "properties": {
        "pb": 485,
        "nom": "Leading light - Aber Wrac'h",
        "departement": "29",
        "wlotta": "Position Géographique : 48°35,9 N 004°33,9 W",
        "accessibilite": "Voiture",
        "villeProche": "",
        "structure": "Support Blanc",
        "validationExpedition": "Oui",
        "positionDMS": "48°35,9 N 004°33,9 W",
        "recherchePourcentage": "100%",
        "derniereActivite": "Expéditions réalisées :",
        "typePoint": "lighthouse"
      }
    },
    {
      "type": "Feature",
      "id": "PB486",
      "geometry": {
        "type": "Point",
        "coordinates": [
          -4.705,
          48.565
        ]
      },
      "properties": {
        "pb": 486,
        "nom": "Portsall",
        "departement": "29",
        "wlotta": "Position Géographique : 48°33,9 N 004°42,3 W",
        "accessibilite": "Voiture",
        "villeProche": "",
        "structure": "Colonne Blanche haut rouge",
        "validationExpedition": "Oui",
        "positionDMS": "48°33,9 N 004°42,3 W",
        "recherchePourcentage": "100%",
        "derniereActivite": "2023",
        "typePoint": "lighthouse"
      }
    },
    {
      "type": "Feature",
      "id": "PB487",
      "geometry": {
        "type": "Point",
        "coordinates": [
          -5.023333333333333,
          48.46666666666667
        ]
      },
      "properties": {
        "pb": 487,
        "nom": "Men Korn",
        "departement": "29",
        "wlotta": "Position Géographique : 48°28,0 N 005°01,4 W",
        "accessibilite": "Bateau",
        "villeProche": "",
        "structure": "Cardinale Est",
        "validationExpedition": "Oui",
        "positionDMS": "48°28,0 N 005°01,4 W",
        "recherchePourcentage": "100%",
        "derniereActivite": "Expéditions réalisées :",
        "typePoint": "lighthouse"
      }
    },
    {
      "type": "Feature",
      "id": "PB488",
      "geometry": {
        "type": "Point",
        "coordinates": [
          -4.946666666666666,
          48.41166666666667
        ]
      },
      "properties": {
        "pb": 488,
        "nom": "Les Trois Pierres",
        "departement": "29",
        "wlotta": "Position Géographique : 48°24,7 N 004°56,8 W",
        "accessibilite": "Bateau",
        "villeProche": "",
        "structure": "Colonne blanche",
        "validationExpedition": "Oui",
        "positionDMS": "48°24,7 N 004°56,8 W",
        "recherchePourcentage": "100%",
        "derniereActivite": "Expéditions réalisées :",
        "typePoint": "lighthouse"
      }
    },
    {
      "type": "Feature",
      "id": "PB489",
      "geometry": {
        "type": "Point",
        "coordinates": [
          -4.955,
          48.39833333333333
        ]
      },
      "properties": {
        "pb": 489,
        "nom": "Ile Molene - jetée",
        "departement": "29",
        "wlotta": "Position Géographique : 48°23,9 N 004°57,3 W",
        "accessibilite": "Bateau",
        "villeProche": "",
        "structure": "Colonne sur cabane",
        "validationExpedition": "Oui",
        "positionDMS": "48°23,9 N 004°57,3 W",
        "recherchePourcentage": "100%",
        "derniereActivite": "2018",
        "typePoint": "lighthouse"
      }
    },
    {
      "type": "Feature",
      "id": "PB490",
      "geometry": {
        "type": "Point",
        "coordinates": [
          -4.77,
          48.33166666666666
        ]
      },
      "properties": {
        "pb": 490,
        "nom": "Saint Mathieu - Feu Auxilliaire",
        "departement": "29",
        "wlotta": "Position Géographique : 48°19,9 N 004°46,2 W",
        "accessibilite": "Voiture",
        "villeProche": "",
        "structure": "Tour blanche",
        "validationExpedition": "Oui",
        "positionDMS": "48°19,9 N 004°46,2 W",
        "recherchePourcentage": "100%",
        "derniereActivite": "Expéditions réalisées :",
        "typePoint": "lighthouse"
      }
    },
    {
      "type": "Feature",
      "id": "PB491",
      "geometry": {
        "type": "Point",
        "coordinates": [
          -4.591666666666667,
          48.281666666666666
        ]
      },
      "properties": {
        "pb": 491,
        "nom": "Camaret sur Mer - Môle Nord",
        "departement": "29",
        "wlotta": "Position Géographique : 48°16,9 N 004°35,5 W",
        "accessibilite": "A pieds",
        "villeProche": "",
        "structure": "Pylône blanc et vert",
        "validationExpedition": "Oui",
        "positionDMS": "48°16,9 N 004°35,5 W",
        "recherchePourcentage": "100%",
        "derniereActivite": "Expéditions réalisées :",
        "typePoint": "lighthouse"
      }
    },
    {
      "type": "Feature",
      "id": "PB492",
      "geometry": {
        "type": "Point",
        "coordinates": [
          -4.59,
          48.34
        ]
      },
      "properties": {
        "pb": 492,
        "nom": "Roche Mengam",
        "departement": "29",
        "wlotta": "1470",
        "accessibilite": "Bateau",
        "villeProche": "",
        "structure": "Tourelle noire rouge noire",
        "validationExpedition": "Oui",
        "positionDMS": "48°20,4 N 004°35,4 W",
        "recherchePourcentage": "100%",
        "derniereActivite": "Expéditions réalisées :",
        "typePoint": "lighthouse"
      }
    },
    {
      "type": "Feature",
      "id": "PB493",
      "geometry": {
        "type": "Point",
        "coordinates": [
          -4.491666666666666,
          48.38
        ]
      },
      "properties": {
        "pb": 493,
        "nom": "Brest Range Front",
        "departement": "29",
        "wlotta": "Position Géographique : 48°22,8 N 004°29,5 W",
        "accessibilite": "Voiture (attention secteur protégé Radio)",
        "villeProche": "",
        "structure": "Tour blanche ronde - Tour vigie - Base Navale",
        "validationExpedition": "Oui",
        "positionDMS": "48°22,8 N 004°29,5 W",
        "recherchePourcentage": "100%",
        "derniereActivite": "Expéditions réalisées :",
        "typePoint": "lighthouse"
      }
    },
    {
      "type": "Feature",
      "id": "PB494",
      "geometry": {
        "type": "Point",
        "coordinates": [
          -4.49,
          48.373333333333335
        ]
      },
      "properties": {
        "pb": 494,
        "nom": "Brest Range Rear",
        "departement": "29",
        "wlotta": "Position Géographique : 48°22,4 N 004°29,4 W",
        "accessibilite": "Voiture (attention secteur protégé Radio)",
        "villeProche": "",
        "structure": "Sur un point haut du château - Base Navale",
        "validationExpedition": "Oui",
        "positionDMS": "48°22,4 N 004°29,4 W",
        "recherchePourcentage": "100%",
        "derniereActivite": "Expéditions réalisées :",
        "typePoint": "lighthouse"
      }
    },
    {
      "type": "Feature",
      "id": "PB495",
      "geometry": {
        "type": "Point",
        "coordinates": [
          -4.8133333333333335,
          48.025
        ]
      },
      "properties": {
        "pb": 495,
        "nom": "Le Chat",
        "departement": "29",
        "wlotta": "Position Géographique : 48°01,5 N 004°48,8 W",
        "accessibilite": "Bateau",
        "villeProche": "",
        "structure": "Tourelle noire haut jaune",
        "validationExpedition": "Oui",
        "positionDMS": "48°01,5 N 004°48,8 W",
        "recherchePourcentage": "100%",
        "derniereActivite": "Expéditions réalisées :",
        "typePoint": "lighthouse"
      }
    },
    {
      "type": "Feature",
      "id": "PB496",
      "geometry": {
        "type": "Point",
        "coordinates": [
          -4.758333333333333,
          48.04
        ]
      },
      "properties": {
        "pb": 496,
        "nom": "La Plate",
        "departement": "29",
        "wlotta": "Position Géographique : 48°02,4 N 004°45,5 W",
        "accessibilite": "Bateau",
        "villeProche": "",
        "structure": "Cardinale Ouest",
        "validationExpedition": "Oui",
        "positionDMS": "48°02,4 N 004°45,5 W",
        "recherchePourcentage": "100%",
        "derniereActivite": "Expéditions réalisées :",
        "typePoint": "lighthouse"
      }
    },
    {
      "type": "Feature",
      "id": "PB498",
      "geometry": {
        "type": "Point",
        "coordinates": [
          -4.283333333333333,
          47.788333333333334
        ]
      },
      "properties": {
        "pb": 498,
        "nom": "Mole de Lechiagat - Entrance range Front",
        "departement": "29",
        "wlotta": "Position Géographique : 47°47,3 N 004°17,0 W",
        "accessibilite": "A pieds",
        "villeProche": "",
        "structure": "Pylone blanc",
        "validationExpedition": "Oui",
        "positionDMS": "47°47,3 N 004°17,0 W",
        "recherchePourcentage": "100%",
        "derniereActivite": "Expéditions réalisées :",
        "typePoint": "lighthouse"
      }
    },
    {
      "type": "Feature",
      "id": "PB499",
      "geometry": {
        "type": "Point",
        "coordinates": [
          -4.338333333333333,
          47.788333333333334
        ]
      },
      "properties": {
        "pb": 499,
        "nom": "locarec Rocher",
        "departement": "29",
        "wlotta": "Position Géographique : 47°47,3 N 004°20,3 W",
        "accessibilite": "Bateau",
        "villeProche": "",
        "structure": "Colonne métallique sur le rocher",
        "validationExpedition": "Oui",
        "positionDMS": "47°47,3 N 004°20,3 W",
        "recherchePourcentage": "100%",
        "derniereActivite": "Expéditions réalisées :",
        "typePoint": "lighthouse"
      }
    },
    {
      "type": "Feature",
      "id": "PB501",
      "geometry": {
        "type": "Point",
        "coordinates": [
          -4.283333333333333,
          47.791666666666664
        ]
      },
      "properties": {
        "pb": 501,
        "nom": "Mole de Lechiagat - Middle",
        "departement": "29",
        "wlotta": "Position Géographique : 47°47,5 N 004°17,0 W",
        "accessibilite": "A pieds",
        "villeProche": "",
        "structure": "Pylone avec marque circulaire rouge",
        "validationExpedition": "Oui",
        "positionDMS": "47°47,5 N 004°17,0 W",
        "recherchePourcentage": "100%",
        "derniereActivite": "Expéditions réalisées :",
        "typePoint": "lighthouse"
      }
    },
    {
      "type": "Feature",
      "id": "PB502",
      "geometry": {
        "type": "Point",
        "coordinates": [
          -4.21,
          47.79666666666667
        ]
      },
      "properties": {
        "pb": 502,
        "nom": "Men Ar Groas - Lesconil",
        "departement": "29",
        "wlotta": "Position Géographique : 47°47,8 N 004°12,6 W",
        "accessibilite": "Voiture",
        "villeProche": "",
        "structure": "Tour blanche haut vert",
        "validationExpedition": "Oui",
        "positionDMS": "47°47,8 N 004°12,6 W",
        "recherchePourcentage": "100%",
        "derniereActivite": "Expéditions réalisées :",
        "typePoint": "lighthouse"
      }
    },
    {
      "type": "Feature",
      "id": "PB503",
      "geometry": {
        "type": "Point",
        "coordinates": [
          -3.925,
          47.858333333333334
        ]
      },
      "properties": {
        "pb": 503,
        "nom": "Le Cochon",
        "departement": "29",
        "wlotta": "Position Géographique : 47°51,5 N 003°55,5 W",
        "accessibilite": "Bateau",
        "villeProche": "",
        "structure": "Tour verte",
        "validationExpedition": "Oui",
        "positionDMS": "47°51,5 N 003°55,5 W",
        "recherchePourcentage": "100%",
        "derniereActivite": "Expéditions réalisées :",
        "typePoint": "lighthouse"
      }
    },
    {
      "type": "Feature",
      "id": "PB504",
      "geometry": {
        "type": "Point",
        "coordinates": [
          -3.913333333333333,
          47.87166666666667
        ]
      },
      "properties": {
        "pb": 504,
        "nom": "Passage de Lanriec - Ville close",
        "departement": "29",
        "wlotta": "Position Géographique : 47°52,3 N 003°54,8 W",
        "accessibilite": "Voiture",
        "villeProche": "",
        "structure": "Pylone blanc",
        "validationExpedition": "Oui",
        "positionDMS": "47°52,3 N 003°54,8 W",
        "recherchePourcentage": "100%",
        "derniereActivite": "Expéditions réalisées :",
        "typePoint": "lighthouse"
      }
    },
    {
      "type": "Feature",
      "id": "PB505",
      "geometry": {
        "type": "Point",
        "coordinates": [
          -3.855,
          47.795
        ]
      },
      "properties": {
        "pb": 505,
        "nom": "Trevignon - Shelter",
        "departement": "29",
        "wlotta": "Position Géographique : 47°47,7 N 003°51,3 W",
        "accessibilite": "A pieds",
        "villeProche": "",
        "structure": "Colonne blanche haut vert",
        "validationExpedition": "Oui",
        "positionDMS": "47°47,7 N 003°51,3 W",
        "recherchePourcentage": "100%",
        "derniereActivite": "Expéditions réalisées :",
        "typePoint": "lighthouse"
      }
    },
    {
      "type": "Feature",
      "id": "PB506",
      "geometry": {
        "type": "Point",
        "coordinates": [
          -3.67,
          47.781666666666666
        ]
      },
      "properties": {
        "pb": 506,
        "nom": "Brigneau",
        "departement": "29",
        "wlotta": "Position Géographique : 47°46,9 N 003°40,2 W",
        "accessibilite": "Voiture",
        "villeProche": "",
        "structure": "Colonne blanche haut rouge",
        "validationExpedition": "Oui",
        "positionDMS": "47°46,9 N 003°40,2 W",
        "recherchePourcentage": "100%",
        "derniereActivite": "Expéditions réalisées :",
        "typePoint": "lighthouse"
      }
    },
    {
      "type": "Feature",
      "id": "PB507",
      "geometry": {
        "type": "Point",
        "coordinates": [
          -4.96,
          48.395
        ]
      },
      "properties": {
        "pb": 507,
        "nom": "Ile de Molene",
        "departement": "29",
        "wlotta": "Position Géographique : 48°23,7 N 004°57,6 W",
        "accessibilite": "Bateau",
        "villeProche": "",
        "structure": "Validation expédition : Oui",
        "validationExpedition": "Oui",
        "positionDMS": "48°23,7 N 004°57,6 W",
        "recherchePourcentage": "100%",
        "derniereActivite": "Expéditions réalisées :",
        "typePoint": "lighthouse"
      }
    },
    {
      "type": "Feature",
      "id": "PB512",
      "geometry": {
        "type": "Point",
        "coordinates": [
          -1.8516666666666666,
          48.66833333333334
        ]
      },
      "properties": {
        "pb": 512,
        "nom": "La Houle sous Cancale - Jetée",
        "departement": "35",
        "wlotta": "Position Géographique : 48°40,1 N 001°51,1 W",
        "accessibilite": "A pieds",
        "villeProche": "",
        "structure": "Mât",
        "validationExpedition": "Oui",
        "positionDMS": "48°40,1 N 001°51,1 W",
        "recherchePourcentage": "100%",
        "derniereActivite": "2022",
        "typePoint": "lighthouse"
      }
    },
    {
      "type": "Feature",
      "id": "PB513",
      "geometry": {
        "type": "Point",
        "coordinates": [
          -2.5166666666666666,
          47.3
        ]
      },
      "properties": {
        "pb": 513,
        "nom": "Le Croisic Middle Breakwater",
        "departement": "44",
        "wlotta": "Non",
        "accessibilite": "Voiture",
        "villeProche": "",
        "structure": "Pylône blanc sur passerelle",
        "validationExpedition": "Oui",
        "positionDMS": "47°18,0 N 002°31,0 W",
        "recherchePourcentage": "100%",
        "derniereActivite": "2016",
        "typePoint": "lighthouse"
      }
    },
    {
      "type": "Feature",
      "id": "PB514",
      "geometry": {
        "type": "Point",
        "coordinates": [
          -1.57,
          49.65833333333333
        ]
      },
      "properties": {
        "pb": 514,
        "nom": "Digue et Île Pelée",
        "departement": "50",
        "wlotta": "1370",
        "accessibilite": "Bateau",
        "villeProche": "",
        "structure": "Voir phares PB 385",
        "validationExpedition": "Oui",
        "positionDMS": "49°39,5 N 001°34,2 W",
        "recherchePourcentage": "100%",
        "derniereActivite": "Expéditions réalisées :",
        "typePoint": "lighthouse"
      }
    },
    {
      "type": "Feature",
      "id": "PB518",
      "geometry": {
        "type": "Point",
        "coordinates": [
          -3.365,
          47.72833333333333
        ]
      },
      "properties": {
        "pb": 518,
        "nom": "Keroman Rear",
        "departement": "56",
        "wlotta": "Position Géographique : 47°43,7 N 003°21,9 W",
        "accessibilite": "Voiture",
        "villeProche": "",
        "structure": "Cabane bandes blanches et rouges",
        "validationExpedition": "Oui",
        "positionDMS": "47°43,7 N 003°21,9 W",
        "recherchePourcentage": "100%",
        "derniereActivite": "2016",
        "typePoint": "lighthouse"
      }
    },
    {
      "type": "Feature",
      "id": "PB519",
      "geometry": {
        "type": "Point",
        "coordinates": [
          -2.875,
          47.345
        ]
      },
      "properties": {
        "pb": 519,
        "nom": "Ile Hoedic",
        "departement": "56",
        "wlotta": "0851",
        "accessibilite": "Bateau",
        "villeProche": "",
        "structure": "Validation expédition : Non",
        "validationExpedition": "Non",
        "positionDMS": "47°20,7 N 002°52,5 W",
        "recherchePourcentage": "100%",
        "derniereActivite": "2017",
        "typePoint": "lighthouse"
      }
    },
    {
      "type": "Feature",
      "id": "PB520",
      "geometry": {
        "type": "Point",
        "coordinates": [
          -2.9566666666666666,
          47.391666666666666
        ]
      },
      "properties": {
        "pb": 520,
        "nom": "Ile Houat",
        "departement": "56",
        "wlotta": "En faire la demande",
        "accessibilite": "Bateau",
        "villeProche": "",
        "structure": "Tour blanche haut vert",
        "validationExpedition": "Oui",
        "positionDMS": "47°23,5 N 002°57,4 W",
        "recherchePourcentage": "100%",
        "derniereActivite": "Expéditions réalisées :",
        "typePoint": "lighthouse"
      }
    },
    {
      "type": "Feature",
      "id": "PB534",
      "geometry": {
        "type": "Point",
        "coordinates": [
          4.868333333333333,
          43.406666666666666
        ]
      },
      "properties": {
        "pb": 534,
        "nom": "Port de Fos - Entrée Avant",
        "departement": "13",
        "wlotta": "Non",
        "accessibilite": "Voiture",
        "villeProche": "",
        "structure": "Pylône gris, 2 bandes horizontales rouge",
        "validationExpedition": "Oui",
        "positionDMS": "43°24,4 N 004°52,1 E",
        "recherchePourcentage": "100%",
        "derniereActivite": "Expéditions réalisées :",
        "typePoint": "lighthouse"
      }
    },
    {
      "type": "Feature",
      "id": "PB535",
      "geometry": {
        "type": "Point",
        "coordinates": [
          4.861666666666666,
          43.40833333333333
        ]
      },
      "properties": {
        "pb": 535,
        "nom": "Port de Fos - Entrée Arrière",
        "departement": "13",
        "wlotta": "Non",
        "accessibilite": "Voiture",
        "villeProche": "",
        "structure": "Pylône gris, 2 bandes verticales rouge",
        "validationExpedition": "Oui",
        "positionDMS": "43°24,5 N 004°51,7 E",
        "recherchePourcentage": "100%",
        "derniereActivite": "Expéditions réalisées :",
        "typePoint": "lighthouse"
      }
    },
    {
      "type": "Feature",
      "id": "PB536",
      "geometry": {
        "type": "Point",
        "coordinates": [
          4.858333333333333,
          43.401666666666664
        ]
      },
      "properties": {
        "pb": 536,
        "nom": "Mole Graveleau Avant",
        "departement": "13",
        "wlotta": "Non",
        "accessibilite": "Voiture",
        "villeProche": "",
        "structure": "Tour metallique blanche 2 marques horizontales orange",
        "validationExpedition": "Oui",
        "positionDMS": "43°24,1 N 004°51,5 E",
        "recherchePourcentage": "100%",
        "derniereActivite": "Expéditions réalisées :",
        "typePoint": "lighthouse"
      }
    },
    {
      "type": "Feature",
      "id": "PB537",
      "geometry": {
        "type": "Point",
        "coordinates": [
          4.87,
          43.43333333333333
        ]
      },
      "properties": {
        "pb": 537,
        "nom": "Bassin N°1",
        "departement": "13",
        "wlotta": "Non",
        "accessibilite": "Voiture",
        "villeProche": "",
        "structure": "Colone",
        "validationExpedition": "Oui",
        "positionDMS": "43°26,0 N 004°52,2 E",
        "recherchePourcentage": "100%",
        "derniereActivite": "Expéditions réalisées :",
        "typePoint": "lighthouse"
      }
    },
    {
      "type": "Feature",
      "id": "PB538",
      "geometry": {
        "type": "Point",
        "coordinates": [
          4.855,
          43.401666666666664
        ]
      },
      "properties": {
        "pb": 538,
        "nom": "Mole Graveleau Arrière",
        "departement": "13",
        "wlotta": "Non",
        "accessibilite": "Voiture",
        "villeProche": "",
        "structure": "Pylône blanc haut bleu marque orange",
        "validationExpedition": "Oui",
        "positionDMS": "43°24,1 N 004°51,3 E",
        "recherchePourcentage": "100%",
        "derniereActivite": "Expéditions réalisées :",
        "typePoint": "lighthouse"
      }
    },
    {
      "type": "Feature",
      "id": "PB539",
      "geometry": {
        "type": "Point",
        "coordinates": [
          4.9399999999999995,
          43.428333333333335
        ]
      },
      "properties": {
        "pb": 539,
        "nom": "Anse Saint Gervais",
        "departement": "13",
        "wlotta": "2736",
        "accessibilite": "Voiture",
        "villeProche": "",
        "structure": "Tour grise haut vert",
        "validationExpedition": "Non",
        "positionDMS": "43°25,7 N 004°56,4 E",
        "recherchePourcentage": "100%",
        "derniereActivite": "Expéditions réalisées :",
        "typePoint": "lighthouse"
      }
    },
    {
      "type": "Feature",
      "id": "PB540",
      "geometry": {
        "type": "Point",
        "coordinates": [
          4.946666666666666,
          43.516666666666666
        ]
      },
      "properties": {
        "pb": 540,
        "nom": "Istres",
        "departement": "13",
        "wlotta": "Non",
        "accessibilite": "Voiture",
        "villeProche": "",
        "structure": "Château d'eau",
        "validationExpedition": "Oui",
        "positionDMS": "43°31,0 N 004°56,8 E",
        "recherchePourcentage": "100%",
        "derniereActivite": "Expéditions réalisées :",
        "typePoint": "lighthouse"
      }
    },
    {
      "type": "Feature",
      "id": "PB541",
      "geometry": {
        "type": "Point",
        "coordinates": [
          4.985,
          43.39333333333333
        ]
      },
      "properties": {
        "pb": 541,
        "nom": "Saint Antoine",
        "departement": "13",
        "wlotta": "Non",
        "accessibilite": "A Pieds",
        "villeProche": "",
        "structure": "Tour blanche haut vert",
        "validationExpedition": "Oui",
        "positionDMS": "43°23,6 N 004°59,1 E",
        "recherchePourcentage": "100%",
        "derniereActivite": "Expéditions réalisées :",
        "typePoint": "lighthouse"
      }
    },
    {
      "type": "Feature",
      "id": "PB542",
      "geometry": {
        "type": "Point",
        "coordinates": [
          4.983333333333333,
          43.39666666666667
        ]
      },
      "properties": {
        "pb": 542,
        "nom": "Saint Antoine - Jetée Port de peche",
        "departement": "13",
        "wlotta": "2736",
        "accessibilite": "Voiture",
        "villeProche": "",
        "structure": "Fût blanc haut rouge",
        "validationExpedition": "Oui",
        "positionDMS": "43°23,8 N 004°59,0 E",
        "recherchePourcentage": "100%",
        "derniereActivite": "Expéditions réalisées :",
        "typePoint": "lighthouse"
      }
    },
    {
      "type": "Feature",
      "id": "PB543",
      "geometry": {
        "type": "Point",
        "coordinates": [
          4.993333333333333,
          43.403333333333336
        ]
      },
      "properties": {
        "pb": 543,
        "nom": "Chantier Naval de Provence - Avant",
        "departement": "13",
        "wlotta": "Non",
        "accessibilite": "Voiture",
        "villeProche": "",
        "structure": "Pylône Rouge",
        "validationExpedition": "Oui",
        "positionDMS": "43°24,2 N 004°59,6 E",
        "recherchePourcentage": "100%",
        "derniereActivite": "Expéditions réalisées :",
        "typePoint": "lighthouse"
      }
    },
    {
      "type": "Feature",
      "id": "PB544",
      "geometry": {
        "type": "Point",
        "coordinates": [
          4.995,
          43.405
        ]
      },
      "properties": {
        "pb": 544,
        "nom": "Chantier Naval de Provence - Arrière",
        "departement": "13",
        "wlotta": "Non",
        "accessibilite": "Voiture",
        "villeProche": "",
        "structure": "Pylône Rouge",
        "validationExpedition": "Oui",
        "positionDMS": "43°24,3 N 004°59,7 E",
        "recherchePourcentage": "100%",
        "derniereActivite": "Expéditions réalisées :",
        "typePoint": "lighthouse"
      }
    },
    {
      "type": "Feature",
      "id": "PB545",
      "geometry": {
        "type": "Point",
        "coordinates": [
          -3.045,
          48.785
        ]
      },
      "properties": {
        "pb": 545,
        "nom": "Kerpalud - Kernoa Arrière",
        "departement": "22",
        "wlotta": "Non",
        "accessibilite": "Voiture",
        "villeProche": "",
        "structure": "Pylone blanc haut rouge",
        "validationExpedition": "Oui",
        "positionDMS": "48°47,1 N 003°02,7 W",
        "recherchePourcentage": "100%",
        "derniereActivite": "2024",
        "typePoint": "lighthouse"
      }
    },
    {
      "type": "Feature",
      "id": "PB546",
      "geometry": {
        "type": "Point",
        "coordinates": [
          4.991666666666667,
          43.403333333333336
        ]
      },
      "properties": {
        "pb": 546,
        "nom": "Port de pêche anse Aubran Avant",
        "departement": "13",
        "wlotta": "Non",
        "accessibilite": "Voiture",
        "villeProche": "",
        "structure": "Pylône blanc haut rouge",
        "validationExpedition": "Oui",
        "positionDMS": "43°24,2 N 004°59,5 E",
        "recherchePourcentage": "100%",
        "derniereActivite": "Expéditions réalisées :",
        "typePoint": "lighthouse"
      }
    },
    {
      "type": "Feature",
      "id": "PB547",
      "geometry": {
        "type": "Point",
        "coordinates": [
          4.993333333333333,
          43.405
        ]
      },
      "properties": {
        "pb": 547,
        "nom": "Port de pêche anse Aubran Arrière",
        "departement": "13",
        "wlotta": "Non",
        "accessibilite": "Voiture",
        "villeProche": "",
        "structure": "Pylône blanc haut rouge",
        "validationExpedition": "Oui",
        "positionDMS": "43°24,3 N 004°59,6 E",
        "recherchePourcentage": "100%",
        "derniereActivite": "Expéditions réalisées :",
        "typePoint": "lighthouse"
      }
    },
    {
      "type": "Feature",
      "id": "PB548",
      "geometry": {
        "type": "Point",
        "coordinates": [
          5.1433333333333335,
          43.46
        ]
      },
      "properties": {
        "pb": 548,
        "nom": "Pointe de Berre Jetée - Proche Lyondell Basel France",
        "departement": "13",
        "wlotta": "Non",
        "accessibilite": "Voiture",
        "villeProche": "",
        "structure": "Colonne blanche lanterne rouge",
        "validationExpedition": "Oui",
        "positionDMS": "43°27,6 N 005°08,6 E",
        "recherchePourcentage": "100%",
        "derniereActivite": "Expéditions réalisées :",
        "typePoint": "lighthouse"
      }
    },
    {
      "type": "Feature",
      "id": "PB549",
      "geometry": {
        "type": "Point",
        "coordinates": [
          5.016666666666667,
          43.355
        ]
      },
      "properties": {
        "pb": 549,
        "nom": "Anse de Laurons - Jetée",
        "departement": "13",
        "wlotta": "Non",
        "accessibilite": "A Pieds",
        "villeProche": "",
        "structure": "Colonne blanche haut rouge",
        "validationExpedition": "Oui",
        "positionDMS": "43°21,3 N 005°01,0 E",
        "recherchePourcentage": "100%",
        "derniereActivite": "Expéditions réalisées :",
        "typePoint": "lighthouse"
      }
    },
    {
      "type": "Feature",
      "id": "PB550",
      "geometry": {
        "type": "Point",
        "coordinates": [
          4.043333333333333,
          43.33
        ]
      },
      "properties": {
        "pb": 550,
        "nom": "Carro - Jetée",
        "departement": "13",
        "wlotta": "Non",
        "accessibilite": "Voiture",
        "villeProche": "",
        "structure": "Colonne blanche haut rouge",
        "validationExpedition": "Oui",
        "positionDMS": "43°19,8 N 004°02,6 E",
        "recherchePourcentage": "100%",
        "derniereActivite": "Expéditions réalisées :",
        "typePoint": "lighthouse"
      }
    },
    {
      "type": "Feature",
      "id": "PB551",
      "geometry": {
        "type": "Point",
        "coordinates": [
          0.36333333333333334,
          49.43666666666667
        ]
      },
      "properties": {
        "pb": 551,
        "nom": "La Risle",
        "departement": "27",
        "wlotta": "Position Géographique : 49°26,2 N 000°21,8 E",
        "accessibilite": "Voiture",
        "villeProche": "",
        "structure": "Colonne métallique blanche haut vert",
        "validationExpedition": "Oui",
        "positionDMS": "49°26,2 N 000°21,8 E",
        "recherchePourcentage": "100%",
        "derniereActivite": "Expéditions réalisées :",
        "typePoint": "lighthouse"
      }
    },
    {
      "type": "Feature",
      "id": "PB552",
      "geometry": {
        "type": "Point",
        "coordinates": [
          0.41833333333333333,
          49.45166666666667
        ]
      },
      "properties": {
        "pb": 552,
        "nom": "Epi de la Roque",
        "departement": "27",
        "wlotta": "Position Géographique : 49°27,1 N 000°25,1 E",
        "accessibilite": "Voiture",
        "villeProche": "",
        "structure": "Colonne métallique blanche haut vert",
        "validationExpedition": "Oui",
        "positionDMS": "49°27,1 N 000°25,1 E",
        "recherchePourcentage": "100%",
        "derniereActivite": "Expéditions réalisées :",
        "typePoint": "lighthouse"
      }
    },
    {
      "type": "Feature",
      "id": "PB553",
      "geometry": {
        "type": "Point",
        "coordinates": [
          0.44,
          49.45666666666666
        ]
      },
      "properties": {
        "pb": 553,
        "nom": "Marais Vernier",
        "departement": "27",
        "wlotta": "Position Géographique : 49°27,4 N 000°26,4 E",
        "accessibilite": "Voiture",
        "villeProche": "",
        "structure": "Colonne métallique blanche haut vert",
        "validationExpedition": "Oui",
        "positionDMS": "49°27,4 N 000°26,4 E",
        "recherchePourcentage": "100%",
        "derniereActivite": "Expéditions réalisées :",
        "typePoint": "lighthouse"
      }
    },
    {
      "type": "Feature",
      "id": "PB554",
      "geometry": {
        "type": "Point",
        "coordinates": [
          0.5399999999999999,
          49.45333333333333
        ]
      },
      "properties": {
        "pb": 554,
        "nom": "Saint Leonard Aval",
        "departement": "27",
        "wlotta": "Position Géographique : 49°27,2 N 000°32,4 E",
        "accessibilite": "Voiture",
        "villeProche": "",
        "structure": "Pylône Gris haut vert",
        "validationExpedition": "Oui",
        "positionDMS": "49°27,2 N 000°32,4 E",
        "recherchePourcentage": "100%",
        "derniereActivite": "Expéditions réalisées :",
        "typePoint": "lighthouse"
      }
    },
    {
      "type": "Feature",
      "id": "PB555",
      "geometry": {
        "type": "Point",
        "coordinates": [
          5.278333333333333,
          43.35
        ]
      },
      "properties": {
        "pb": 555,
        "nom": "Pointe de l'Esquilladou",
        "departement": "13",
        "wlotta": "Non",
        "accessibilite": "A pieds",
        "villeProche": "",
        "structure": "Colonne blanche haut rouge",
        "validationExpedition": "Oui",
        "positionDMS": "43°21,0 N 005°16,7 E",
        "recherchePourcentage": "100%",
        "derniereActivite": "Expéditions réalisées :",
        "typePoint": "lighthouse"
      }
    },
    {
      "type": "Feature",
      "id": "PB556",
      "geometry": {
        "type": "Point",
        "coordinates": [
          5.236666666666666,
          43.33
        ]
      },
      "properties": {
        "pb": 556,
        "nom": "Ile Erevine",
        "departement": "13",
        "wlotta": "2899",
        "accessibilite": "Bateau",
        "villeProche": "",
        "structure": "Tour Cardinale Sud",
        "validationExpedition": "Oui",
        "positionDMS": "43°19,8 N 005°14,2 E",
        "recherchePourcentage": "100%",
        "derniereActivite": "Expéditions réalisées :",
        "typePoint": "lighthouse"
      }
    },
    {
      "type": "Feature",
      "id": "PB557",
      "geometry": {
        "type": "Point",
        "coordinates": [
          5.3133333333333335,
          43.355
        ]
      },
      "properties": {
        "pb": 557,
        "nom": "Drydock N°10",
        "departement": "13",
        "wlotta": "Non",
        "accessibilite": "Voiture",
        "villeProche": "",
        "structure": "Pylône blanc haut rouge",
        "validationExpedition": "Oui",
        "positionDMS": "43°21,3 N 005°18,8 E",
        "recherchePourcentage": "100%",
        "derniereActivite": "Expéditions réalisées :",
        "typePoint": "lighthouse"
      }
    },
    {
      "type": "Feature",
      "id": "PB558",
      "geometry": {
        "type": "Point",
        "coordinates": [
          5.318333333333333,
          43.346666666666664
        ]
      },
      "properties": {
        "pb": 558,
        "nom": "Digue Extérieure Nord",
        "departement": "13",
        "wlotta": "2906",
        "accessibilite": "Voiture",
        "villeProche": "",
        "structure": "Tripode blanc haut vert",
        "validationExpedition": "Oui",
        "positionDMS": "43°20,8 N 005°19,1 E",
        "recherchePourcentage": "100%",
        "derniereActivite": "Expéditions réalisées :",
        "typePoint": "lighthouse"
      }
    },
    {
      "type": "Feature",
      "id": "PB559",
      "geometry": {
        "type": "Point",
        "coordinates": [
          5.32,
          43.348333333333336
        ]
      },
      "properties": {
        "pb": 559,
        "nom": "Jetée Saumaty",
        "departement": "13",
        "wlotta": "Non",
        "accessibilite": "Voiture",
        "villeProche": "",
        "structure": "Tour blanche haut rouge",
        "validationExpedition": "Oui",
        "positionDMS": "43°20,9 N 005°19,2 E",
        "recherchePourcentage": "100%",
        "derniereActivite": "Expéditions réalisées :",
        "typePoint": "lighthouse"
      }
    },
    {
      "type": "Feature",
      "id": "PB560",
      "geometry": {
        "type": "Point",
        "coordinates": [
          5.3533333333333335,
          43.29666666666667
        ]
      },
      "properties": {
        "pb": 560,
        "nom": "Digue Sainte Marie - Sud Ouest",
        "departement": "13",
        "wlotta": "2906",
        "accessibilite": "A Pieds",
        "villeProche": "",
        "structure": "Pylône blanc haut rouge",
        "validationExpedition": "Oui",
        "positionDMS": "43°17,8 N 005°21,2 E",
        "recherchePourcentage": "100%",
        "derniereActivite": "Expéditions réalisées :",
        "typePoint": "lighthouse"
      }
    },
    {
      "type": "Feature",
      "id": "PB561",
      "geometry": {
        "type": "Point",
        "coordinates": [
          5.326666666666667,
          43.21333333333333
        ]
      },
      "properties": {
        "pb": 561,
        "nom": "Ile Tiboulen",
        "departement": "13",
        "wlotta": "1938",
        "accessibilite": "Bateau",
        "villeProche": "",
        "structure": "Colonne blanche haut noir",
        "validationExpedition": "Oui",
        "positionDMS": "43°12,8 N 005°19,6 E",
        "recherchePourcentage": "100%",
        "derniereActivite": "Expéditions réalisées :",
        "typePoint": "lighthouse"
      }
    },
    {
      "type": "Feature",
      "id": "PB562",
      "geometry": {
        "type": "Point",
        "coordinates": [
          5.615,
          43.178333333333335
        ]
      },
      "properties": {
        "pb": 562,
        "nom": "Bassin des Capucins - Entrée Est",
        "departement": "13",
        "wlotta": "Non",
        "accessibilite": "Voiture",
        "villeProche": "",
        "structure": "Tour blanche haut rouge",
        "validationExpedition": "Oui",
        "positionDMS": "43°10,7 N 005°36,9 E",
        "recherchePourcentage": "100%",
        "derniereActivite": "Expéditions réalisées :",
        "typePoint": "lighthouse"
      }
    },
    {
      "type": "Feature",
      "id": "PB563",
      "geometry": {
        "type": "Point",
        "coordinates": [
          5.35,
          43.32
        ]
      },
      "properties": {
        "pb": 563,
        "nom": "Digue Nord - Digue Sainte Marie",
        "departement": "13",
        "wlotta": "2906",
        "accessibilite": "Bateau",
        "villeProche": "",
        "structure": "2 phares - Nord et Sud",
        "validationExpedition": "Oui",
        "positionDMS": "43°19,2 N 005°21,0 E",
        "recherchePourcentage": "100%",
        "derniereActivite": "Expéditions réalisées :",
        "typePoint": "lighthouse"
      }
    },
    {
      "type": "Feature",
      "id": "PB564",
      "geometry": {
        "type": "Point",
        "coordinates": [
          -1.03,
          45.61666666666667
        ]
      },
      "properties": {
        "pb": 564,
        "nom": "Royan Jetée Sud",
        "departement": "17",
        "wlotta": "Non",
        "accessibilite": "Voiture",
        "villeProche": "",
        "structure": "Tour blanche base Rouge",
        "validationExpedition": "Oui",
        "positionDMS": "45°37,0 N 001°01,8 W",
        "recherchePourcentage": "100%",
        "derniereActivite": "Expéditions réalisées :",
        "typePoint": "lighthouse"
      }
    },
    {
      "type": "Feature",
      "id": "PB565",
      "geometry": {
        "type": "Point",
        "coordinates": [
          -1.04,
          45.62166666666667
        ]
      },
      "properties": {
        "pb": 565,
        "nom": "Le Chay Avant",
        "departement": "17",
        "wlotta": "Non",
        "accessibilite": "Voiture",
        "villeProche": "",
        "structure": "Tour blanche haut Rouge",
        "validationExpedition": "Oui",
        "positionDMS": "45°37,3 N 001°02,4 W",
        "recherchePourcentage": "100%",
        "derniereActivite": "Expéditions réalisées :",
        "typePoint": "lighthouse"
      }
    },
    {
      "type": "Feature",
      "id": "PB566",
      "geometry": {
        "type": "Point",
        "coordinates": [
          -1.025,
          45.63333333333333
        ]
      },
      "properties": {
        "pb": 566,
        "nom": "Saint Pierre Arrière",
        "departement": "17",
        "wlotta": "Non",
        "accessibilite": "Voiture",
        "villeProche": "",
        "structure": "Sur le Château d'eau",
        "validationExpedition": "Oui",
        "positionDMS": "45°38,0 N 001°01,5 W",
        "recherchePourcentage": "100%",
        "derniereActivite": "Expéditions réalisées :",
        "typePoint": "lighthouse"
      }
    },
    {
      "type": "Feature",
      "id": "PB567",
      "geometry": {
        "type": "Point",
        "coordinates": [
          -1.12,
          45.663333333333334
        ]
      },
      "properties": {
        "pb": 567,
        "nom": "La Palmyre arrière",
        "departement": "17",
        "wlotta": "Non",
        "accessibilite": "Voiture",
        "villeProche": "",
        "structure": "Tour radar blanche",
        "validationExpedition": "Oui",
        "positionDMS": "45°39,8 N 001°07,2 W",
        "recherchePourcentage": "100%",
        "derniereActivite": "Expéditions réalisées :",
        "typePoint": "lighthouse"
      }
    },
    {
      "type": "Feature",
      "id": "PB568",
      "geometry": {
        "type": "Point",
        "coordinates": [
          -1.145,
          45.66
        ]
      },
      "properties": {
        "pb": 568,
        "nom": "La Palmyre avant",
        "departement": "17",
        "wlotta": "A demander",
        "accessibilite": "Bateau",
        "villeProche": "",
        "structure": "Mât rond blanc sur socle en mer",
        "validationExpedition": "Oui",
        "positionDMS": "45°39,6 N 001°08,7 W",
        "recherchePourcentage": "100%",
        "derniereActivite": "Expéditions réalisées :",
        "typePoint": "lighthouse"
      }
    },
    {
      "type": "Feature",
      "id": "PB569",
      "geometry": {
        "type": "Point",
        "coordinates": [
          -1.3283333333333334,
          45.915
        ]
      },
      "properties": {
        "pb": 569,
        "nom": "La Cotinière jetée coude",
        "departement": "17",
        "wlotta": "1369",
        "accessibilite": "Voiture",
        "villeProche": "",
        "structure": "Tour blanche haut rouge",
        "validationExpedition": "Oui",
        "positionDMS": "45°54,9 N 001°19,7 W",
        "recherchePourcentage": "100 %",
        "derniereActivite": "Expéditions réalisées :",
        "typePoint": "lighthouse"
      }
    },
    {
      "type": "Feature",
      "id": "PB570",
      "geometry": {
        "type": "Point",
        "coordinates": [
          -1.33,
          45.915
        ]
      },
      "properties": {
        "pb": 570,
        "nom": "La Cotinière arrière",
        "departement": "17",
        "wlotta": "1369",
        "accessibilite": "Voiture",
        "villeProche": "",
        "structure": "Pylone bandes rouges et blanches",
        "validationExpedition": "Oui",
        "positionDMS": "45°54,9 N 001°19,8 W",
        "recherchePourcentage": "100%",
        "derniereActivite": "Expéditions réalisées :",
        "typePoint": "lighthouse"
      }
    },
    {
      "type": "Feature",
      "id": "PB571",
      "geometry": {
        "type": "Point",
        "coordinates": [
          -1.3633333333333333,
          46.028333333333336
        ]
      },
      "properties": {
        "pb": 571,
        "nom": "Feu directionel",
        "departement": "17",
        "wlotta": "1369",
        "accessibilite": "Voiture",
        "villeProche": "",
        "structure": "Poteau en béton blanc",
        "validationExpedition": "Oui",
        "positionDMS": "46°01,7 N 001°21,8 W",
        "recherchePourcentage": "100%",
        "derniereActivite": "Expéditions réalisées :",
        "typePoint": "lighthouse"
      }
    },
    {
      "type": "Feature",
      "id": "PB572",
      "geometry": {
        "type": "Point",
        "coordinates": [
          -1.3266666666666667,
          45.913333333333334
        ]
      },
      "properties": {
        "pb": 572,
        "nom": "La Cotinière avant",
        "departement": "17",
        "wlotta": "1369",
        "accessibilite": "A Pieds",
        "villeProche": "",
        "structure": "Tour blanche haut rouge",
        "validationExpedition": "Oui",
        "positionDMS": "45°54,8 N 001°19,6 W",
        "recherchePourcentage": "100%",
        "derniereActivite": "Expéditions réalisées :",
        "typePoint": "lighthouse"
      }
    },
    {
      "type": "Feature",
      "id": "PB573",
      "geometry": {
        "type": "Point",
        "coordinates": [
          -1.3666666666666667,
          46.03666666666667
        ]
      },
      "properties": {
        "pb": 573,
        "nom": "Saint Denis d'Oléron",
        "departement": "17",
        "wlotta": "1369",
        "accessibilite": "A Pieds",
        "villeProche": "",
        "structure": "Cabane carrée blanche haut vert",
        "validationExpedition": "Oui",
        "positionDMS": "46°02,2 N 001°22,0 W",
        "recherchePourcentage": "100%",
        "derniereActivite": "Expéditions réalisées :",
        "typePoint": "lighthouse"
      }
    },
    {
      "type": "Feature",
      "id": "PB574",
      "geometry": {
        "type": "Point",
        "coordinates": [
          -1.3933333333333333,
          46.06666666666667
        ]
      },
      "properties": {
        "pb": 574,
        "nom": "Antioche Rock",
        "departement": "17",
        "wlotta": "A demander",
        "accessibilite": "Bateau",
        "villeProche": "",
        "structure": "Cardinale Noire Jaune",
        "validationExpedition": "Oui",
        "positionDMS": "46°04,0 N 001°23,6 W",
        "recherchePourcentage": "100%",
        "derniereActivite": "Expéditions réalisées :",
        "typePoint": "lighthouse"
      }
    },
    {
      "type": "Feature",
      "id": "PB575",
      "geometry": {
        "type": "Point",
        "coordinates": [
          -1.065,
          45.945
        ]
      },
      "properties": {
        "pb": 575,
        "nom": "Port des Barques Arrière",
        "departement": "17",
        "wlotta": "Non",
        "accessibilite": "Voiture",
        "villeProche": "",
        "structure": "Tour carrée blanche bande noire",
        "validationExpedition": "Oui",
        "positionDMS": "45°56,7 N 001°03,9 W",
        "recherchePourcentage": "100%",
        "derniereActivite": "Expéditions réalisées :",
        "typePoint": "lighthouse"
      }
    },
    {
      "type": "Feature",
      "id": "PB576",
      "geometry": {
        "type": "Point",
        "coordinates": [
          -1.07,
          45.94833333333333
        ]
      },
      "properties": {
        "pb": 576,
        "nom": "Port des Barques Avant",
        "departement": "17",
        "wlotta": "Non",
        "accessibilite": "Voiture",
        "villeProche": "",
        "structure": "Tour carrée blanche",
        "validationExpedition": "Oui",
        "positionDMS": "45°56,9 N 001°04,2 W",
        "recherchePourcentage": "100%",
        "derniereActivite": "Expéditions réalisées :",
        "typePoint": "lighthouse"
      }
    },
    {
      "type": "Feature",
      "id": "PB577",
      "geometry": {
        "type": "Point",
        "coordinates": [
          -1.0633333333333332,
          45.965
        ]
      },
      "properties": {
        "pb": 577,
        "nom": "Soumard Arriere",
        "departement": "17",
        "wlotta": "Non",
        "accessibilite": "A Pieds",
        "villeProche": "",
        "structure": "Tour carrée blanche haut rouge",
        "validationExpedition": "Oui",
        "positionDMS": "45°57,9 N 001°03,8 W",
        "recherchePourcentage": "100%",
        "derniereActivite": "Expéditions réalisées :",
        "typePoint": "lighthouse"
      }
    },
    {
      "type": "Feature",
      "id": "PB578",
      "geometry": {
        "type": "Point",
        "coordinates": [
          -1.0716666666666668,
          45.96666666666667
        ]
      },
      "properties": {
        "pb": 578,
        "nom": "Fouras Avant",
        "departement": "17",
        "wlotta": "Non",
        "accessibilite": "A Pieds",
        "villeProche": "",
        "structure": "Tour carrée blanche haut rouge",
        "validationExpedition": "Oui",
        "positionDMS": "45°58,0 N 001°04,3 W",
        "recherchePourcentage": "100%",
        "derniereActivite": "Expéditions réalisées :",
        "typePoint": "lighthouse"
      }
    }
  ]
}