{
  "type": "FeatureCollection",
  "features": [
    {
      "type": "Feature",
      "id": "ID45",
      "geometry": {
        "type": "Point",
        "coordinates": [
          0.5217,
          49.4717
        ]
      },
      "properties": {
        "idPage": 45,
        "nom": "Quillebeuf sur Seine",
        "dplf": "",
        "accessibilite": "Voiture",
        "structure": "Tour blanche haut vert",
        "validationExpedition": "Oui",
        "departement": "27",
        "wlotta": "Oui",
        "positionDMS": "49°28,3 N 000°31,3 E",
        "recherchePourcentage": "81%",
        "derniereActivite": "2022",
        "typePoint": "lighthouse"
      }
    },
    {
      "type": "Feature",
      "id": "ID47",
      "geometry": {
        "type": "Point",
        "coordinates": [
          -4.1417,
          43.4883
        ]
      },
      "properties": {
        "idPage": 47,
        "nom": "Pointe de l'Espiguette",
        "dplf": "",
        "accessibilite": "A Pieds",
        "structure": "Tour carrée blanche haut noir",
        "validationExpedition": "Oui",
        "departement": "30",
        "wlotta": "Oui",
        "positionDMS": "43°29,3 N 004°08,5 W",
        "recherchePourcentage": "76%",
        "derniereActivite": "2009",
        "typePoint": "lighthouse"
      }
    },
    {
      "type": "Feature",
      "id": "ID48",
      "geometry": {
        "type": "Point",
        "coordinates": [
          -4.1317,
          43.535
        ]
      },
      "properties": {
        "idPage": 48,
        "nom": "Le Grau du Roi - Jetée Est",
        "dplf": "",
        "accessibilite": "A Pieds",
        "structure": "Tour carrée blanche haut noir",
        "validationExpedition": "Oui",
        "departement": "30",
        "wlotta": "Oui",
        "positionDMS": "43°32,1 N 004°07,9 W",
        "recherchePourcentage": "100%",
        "derniereActivite": "Expéditions réalisées :",
        "typePoint": "lighthouse"
      }
    },
    {
      "type": "Feature",
      "id": "ID49",
      "geometry": {
        "type": "Point",
        "coordinates": [
          3.055,
          42.9083
        ]
      },
      "properties": {
        "idPage": 49,
        "nom": "Cap Leucate",
        "dplf": "",
        "accessibilite": "Voiture",
        "structure": "Tour blanche haut rouge",
        "validationExpedition": "Oui",
        "departement": "11",
        "wlotta": "Non",
        "positionDMS": "42°54,5 N 003°03,3 E",
        "recherchePourcentage": "57%",
        "derniereActivite": "2024",
        "typePoint": "lighthouse"
      }
    },
    {
      "type": "Feature",
      "id": "ID50",
      "geometry": {
        "type": "Point",
        "coordinates": [
          3.1817,
          43.1733
        ]
      },
      "properties": {
        "idPage": 50,
        "nom": "Bassin des Exals",
        "dplf": "",
        "accessibilite": "Voiture, à pieds",
        "structure": "Tour métallique grise",
        "validationExpedition": "Oui",
        "departement": "11",
        "wlotta": "Non",
        "positionDMS": "43°10,4 N 003°10,9 E",
        "recherchePourcentage": "100%",
        "derniereActivite": "Expéditions réalisées :",
        "typePoint": "lighthouse"
      }
    },
    {
      "type": "Feature",
      "id": "ID51",
      "geometry": {
        "type": "Point",
        "coordinates": [
          3.07,
          43.0133
        ]
      },
      "properties": {
        "idPage": 51,
        "nom": "Port La Nouvelle - Jetée Sud",
        "dplf": "",
        "accessibilite": "A pieds",
        "structure": "Tour blanche haut rouge",
        "validationExpedition": "Oui",
        "departement": "11",
        "wlotta": "Non",
        "positionDMS": "43°00,8 N 003°04,2 E",
        "recherchePourcentage": "100%",
        "derniereActivite": "2011",
        "typePoint": "lighthouse"
      }
    },
    {
      "type": "Feature",
      "id": "ID52",
      "geometry": {
        "type": "Point",
        "coordinates": [
          3.03,
          43.0217
        ]
      },
      "properties": {
        "idPage": 52,
        "nom": "Port La Nouvelle - Feu arrière",
        "dplf": "",
        "accessibilite": "Voiture, à pieds",
        "structure": "Tour",
        "validationExpedition": "Oui",
        "departement": "11",
        "wlotta": "Non",
        "positionDMS": "43°01,3 N 003°01,8 E",
        "recherchePourcentage": "100%",
        "derniereActivite": "Expéditions réalisées :",
        "typePoint": "lighthouse"
      }
    },
    {
      "type": "Feature",
      "id": "ID55",
      "geometry": {
        "type": "Point",
        "coordinates": [
          7.0617,
          43.5683
        ]
      },
      "properties": {
        "idPage": 55,
        "nom": "Vallauris",
        "dplf": "",
        "accessibilite": "Voiture",
        "structure": "Tour blanche haut noir",
        "validationExpedition": "Oui",
        "departement": "06",
        "wlotta": "Non",
        "positionDMS": "43°34,1 N 007°03,7 E",
        "recherchePourcentage": "90%",
        "derniereActivite": "2000",
        "typePoint": "lighthouse"
      }
    },
    {
      "type": "Feature",
      "id": "ID56",
      "geometry": {
        "type": "Point",
        "coordinates": [
          7.3283,
          43.675
        ]
      },
      "properties": {
        "idPage": 56,
        "nom": "Cap Ferrat",
        "dplf": "",
        "accessibilite": "Voiture",
        "structure": "Tour blanche lanterne verte - Bande verte à la base",
        "validationExpedition": "Oui",
        "departement": "06",
        "wlotta": "Non",
        "positionDMS": "43°40,5 N 007°19,7 E",
        "recherchePourcentage": "95%",
        "derniereActivite": "2019",
        "typePoint": "lighthouse"
      }
    },
    {
      "type": "Feature",
      "id": "ID57",
      "geometry": {
        "type": "Point",
        "coordinates": [
          7.1217,
          43.5433
        ]
      },
      "properties": {
        "idPage": 57,
        "nom": "Pointe d'Ilette",
        "dplf": "",
        "accessibilite": "Voiture",
        "structure": "Tour blanche haut noir",
        "validationExpedition": "Oui",
        "departement": "06",
        "wlotta": "Non",
        "positionDMS": "43°32,6 N 007°07,3 E",
        "recherchePourcentage": "62%",
        "derniereActivite": "2000",
        "typePoint": "lighthouse"
      }
    },
    {
      "type": "Feature",
      "id": "ID58",
      "geometry": {
        "type": "Point",
        "coordinates": [
          7.2883,
          43.69
        ]
      },
      "properties": {
        "idPage": 58,
        "nom": "Nice - Jetée du large",
        "dplf": "",
        "accessibilite": "A pieds",
        "structure": "Tour blanche lanterne rouge et dôme blanc",
        "validationExpedition": "Oui",
        "departement": "06",
        "wlotta": "Non",
        "positionDMS": "43°41,4 N 007°17,3 E",
        "recherchePourcentage": "100%",
        "derniereActivite": "Expéditions réalisées :",
        "typePoint": "lighthouse"
      }
    },
    {
      "type": "Feature",
      "id": "ID59",
      "geometry": {
        "type": "Point",
        "coordinates": [
          7.1333,
          43.59
        ]
      },
      "properties": {
        "idPage": 59,
        "nom": "Antibes - Digue du large",
        "dplf": "",
        "accessibilite": "Voiture",
        "structure": "Tour blanche et ocre - Lanterne rouge",
        "validationExpedition": "Oui",
        "departement": "06",
        "wlotta": "Non",
        "positionDMS": "43°35,4 N 007°08,0 E",
        "recherchePourcentage": "100%",
        "derniereActivite": "Expéditions réalisées :",
        "typePoint": "lighthouse"
      }
    },
    {
      "type": "Feature",
      "id": "ID60",
      "geometry": {
        "type": "Point",
        "coordinates": [
          7.3367,
          43.6917
        ]
      },
      "properties": {
        "idPage": 60,
        "nom": "Saint Jean Cap Ferrat - Jetée Abri",
        "dplf": "",
        "accessibilite": "Voiture",
        "structure": "Tour blanche haut rouge",
        "validationExpedition": "Oui",
        "departement": "06",
        "wlotta": "Non",
        "positionDMS": "43°41,5 N 007°20,2 E",
        "recherchePourcentage": "100%",
        "derniereActivite": "Expéditions réalisées :",
        "typePoint": "lighthouse"
      }
    },
    {
      "type": "Feature",
      "id": "ID61",
      "geometry": {
        "type": "Point",
        "coordinates": [
          7.18,
          43.655
        ]
      },
      "properties": {
        "idPage": 61,
        "nom": "Saint Laurent du Var - Jetée",
        "dplf": "",
        "accessibilite": "Voiture",
        "structure": "Tour blanche haut vert",
        "validationExpedition": "Oui",
        "departement": "06",
        "wlotta": "Non",
        "positionDMS": "43°39,3 N 007°10,8 E",
        "recherchePourcentage": "100%",
        "derniereActivite": "Expéditions réalisées :",
        "typePoint": "lighthouse"
      }
    },
    {
      "type": "Feature",
      "id": "ID62",
      "geometry": {
        "type": "Point",
        "coordinates": [
          6.94,
          43.5133
        ]
      },
      "properties": {
        "idPage": 62,
        "nom": "Port de la Rague - Jetée Est",
        "dplf": "",
        "accessibilite": "Voiture",
        "structure": "Tour blanche lanterne verte",
        "validationExpedition": "Oui",
        "departement": "06",
        "wlotta": "Non",
        "positionDMS": "43°30,8 N 006°56,4 E",
        "recherchePourcentage": "100%",
        "derniereActivite": "Expéditions réalisées :",
        "typePoint": "lighthouse"
      }
    },
    {
      "type": "Feature",
      "id": "ID63",
      "geometry": {
        "type": "Point",
        "coordinates": [
          6.945,
          43.5217
        ]
      },
      "properties": {
        "idPage": 63,
        "nom": "Port Mandelieu-La Napoule - Jetée",
        "dplf": "",
        "accessibilite": "A pieds",
        "structure": "Tour blanche haut vert",
        "validationExpedition": "Oui",
        "departement": "06",
        "wlotta": "Non",
        "positionDMS": "43°31,3 N 006°56,7 E",
        "recherchePourcentage": "100%",
        "derniereActivite": "Expéditions réalisées :",
        "typePoint": "lighthouse"
      }
    },
    {
      "type": "Feature",
      "id": "ID64",
      "geometry": {
        "type": "Point",
        "coordinates": [
          7.0183,
          43.545
        ]
      },
      "properties": {
        "idPage": 64,
        "nom": "Cannes - Le Vieux Port - Jetée Ouest",
        "dplf": "",
        "accessibilite": "A pieds",
        "structure": "Tour blanche haut rouge",
        "validationExpedition": "Oui",
        "departement": "06",
        "wlotta": "Non",
        "positionDMS": "43°32,7 N 007°01,1 E",
        "recherchePourcentage": "100%",
        "derniereActivite": "Expéditions réalisées :",
        "typePoint": "lighthouse"
      }
    },
    {
      "type": "Feature",
      "id": "ID65",
      "geometry": {
        "type": "Point",
        "coordinates": [
          7.03,
          43.5417
        ]
      },
      "properties": {
        "idPage": 65,
        "nom": "Cannes - Port Canto - Jetée Sud",
        "dplf": "",
        "accessibilite": "Voiture",
        "structure": "Tour ocre - Haut vert foncé",
        "validationExpedition": "Oui",
        "departement": "06",
        "wlotta": "Non",
        "positionDMS": "43°32,5 N 007°01,8 E",
        "recherchePourcentage": "100%",
        "derniereActivite": "Expéditions réalisées :",
        "typePoint": "lighthouse"
      }
    },
    {
      "type": "Feature",
      "id": "ID66",
      "geometry": {
        "type": "Point",
        "coordinates": [
          7.0767,
          43.5633
        ]
      },
      "properties": {
        "idPage": 66,
        "nom": "Golfe Juan - Jetée du large",
        "dplf": "",
        "accessibilite": "Voiture",
        "structure": "Tourelle blanche haut vert",
        "validationExpedition": "Oui",
        "departement": "06",
        "wlotta": "Non",
        "positionDMS": "43°33,8 N 007°04,6 E",
        "recherchePourcentage": "100%",
        "derniereActivite": "Expéditions réalisées :",
        "typePoint": "lighthouse"
      }
    },
    {
      "type": "Feature",
      "id": "ID67",
      "geometry": {
        "type": "Point",
        "coordinates": [
          7.1417,
          43.6333
        ]
      },
      "properties": {
        "idPage": 67,
        "nom": "Marina Baie des Anges - Jetée Est",
        "dplf": "",
        "accessibilite": "Voiture",
        "structure": "Tour blanche haut vert",
        "validationExpedition": "Oui",
        "departement": "06",
        "wlotta": "Non",
        "positionDMS": "43°38,0 N 007°08,5 E",
        "recherchePourcentage": "100%",
        "derniereActivite": "Expéditions réalisées :",
        "typePoint": "lighthouse"
      }
    },
    {
      "type": "Feature",
      "id": "ID68",
      "geometry": {
        "type": "Point",
        "coordinates": [
          7.34,
          43.7083
        ]
      },
      "properties": {
        "idPage": 68,
        "nom": "Beaulieu sur Mer - Digue détachée",
        "dplf": "",
        "accessibilite": "Bateau",
        "structure": "Tour blanche haut rouge",
        "validationExpedition": "Oui",
        "departement": "06",
        "wlotta": "Oui",
        "positionDMS": "43°42,5 N 007°20,4 E",
        "recherchePourcentage": "100%",
        "derniereActivite": "Expéditions réalisées :",
        "typePoint": "lighthouse"
      }
    },
    {
      "type": "Feature",
      "id": "ID69",
      "geometry": {
        "type": "Point",
        "coordinates": [
          7.5117,
          43.775
        ]
      },
      "properties": {
        "idPage": 69,
        "nom": "Menton - Vieux Port - Jetée",
        "dplf": "",
        "accessibilite": "Voiture",
        "structure": "Tour blanche haut rouge",
        "validationExpedition": "Oui",
        "departement": "06",
        "wlotta": "Non",
        "positionDMS": "43°46,5 N 007°30,7 E",
        "recherchePourcentage": "100%",
        "derniereActivite": "2007",
        "typePoint": "lighthouse"
      }
    },
    {
      "type": "Feature",
      "id": "ID70",
      "geometry": {
        "type": "Point",
        "coordinates": [
          7.5233,
          43.7833
        ]
      },
      "properties": {
        "idPage": 70,
        "nom": "Menton Garavane - Jetée",
        "dplf": "",
        "accessibilite": "Voiture",
        "structure": "Tour blanche haut rouge",
        "validationExpedition": "Oui",
        "departement": "06",
        "wlotta": "Non",
        "positionDMS": "43°47,0 N 007°31,4 E",
        "recherchePourcentage": "100%",
        "derniereActivite": "2007",
        "typePoint": "lighthouse"
      }
    },
    {
      "type": "Feature",
      "id": "ID71",
      "geometry": {
        "type": "Point",
        "coordinates": [
          5.3283,
          43.28
        ]
      },
      "properties": {
        "idPage": 71,
        "nom": "Ile du Château d'If",
        "dplf": "",
        "accessibilite": "Bateau",
        "structure": "Tour blanche haut rouge",
        "validationExpedition": "Oui",
        "departement": "13",
        "wlotta": "Oui",
        "positionDMS": "43°16,8 N 005°19,7 E",
        "recherchePourcentage": "62%",
        "derniereActivite": "1998",
        "typePoint": "lighthouse"
      }
    },
    {
      "type": "Feature",
      "id": "ID72",
      "geometry": {
        "type": "Point",
        "coordinates": [
          4.6883,
          43.3567
        ]
      },
      "properties": {
        "idPage": 72,
        "nom": "Etang de Faraman",
        "dplf": "",
        "accessibilite": "A Pieds",
        "structure": "Tour bandes blanches et noires",
        "validationExpedition": "Oui",
        "departement": "13",
        "wlotta": "Non",
        "positionDMS": "43°21,4 N 004°41,3 E",
        "recherchePourcentage": "100%",
        "derniereActivite": "Expéditions réalisées :",
        "typePoint": "lighthouse"
      }
    },
    {
      "type": "Feature",
      "id": "ID73",
      "geometry": {
        "type": "Point",
        "coordinates": [
          5.23,
          43.1983
        ]
      },
      "properties": {
        "idPage": 73,
        "nom": "Ile du Planier",
        "dplf": "",
        "accessibilite": "Bateau",
        "structure": "Tour blanche",
        "validationExpedition": "Oui",
        "departement": "13",
        "wlotta": "Oui",
        "positionDMS": "43°11,9 N 005°13,8 E",
        "recherchePourcentage": "100%",
        "derniereActivite": "Expéditions réalisées :",
        "typePoint": "lighthouse"
      }
    },
    {
      "type": "Feature",
      "id": "ID74",
      "geometry": {
        "type": "Point",
        "coordinates": [
          4.57,
          43.455
        ]
      },
      "properties": {
        "idPage": 74,
        "nom": "La Gacholle",
        "dplf": "",
        "accessibilite": "A Pieds",
        "structure": "Tour carrée blanche haut noir",
        "validationExpedition": "Oui",
        "departement": "13",
        "wlotta": "Non",
        "positionDMS": "43°27,3 N 004°34,2 E",
        "recherchePourcentage": "100%",
        "derniereActivite": "Expéditions réalisées :",
        "typePoint": "lighthouse"
      }
    },
    {
      "type": "Feature",
      "id": "ID75",
      "geometry": {
        "type": "Point",
        "coordinates": [
          4.94,
          43.4283
        ]
      },
      "properties": {
        "idPage": 75,
        "nom": "Pointe de Saint Gervais",
        "dplf": "",
        "accessibilite": "Voiture",
        "structure": "Tour grise haut vert",
        "validationExpedition": "Oui",
        "departement": "13",
        "wlotta": "Oui",
        "positionDMS": "43°25,7 N 004°56,4 E",
        "recherchePourcentage": "100%",
        "derniereActivite": "Expéditions réalisées :",
        "typePoint": "lighthouse"
      }
    },
    {
      "type": "Feature",
      "id": "ID76",
      "geometry": {
        "type": "Point",
        "coordinates": [
          4.585,
          43.365
        ]
      },
      "properties": {
        "idPage": 76,
        "nom": "Beauduc - Pointe du Sablon",
        "dplf": "",
        "accessibilite": "A Pieds",
        "structure": "Tour blanche haut noir",
        "validationExpedition": "Oui",
        "departement": "13",
        "wlotta": "Non",
        "positionDMS": "43°21,9 N 004°35,1 E",
        "recherchePourcentage": "100%",
        "derniereActivite": "Expéditions réalisées :",
        "typePoint": "lighthouse"
      }
    },
    {
      "type": "Feature",
      "id": "ID77",
      "geometry": {
        "type": "Point",
        "coordinates": [
          5.0533,
          43.325
        ]
      },
      "properties": {
        "idPage": 77,
        "nom": "Cap Couronne",
        "dplf": "",
        "accessibilite": "Voiture",
        "structure": "Tour blanche haut rouge",
        "validationExpedition": "Oui",
        "departement": "13",
        "wlotta": "Non",
        "positionDMS": "43°19,5 N 005°03,2 E",
        "recherchePourcentage": "100%",
        "derniereActivite": "2024",
        "typePoint": "lighthouse"
      }
    },
    {
      "type": "Feature",
      "id": "ID78",
      "geometry": {
        "type": "Point",
        "coordinates": [
          5.355,
          43.295
        ]
      },
      "properties": {
        "idPage": 78,
        "nom": "Pointe de la Desirade",
        "dplf": "",
        "accessibilite": "Voiture, à Pieds",
        "structure": "Tour blanche lanterne verte",
        "validationExpedition": "Oui",
        "departement": "13",
        "wlotta": "Non",
        "positionDMS": "43°17,7 N 005°21,3 E",
        "recherchePourcentage": "100%",
        "derniereActivite": "Expéditions réalisées :",
        "typePoint": "lighthouse"
      }
    },
    {
      "type": "Feature",
      "id": "ID79",
      "geometry": {
        "type": "Point",
        "coordinates": [
          4.985,
          43.3933
        ]
      },
      "properties": {
        "idPage": 79,
        "nom": "Port de Bouc - Tour du Fort",
        "dplf": "",
        "accessibilite": "A Pieds",
        "structure": "Tour blanche",
        "validationExpedition": "Oui",
        "departement": "13",
        "wlotta": "Non",
        "positionDMS": "43°23,6 N 004°59,1 E",
        "recherchePourcentage": "100%",
        "derniereActivite": "Expéditions réalisées :",
        "typePoint": "lighthouse"
      }
    },
    {
      "type": "Feature",
      "id": "ID80",
      "geometry": {
        "type": "Point",
        "coordinates": [
          4.805,
          43.385
        ]
      },
      "properties": {
        "idPage": 80,
        "nom": "Port Saint Louis du Rhône",
        "dplf": "",
        "accessibilite": "Voiture, à Pieds",
        "structure": "Tour carrée grise lanterne grise",
        "validationExpedition": "Oui",
        "departement": "13",
        "wlotta": "Non",
        "positionDMS": "43°23,1 N 004°48,3 E",
        "recherchePourcentage": "100%",
        "derniereActivite": "Expéditions réalisées :",
        "typePoint": "lighthouse"
      }
    },
    {
      "type": "Feature",
      "id": "ID81",
      "geometry": {
        "type": "Point",
        "coordinates": [
          4.8717,
          43.39
        ]
      },
      "properties": {
        "idPage": 81,
        "nom": "Canal Saint Louis - Jetée Sud",
        "dplf": "",
        "accessibilite": "A Pieds",
        "structure": "Tour blanche haut rouge",
        "validationExpedition": "Oui",
        "departement": "13",
        "wlotta": "Non",
        "positionDMS": "43°23,4 N 004°52,3 E",
        "recherchePourcentage": "100%",
        "derniereActivite": "Expéditions réalisées :",
        "typePoint": "lighthouse"
      }
    },
    {
      "type": "Feature",
      "id": "ID82",
      "geometry": {
        "type": "Point",
        "coordinates": [
          5.6117,
          43.1733
        ]
      },
      "properties": {
        "idPage": 82,
        "nom": "La Ciotat - Môle Bérouard",
        "dplf": "",
        "accessibilite": "Voiture",
        "structure": "Tour blanche haut rouge",
        "validationExpedition": "Oui",
        "departement": "13",
        "wlotta": "Non",
        "positionDMS": "43°10,4 N 005°36,7 E",
        "recherchePourcentage": "100%",
        "derniereActivite": "Expéditions réalisées :",
        "typePoint": "lighthouse"
      }
    },
    {
      "type": "Feature",
      "id": "ID84",
      "geometry": {
        "type": "Point",
        "coordinates": [
          0.215,
          49.425
        ]
      },
      "properties": {
        "idPage": 84,
        "nom": "Falaise des Fonds",
        "dplf": "",
        "accessibilite": "Voiture, à pieds",
        "structure": "Tour blanche haut vert",
        "validationExpedition": "Oui",
        "departement": "14",
        "wlotta": "Non",
        "positionDMS": "49°25,5 N 000°12,9 E",
        "recherchePourcentage": "62%",
        "derniereActivite": "2003",
        "typePoint": "lighthouse"
      }
    },
    {
      "type": "Feature",
      "id": "ID85",
      "geometry": {
        "type": "Point",
        "coordinates": [
          -0.2483,
          49.28
        ]
      },
      "properties": {
        "idPage": 85,
        "nom": "Ouistreham - Feu principal",
        "dplf": "",
        "accessibilite": "Voiture",
        "structure": "Tour cylindrique blanche haut rouge",
        "validationExpedition": "Oui",
        "departement": "14",
        "wlotta": "Non",
        "positionDMS": "49°16,8 N 000°14,9 W",
        "recherchePourcentage": "57%",
        "derniereActivite": "2006",
        "typePoint": "lighthouse"
      }
    },
    {
      "type": "Feature",
      "id": "ID86",
      "geometry": {
        "type": "Point",
        "coordinates": [
          -0.7583,
          49.3483
        ]
      },
      "properties": {
        "idPage": 86,
        "nom": "Port en Bessin - Rear",
        "dplf": "",
        "accessibilite": "Voiture",
        "structure": "Maison blanche et grise",
        "validationExpedition": "Oui",
        "departement": "14",
        "wlotta": "Non",
        "positionDMS": "49°20,9 N 000°45,5 W",
        "recherchePourcentage": "95%",
        "derniereActivite": "2006",
        "typePoint": "lighthouse"
      }
    },
    {
      "type": "Feature",
      "id": "ID87",
      "geometry": {
        "type": "Point",
        "coordinates": [
          -0.5183,
          49.34
        ]
      },
      "properties": {
        "idPage": 87,
        "nom": "Pointe de Ver",
        "dplf": "",
        "accessibilite": "Voiture",
        "structure": "Tour blanche haut gris",
        "validationExpedition": "Oui",
        "departement": "14",
        "wlotta": "Non",
        "positionDMS": "49°20,4 N 000°31,1 W",
        "recherchePourcentage": "67%",
        "derniereActivite": "2003",
        "typePoint": "lighthouse"
      }
    },
    {
      "type": "Feature",
      "id": "ID88",
      "geometry": {
        "type": "Point",
        "coordinates": [
          0.075,
          49.3667
        ]
      },
      "properties": {
        "idPage": 88,
        "nom": "Trouville - Entrée - Front",
        "dplf": "",
        "accessibilite": "à pieds",
        "structure": "Tour métallique blanche haut rouge",
        "validationExpedition": "Oui",
        "departement": "14",
        "wlotta": "Non",
        "positionDMS": "49°22,0 N 000°04,5 E",
        "recherchePourcentage": "90%",
        "derniereActivite": "Expéditions réalisées :",
        "typePoint": "lighthouse"
      }
    },
    {
      "type": "Feature",
      "id": "ID89",
      "geometry": {
        "type": "Point",
        "coordinates": [
          -0.0867,
          49.2967
        ]
      },
      "properties": {
        "idPage": 89,
        "nom": "Dives sur Mer",
        "dplf": "",
        "accessibilite": "Voiture",
        "structure": "Cabane rouge",
        "validationExpedition": "Oui",
        "departement": "14",
        "wlotta": "Non",
        "positionDMS": "49°17,8 N 000°05,2 W",
        "recherchePourcentage": "95%",
        "derniereActivite": "Expéditions réalisées :",
        "typePoint": "lighthouse"
      }
    },
    {
      "type": "Feature",
      "id": "ID90",
      "geometry": {
        "type": "Point",
        "coordinates": [
          0.0733,
          49.3667
        ]
      },
      "properties": {
        "idPage": 90,
        "nom": "Trouville - Jetée Ouest",
        "dplf": "",
        "accessibilite": "à pieds",
        "structure": "Tour métallique blanche haut vert",
        "validationExpedition": "Oui",
        "departement": "14",
        "wlotta": "Non",
        "positionDMS": "49°22,0 N 000°04,4 E",
        "recherchePourcentage": "90%",
        "derniereActivite": "Expéditions réalisées :",
        "typePoint": "lighthouse"
      }
    },
    {
      "type": "Feature",
      "id": "ID91",
      "geometry": {
        "type": "Point",
        "coordinates": [
          -1.5617,
          46.2433
        ]
      },
      "properties": {
        "idPage": 91,
        "nom": "Les Baleines",
        "dplf": "",
        "accessibilite": "A pieds",
        "structure": "Tour grise lanterne rouge",
        "validationExpedition": "Oui",
        "departement": "17",
        "wlotta": "Oui",
        "positionDMS": "46°14,6 N 001°33,7 W",
        "recherchePourcentage": "62%",
        "derniereActivite": "2006",
        "typePoint": "lighthouse"
      }
    },
    {
      "type": "Feature",
      "id": "ID92",
      "geometry": {
        "type": "Point",
        "coordinates": [
          -1.5867,
          46.2633
        ]
      },
      "properties": {
        "idPage": 92,
        "nom": "Haut Banc du Nord - Les Baleineaux",
        "dplf": "",
        "accessibilite": "Bateau",
        "structure": "Tour grise haut rouge",
        "validationExpedition": "Oui",
        "departement": "17",
        "wlotta": "Oui",
        "positionDMS": "46°15,8 N 001°35,2 W",
        "recherchePourcentage": "100%",
        "derniereActivite": "Expéditions réalisées :",
        "typePoint": "lighthouse"
      }
    },
    {
      "type": "Feature",
      "id": "ID93",
      "geometry": {
        "type": "Point",
        "coordinates": [
          -1.2733,
          46.1333
        ]
      },
      "properties": {
        "idPage": 93,
        "nom": "Pointe de Chauveau",
        "dplf": "",
        "accessibilite": "Bateau",
        "structure": "Tour blanche haut rouge",
        "validationExpedition": "Oui",
        "departement": "17",
        "wlotta": "Oui",
        "positionDMS": "46°08,0 N 001°16,4 W",
        "recherchePourcentage": "100%",
        "derniereActivite": "Expéditions réalisées :",
        "typePoint": "lighthouse"
      }
    },
    {
      "type": "Feature",
      "id": "ID94",
      "geometry": {
        "type": "Point",
        "coordinates": [
          -1.1783,
          46.01
        ]
      },
      "properties": {
        "idPage": 94,
        "nom": "Ile d'Aix",
        "dplf": "",
        "accessibilite": "Bateau",
        "structure": "Tour blanche haut rouge",
        "validationExpedition": "Oui",
        "departement": "17",
        "wlotta": "Oui",
        "positionDMS": "46°00,6 N 001°10,7 W",
        "recherchePourcentage": "81%",
        "derniereActivite": "2001",
        "typePoint": "lighthouse"
      }
    },
    {
      "type": "Feature",
      "id": "ID95",
      "geometry": {
        "type": "Point",
        "coordinates": [
          -1.4083,
          46.0483
        ]
      },
      "properties": {
        "idPage": 95,
        "nom": "Ile d'Oléron - Pointe de Chassiron",
        "dplf": "",
        "accessibilite": "A pieds",
        "structure": "Tour bandes noires et blanches",
        "validationExpedition": "Oui",
        "departement": "17",
        "wlotta": "Oui",
        "positionDMS": "46°02,9 N 001°24,5 W",
        "recherchePourcentage": "86%",
        "derniereActivite": "2004",
        "typePoint": "lighthouse"
      }
    },
    {
      "type": "Feature",
      "id": "ID96",
      "geometry": {
        "type": "Point",
        "coordinates": [
          -1.2317,
          45.6967
        ]
      },
      "properties": {
        "idPage": 96,
        "nom": "Pointe de la Coubre",
        "dplf": "",
        "accessibilite": "Voiture, à pieds",
        "structure": "Tour blanche haut rouge",
        "validationExpedition": "Oui",
        "departement": "17",
        "wlotta": "Non",
        "positionDMS": "45°41,8 N 001°13,9 W",
        "recherchePourcentage": "86%",
        "derniereActivite": "2001",
        "typePoint": "lighthouse"
      }
    },
    {
      "type": "Feature",
      "id": "ID97",
      "geometry": {
        "type": "Point",
        "coordinates": [
          -1.3117,
          45.905
        ]
      },
      "properties": {
        "idPage": 97,
        "nom": "La Cotinière Approche",
        "dplf": "",
        "accessibilite": "A pieds",
        "structure": "Tour bandes noires et blanches",
        "validationExpedition": "Oui",
        "departement": "17",
        "wlotta": "Oui",
        "positionDMS": "45°54,3 N 001°18,7 W",
        "recherchePourcentage": "81%",
        "derniereActivite": "2000",
        "typePoint": "lighthouse"
      }
    },
    {
      "type": "Feature",
      "id": "ID98",
      "geometry": {
        "type": "Point",
        "coordinates": [
          -1.4717,
          46.1633
        ]
      },
      "properties": {
        "idPage": 98,
        "nom": "Chanchardon",
        "dplf": "",
        "accessibilite": "Bateau",
        "structure": "Tour noire soubassement blanc",
        "validationExpedition": "Oui",
        "departement": "17",
        "wlotta": "Oui",
        "positionDMS": "46°09,8 N 001°28,3 W",
        "recherchePourcentage": "100%",
        "derniereActivite": "Expéditions réalisées :",
        "typePoint": "lighthouse"
      }
    },
    {
      "type": "Feature",
      "id": "ID99",
      "geometry": {
        "type": "Point",
        "coordinates": [
          -1.365,
          46.2083
        ]
      },
      "properties": {
        "idPage": 99,
        "nom": "Saint Martin de Ré",
        "dplf": "",
        "accessibilite": "Voiture, à pieds",
        "structure": "Tour blanche haut rouge",
        "validationExpedition": "Oui",
        "departement": "17",
        "wlotta": "Oui",
        "positionDMS": "46°12,5 N 001°21,9 W",
        "recherchePourcentage": "100%",
        "derniereActivite": "Expéditions réalisées :",
        "typePoint": "lighthouse"
      }
    },
    {
      "type": "Feature",
      "id": "ID100",
      "geometry": {
        "type": "Point",
        "coordinates": [
          -1.105,
          45.6467
        ]
      },
      "properties": {
        "idPage": 100,
        "nom": "Terre Negre",
        "dplf": "",
        "accessibilite": "Voiture, à pieds",
        "structure": "Tour blanche haut rouge",
        "validationExpedition": "Oui",
        "departement": "17",
        "wlotta": "Non",
        "positionDMS": "45°38,8 N 001°06,3 W",
        "recherchePourcentage": "100%",
        "derniereActivite": "2001",
        "typePoint": "lighthouse"
      }
    },
    {
      "type": "Feature",
      "id": "ID102",
      "geometry": {
        "type": "Point",
        "coordinates": [
          -1.4783,
          46.235
        ]
      },
      "properties": {
        "idPage": 102,
        "nom": "Fier D'Ars",
        "dplf": "",
        "accessibilite": "Voiture",
        "structure": "Tour carrée verte sur maison ocre",
        "validationExpedition": "Oui",
        "departement": "17",
        "wlotta": "Oui",
        "positionDMS": "46°14,1 N 001°28,7 W",
        "recherchePourcentage": "95%",
        "derniereActivite": "2002",
        "typePoint": "lighthouse"
      }
    },
    {
      "type": "Feature",
      "id": "ID104",
      "geometry": {
        "type": "Point",
        "coordinates": [
          -1.1517,
          46.1567
        ]
      },
      "properties": {
        "idPage": 104,
        "nom": "La Rochelle Entrée",
        "dplf": "",
        "accessibilite": "Voiture, à pieds",
        "structure": "Tour blanche haut rouge bandes rouges et blanches",
        "validationExpedition": "Oui",
        "departement": "17",
        "wlotta": "Non",
        "positionDMS": "46°09,4 N 001°09,1 W",
        "recherchePourcentage": "86%",
        "derniereActivite": "2002",
        "typePoint": "lighthouse"
      }
    },
    {
      "type": "Feature",
      "id": "ID105",
      "geometry": {
        "type": "Point",
        "coordinates": [
          -1.2383,
          46.1633
        ]
      },
      "properties": {
        "idPage": 105,
        "nom": "La Pallice - Môle d'Escale",
        "dplf": "",
        "accessibilite": "A pieds",
        "structure": "Tour carrée grise",
        "validationExpedition": "Oui",
        "departement": "17",
        "wlotta": "Non",
        "positionDMS": "46°09,8 N 001°14,3 W",
        "recherchePourcentage": "81%",
        "derniereActivite": "2002",
        "typePoint": "lighthouse"
      }
    },
    {
      "type": "Feature",
      "id": "ID106",
      "geometry": {
        "type": "Point",
        "coordinates": [
          -1.15,
          46.1567
        ]
      },
      "properties": {
        "idPage": 106,
        "nom": "La Rochelle Entrée - Arriere",
        "dplf": "",
        "accessibilite": "Voiture, à pieds",
        "structure": "Tour blanche haut vert",
        "validationExpedition": "Oui",
        "departement": "17",
        "wlotta": "Non",
        "positionDMS": "46°09,4 N 001°09,0 W",
        "recherchePourcentage": "100%",
        "derniereActivite": "2002",
        "typePoint": "lighthouse"
      }
    },
    {
      "type": "Feature",
      "id": "ID107",
      "geometry": {
        "type": "Point",
        "coordinates": [
          0.0,
          0.0
        ]
      },
      "properties": {
        "idPage": 107,
        "nom": "Ile de Ré",
        "dplf": "",
        "accessibilite": "Voiture",
        "structure": "Validation expédition : Oui",
        "validationExpedition": "Oui",
        "departement": "17",
        "wlotta": "Oui",
        "positionDMS": "Recherché par les chasseurs de phare à : 100%",
        "recherchePourcentage": "100%",
        "derniereActivite": "2019",
        "typePoint": "lighthouse"
      }
    },
    {
      "type": "Feature",
      "id": "ID108",
      "geometry": {
        "type": "Point",
        "coordinates": [
          0.0,
          0.0
        ]
      },
      "properties": {
        "idPage": 108,
        "nom": "Ile d'Oléron",
        "dplf": "",
        "accessibilite": "Voiture, à pieds",
        "structure": "Validation expédition : Oui",
        "validationExpedition": "Oui",
        "departement": "17",
        "wlotta": "Oui",
        "positionDMS": "Recherché par les chasseurs de phare à : 100%",
        "recherchePourcentage": "100%",
        "derniereActivite": "2014",
        "typePoint": "lighthouse"
      }
    },
    {
      "type": "Feature",
      "id": "ID109",
      "geometry": {
        "type": "Point",
        "coordinates": [
          0.0,
          0.0
        ]
      },
      "properties": {
        "idPage": 109,
        "nom": "Ile d'Aix",
        "dplf": "",
        "accessibilite": "Bateau",
        "structure": "Validation expédition : Oui",
        "validationExpedition": "Oui",
        "departement": "17",
        "wlotta": "Oui",
        "positionDMS": "Recherché par les chasseurs de phare à : 100%",
        "recherchePourcentage": "100%",
        "derniereActivite": "Expéditions réalisées :",
        "typePoint": "lighthouse"
      }
    },
    {
      "type": "Feature",
      "id": "ID110",
      "geometry": {
        "type": "Point",
        "coordinates": [
          -3.0867,
          48.9083
        ]
      },
      "properties": {
        "idPage": 110,
        "nom": "Les Heaux de Brehat",
        "dplf": "",
        "accessibilite": "Bateau",
        "structure": "Tour grise",
        "validationExpedition": "Oui",
        "departement": "22",
        "wlotta": "Oui",
        "positionDMS": "48°54,5 N 003°05,2 W",
        "recherchePourcentage": "90%",
        "derniereActivite": "2009",
        "typePoint": "lighthouse"
      }
    },
    {
      "type": "Feature",
      "id": "ID111",
      "geometry": {
        "type": "Point",
        "coordinates": [
          -3.6467,
          48.8717
        ]
      },
      "properties": {
        "idPage": 111,
        "nom": "Les Triagoz",
        "dplf": "",
        "accessibilite": "Bateau",
        "structure": "Tour carrée grise lanterne rouge",
        "validationExpedition": "Oui",
        "departement": "22",
        "wlotta": "Oui",
        "positionDMS": "48°52,3 N 003°38,8 W",
        "recherchePourcentage": "100%",
        "derniereActivite": "Expéditions réalisées :",
        "typePoint": "lighthouse"
      }
    },
    {
      "type": "Feature",
      "id": "ID112",
      "geometry": {
        "type": "Point",
        "coordinates": [
          -3.49,
          48.8783
        ]
      },
      "properties": {
        "idPage": 112,
        "nom": "Ile Aux Moines",
        "dplf": "",
        "accessibilite": "Bateau",
        "structure": "Tour grise",
        "validationExpedition": "Oui",
        "departement": "22",
        "wlotta": "Oui",
        "positionDMS": "48°52,7 N 003°29,4 W",
        "recherchePourcentage": "52%",
        "derniereActivite": "2008",
        "typePoint": "lighthouse"
      }
    },
    {
      "type": "Feature",
      "id": "ID113",
      "geometry": {
        "type": "Point",
        "coordinates": [
          -2.665,
          48.7483
        ]
      },
      "properties": {
        "idPage": 113,
        "nom": "Le Grand Lejon",
        "dplf": "",
        "accessibilite": "Bateau",
        "structure": "Tour tronconique bandes rouges et blanches",
        "validationExpedition": "Oui",
        "departement": "22",
        "wlotta": "Oui",
        "positionDMS": "48°44,9 N 002°39,9 W",
        "recherchePourcentage": "90%",
        "derniereActivite": "2009",
        "typePoint": "lighthouse"
      }
    },
    {
      "type": "Feature",
      "id": "ID114",
      "geometry": {
        "type": "Point",
        "coordinates": [
          -2.8133,
          49.1083
        ]
      },
      "properties": {
        "idPage": 114,
        "nom": "Les Roches Douvres",
        "dplf": "",
        "accessibilite": "Bateau",
        "structure": "Tour rose haut vert sur édifice",
        "validationExpedition": "Oui",
        "departement": "22",
        "wlotta": "Oui",
        "positionDMS": "49°06,5 N 002°48,8 W",
        "recherchePourcentage": "86%",
        "derniereActivite": "2009",
        "typePoint": "lighthouse"
      }
    },
    {
      "type": "Feature",
      "id": "ID115",
      "geometry": {
        "type": "Point",
        "coordinates": [
          -3.4683,
          48.9483
        ]
      },
      "properties": {
        "idPage": 115,
        "nom": "Kerprigent Arrière",
        "dplf": "",
        "accessibilite": "Voiture, à pieds",
        "structure": "Tour grise",
        "validationExpedition": "Oui",
        "departement": "22",
        "wlotta": "Oui",
        "positionDMS": "48°56,9 N 003°28,1 W",
        "recherchePourcentage": "90%",
        "derniereActivite": "2008",
        "typePoint": "lighthouse"
      }
    },
    {
      "type": "Feature",
      "id": "ID116",
      "geometry": {
        "type": "Point",
        "coordinates": [
          -2.9417,
          48.78
        ]
      },
      "properties": {
        "idPage": 116,
        "nom": "Lost Pic",
        "dplf": "",
        "accessibilite": "Bateau",
        "structure": "2 tours blanches haut rouge",
        "validationExpedition": "Oui",
        "departement": "22",
        "wlotta": "Oui",
        "positionDMS": "48°46,8 N 002°56,5 W",
        "recherchePourcentage": "100%",
        "derniereActivite": "Expéditions réalisées :",
        "typePoint": "lighthouse"
      }
    },
    {
      "type": "Feature",
      "id": "ID117",
      "geometry": {
        "type": "Point",
        "coordinates": [
          -2.32,
          48.685
        ]
      },
      "properties": {
        "idPage": 117,
        "nom": "Cap Frehel",
        "dplf": "",
        "accessibilite": "A pieds",
        "structure": "Tour carrée grise lanterne verte",
        "validationExpedition": "Oui",
        "departement": "22",
        "wlotta": "Oui",
        "positionDMS": "48°41,1 N 002°19,2 W",
        "recherchePourcentage": "52%",
        "derniereActivite": "2007",
        "typePoint": "lighthouse"
      }
    },
    {
      "type": "Feature",
      "id": "ID118",
      "geometry": {
        "type": "Point",
        "coordinates": [
          -2.8083,
          48.6667
        ]
      },
      "properties": {
        "idPage": 118,
        "nom": "Ile Harbour",
        "dplf": "",
        "accessibilite": "Bateau",
        "structure": "Maison et tour blanches haut rouge",
        "validationExpedition": "Oui",
        "departement": "22",
        "wlotta": "Oui",
        "positionDMS": "48°40,0 N 002°48,5 W",
        "recherchePourcentage": "90%",
        "derniereActivite": "2009",
        "typePoint": "lighthouse"
      }
    },
    {
      "type": "Feature",
      "id": "ID119",
      "geometry": {
        "type": "Point",
        "coordinates": [
          -3.005,
          48.8583
        ]
      },
      "properties": {
        "idPage": 119,
        "nom": "Rosedo",
        "dplf": "",
        "accessibilite": "Bateau",
        "structure": "Tour blanche lanterne verte",
        "validationExpedition": "Oui",
        "departement": "22",
        "wlotta": "Oui",
        "positionDMS": "48°51,5 N 003°00,3 W",
        "recherchePourcentage": "62%",
        "derniereActivite": "2024",
        "typePoint": "lighthouse"
      }
    },
    {
      "type": "Feature",
      "id": "ID120",
      "geometry": {
        "type": "Point",
        "coordinates": [
          -2.9867,
          48.8667
        ]
      },
      "properties": {
        "idPage": 120,
        "nom": "Le Paon",
        "dplf": "",
        "accessibilite": "Bateau",
        "structure": "Tour jaunâtre",
        "validationExpedition": "Oui",
        "departement": "22",
        "wlotta": "Oui",
        "positionDMS": "48°52,0 N 002°59,2 W",
        "recherchePourcentage": "67%",
        "derniereActivite": "2024",
        "typePoint": "lighthouse"
      }
    },
    {
      "type": "Feature",
      "id": "ID122",
      "geometry": {
        "type": "Point",
        "coordinates": [
          -3.0867,
          48.8067
        ]
      },
      "properties": {
        "idPage": 122,
        "nom": "Bodic",
        "dplf": "",
        "accessibilite": "Voiture",
        "structure": "Maison blanche haut vert",
        "validationExpedition": "Oui",
        "departement": "22",
        "wlotta": "Non",
        "positionDMS": "48°48,4 N 003°05,2 W",
        "recherchePourcentage": "100%",
        "derniereActivite": "2024",
        "typePoint": "lighthouse"
      }
    },
    {
      "type": "Feature",
      "id": "ID123",
      "geometry": {
        "type": "Point",
        "coordinates": [
          -3.055,
          48.8383
        ]
      },
      "properties": {
        "idPage": 123,
        "nom": "La Croix",
        "dplf": "",
        "accessibilite": "Bateau",
        "structure": "2 tours grises accolées face Nord Est blanche haut rouge",
        "validationExpedition": "Oui",
        "departement": "22",
        "wlotta": "Oui",
        "positionDMS": "48°50,3 N 003°03,3 W",
        "recherchePourcentage": "90%",
        "derniereActivite": "2006",
        "typePoint": "lighthouse"
      }
    },
    {
      "type": "Feature",
      "id": "ID124",
      "geometry": {
        "type": "Point",
        "coordinates": [
          -3.5483,
          48.74
        ]
      },
      "properties": {
        "idPage": 124,
        "nom": "Beg Leger",
        "dplf": "",
        "accessibilite": "Voiture",
        "structure": "Maison blanche côté Ouest lanterne rouge",
        "validationExpedition": "Oui",
        "departement": "22",
        "wlotta": "Oui",
        "positionDMS": "48°44,4 N 003°32,9 W",
        "recherchePourcentage": "100%",
        "derniereActivite": "2008",
        "typePoint": "lighthouse"
      }
    },
    {
      "type": "Feature",
      "id": "ID125",
      "geometry": {
        "type": "Point",
        "coordinates": [
          -3.3917,
          48.7967
        ]
      },
      "properties": {
        "idPage": 125,
        "nom": "Kerjean",
        "dplf": "",
        "accessibilite": "Voiture",
        "structure": "Tour blanche haut noir",
        "validationExpedition": "Oui",
        "departement": "22",
        "wlotta": "Oui",
        "positionDMS": "48°47,8 N 003°23,5 W",
        "recherchePourcentage": "100%",
        "derniereActivite": "2017",
        "typePoint": "lighthouse"
      }
    },
    {
      "type": "Feature",
      "id": "ID126",
      "geometry": {
        "type": "Point",
        "coordinates": [
          -3.445,
          48.7967
        ]
      },
      "properties": {
        "idPage": 126,
        "nom": "Le Colombier",
        "dplf": "",
        "accessibilite": "Voiture",
        "structure": "Maison Blanche",
        "validationExpedition": "Oui",
        "departement": "22",
        "wlotta": "Oui",
        "positionDMS": "48°47,8 N 003°26,7 W",
        "recherchePourcentage": "100%",
        "derniereActivite": "2008",
        "typePoint": "lighthouse"
      }
    },
    {
      "type": "Feature",
      "id": "ID127",
      "geometry": {
        "type": "Point",
        "coordinates": [
          -2.5717,
          48.5817
        ]
      },
      "properties": {
        "idPage": 127,
        "nom": "Dahouet - La Petite Muette",
        "dplf": "",
        "accessibilite": "Bateau, à Pieds",
        "structure": "Tour verte et blanche",
        "validationExpedition": "Oui",
        "departement": "22",
        "wlotta": "?",
        "positionDMS": "48°34,9 N 002°34,3 W",
        "recherchePourcentage": "100%",
        "derniereActivite": "Expéditions réalisées :",
        "typePoint": "lighthouse"
      }
    },
    {
      "type": "Feature",
      "id": "ID128",
      "geometry": {
        "type": "Point",
        "coordinates": [
          -2.7183,
          48.5367
        ]
      },
      "properties": {
        "idPage": 128,
        "nom": "Saint Laurent de la mer - Le Legue - Pointe à l'Aigle",
        "dplf": "",
        "accessibilite": "Voiture",
        "structure": "Tour blanche haut vert",
        "validationExpedition": "Oui",
        "departement": "22",
        "wlotta": "Non",
        "positionDMS": "48°32,2 N 002°43,1 W",
        "recherchePourcentage": "100%",
        "derniereActivite": "2024",
        "typePoint": "lighthouse"
      }
    },
    {
      "type": "Feature",
      "id": "ID129",
      "geometry": {
        "type": "Point",
        "coordinates": [
          -2.8167,
          48.6017
        ]
      },
      "properties": {
        "idPage": 129,
        "nom": "Binic - Mole de Penthievre",
        "dplf": "",
        "accessibilite": "A pieds",
        "structure": "Tour blanche lanterne verte",
        "validationExpedition": "Oui",
        "departement": "22",
        "wlotta": "Non",
        "positionDMS": "48°36,1 N 002°49,0 W",
        "recherchePourcentage": "100%",
        "derniereActivite": "2024",
        "typePoint": "lighthouse"
      }
    },
    {
      "type": "Feature",
      "id": "ID130",
      "geometry": {
        "type": "Point",
        "coordinates": [
          -2.8183,
          48.65
        ]
      },
      "properties": {
        "idPage": 130,
        "nom": "Saint Quay Portrieux",
        "dplf": "",
        "accessibilite": "Voiture",
        "structure": "Tour béton",
        "validationExpedition": "Oui",
        "departement": "22",
        "wlotta": "Oui",
        "positionDMS": "48°39,0 N 002°49,1 W",
        "recherchePourcentage": "100%",
        "derniereActivite": "Expéditions réalisées :",
        "typePoint": "lighthouse"
      }
    },
    {
      "type": "Feature",
      "id": "ID131",
      "geometry": {
        "type": "Point",
        "coordinates": [
          -3.0267,
          48.7917
        ]
      },
      "properties": {
        "idPage": 131,
        "nom": "Pointe de Porz Don",
        "dplf": "",
        "accessibilite": "A pieds",
        "structure": "Maison blanche",
        "validationExpedition": "Oui",
        "departement": "22",
        "wlotta": "Non",
        "positionDMS": "48°47,5 N 003°01,6 W",
        "recherchePourcentage": "100%",
        "derniereActivite": "2024",
        "typePoint": "lighthouse"
      }
    },
    {
      "type": "Feature",
      "id": "ID132",
      "geometry": {
        "type": "Point",
        "coordinates": [
          -3.0033,
          48.8367
        ]
      },
      "properties": {
        "idPage": 132,
        "nom": "Men Joliguet",
        "dplf": "",
        "accessibilite": "Bateau",
        "structure": "Cardinale Ouest",
        "validationExpedition": "Oui",
        "departement": "22",
        "wlotta": "Oui",
        "positionDMS": "48°50,2 N 003°00,2 W",
        "recherchePourcentage": "100%",
        "derniereActivite": "Expéditions réalisées :",
        "typePoint": "lighthouse"
      }
    },
    {
      "type": "Feature",
      "id": "ID133",
      "geometry": {
        "type": "Point",
        "coordinates": [
          -3.0617,
          48.8233
        ]
      },
      "properties": {
        "idPage": 133,
        "nom": "Roch Quinonec",
        "dplf": "",
        "accessibilite": "Bateau, à pieds",
        "structure": "Tourelle grise",
        "validationExpedition": "Oui",
        "departement": "22",
        "wlotta": "Oui",
        "positionDMS": "48°49,4 N 003°03,7 W",
        "recherchePourcentage": "100%",
        "derniereActivite": "2024",
        "typePoint": "lighthouse"
      }
    },
    {
      "type": "Feature",
      "id": "ID134",
      "geometry": {
        "type": "Point",
        "coordinates": [
          -3.1167,
          48.85
        ]
      },
      "properties": {
        "idPage": 134,
        "nom": "Saint Antoine",
        "dplf": "",
        "accessibilite": "Voiture",
        "structure": "Maison rouge et blanche",
        "validationExpedition": "Oui",
        "departement": "22",
        "wlotta": "Oui",
        "positionDMS": "48°51,0 N 003°07,0 W",
        "recherchePourcentage": "100%",
        "derniereActivite": "2017",
        "typePoint": "lighthouse"
      }
    },
    {
      "type": "Feature",
      "id": "ID135",
      "geometry": {
        "type": "Point",
        "coordinates": [
          -3.1317,
          48.86
        ]
      },
      "properties": {
        "idPage": 135,
        "nom": "Port de La Chaine - Grande Passe",
        "dplf": "",
        "accessibilite": "Voiture",
        "structure": "Maison blanche",
        "validationExpedition": "Oui",
        "departement": "22",
        "wlotta": "Oui",
        "positionDMS": "48°51,6 N 003°07,9 W",
        "recherchePourcentage": "100%",
        "derniereActivite": "2017",
        "typePoint": "lighthouse"
      }
    },
    {
      "type": "Feature",
      "id": "ID136",
      "geometry": {
        "type": "Point",
        "coordinates": [
          -3.1783,
          48.8567
        ]
      },
      "properties": {
        "idPage": 136,
        "nom": "La Corne",
        "dplf": "",
        "accessibilite": "Bateau",
        "structure": "Tour blanche base rouge",
        "validationExpedition": "Oui",
        "departement": "22",
        "wlotta": "Oui",
        "positionDMS": "48°51,4 N 003°10,7 W",
        "recherchePourcentage": "100%",
        "derniereActivite": "Expéditions réalisées :",
        "typePoint": "lighthouse"
      }
    },
    {
      "type": "Feature",
      "id": "ID137",
      "geometry": {
        "type": "Point",
        "coordinates": [
          -3.3083,
          48.8367
        ]
      },
      "properties": {
        "idPage": 137,
        "nom": "Port Blanc - Tourelle Le Voleur",
        "dplf": "",
        "accessibilite": "Voiture",
        "structure": "Tour blanche",
        "validationExpedition": "Oui",
        "departement": "22",
        "wlotta": "Oui",
        "positionDMS": "48°50,2 N 003°18,5 W",
        "recherchePourcentage": "100%",
        "derniereActivite": "Expéditions réalisées :",
        "typePoint": "lighthouse"
      }
    },
    {
      "type": "Feature",
      "id": "ID138",
      "geometry": {
        "type": "Point",
        "coordinates": [
          0.0,
          0.0
        ]
      },
      "properties": {
        "idPage": 138,
        "nom": "Ile de Brehat",
        "dplf": "",
        "accessibilite": "Bateau",
        "structure": "Validation expédition : Non. Si vous souhaitez demander un diplôme des expéditionnaire, la validation est requise.",
        "validationExpedition": "Non. Si vous souhaitez demander un diplôme des expéditionnaire, la validation est requise.",
        "departement": "22",
        "wlotta": "Oui",
        "positionDMS": "Recherché par les chasseurs de phare à : 90%",
        "recherchePourcentage": "90%",
        "derniereActivite": "2024",
        "typePoint": "lighthouse"
      }
    },
    {
      "type": "Feature",
      "id": "ID139",
      "geometry": {
        "type": "Point",
        "coordinates": [
          -4.115,
          47.875
        ]
      },
      "properties": {
        "idPage": 139,
        "nom": "La Pyramide",
        "dplf": "",
        "accessibilite": "Voiture",
        "structure": "Tour tronconique blanche haut vert",
        "validationExpedition": "Oui",
        "departement": "29",
        "wlotta": "Oui",
        "positionDMS": "47°52,5 N 004°06,9 W",
        "recherchePourcentage": "76%",
        "derniereActivite": "2005",
        "typePoint": "lighthouse"
      }
    },
    {
      "type": "Feature",
      "id": "ID140",
      "geometry": {
        "type": "Point",
        "coordinates": [
          -4.0283,
          47.775
        ]
      },
      "properties": {
        "idPage": 140,
        "nom": "Ile aux Moutons",
        "dplf": "",
        "accessibilite": "Bateau",
        "structure": "Tour carrée et maison blanche",
        "validationExpedition": "Oui",
        "departement": "29",
        "wlotta": "Oui",
        "positionDMS": "47°46,5 N 004°01,7 W",
        "recherchePourcentage": "62%",
        "derniereActivite": "2018",
        "typePoint": "lighthouse"
      }
    },
    {
      "type": "Feature",
      "id": "ID141",
      "geometry": {
        "type": "Point",
        "coordinates": [
          -3.89,
          48.675
        ]
      },
      "properties": {
        "idPage": 141,
        "nom": "Ile Louet",
        "dplf": "",
        "accessibilite": "Bateau",
        "structure": "Tour carrée blanche haut noir",
        "validationExpedition": "Oui",
        "departement": "29",
        "wlotta": "Oui",
        "positionDMS": "48°40,5 N 003°53,4 W",
        "recherchePourcentage": "48%",
        "derniereActivite": "2013",
        "typePoint": "lighthouse"
      }
    },
    {
      "type": "Feature",
      "id": "ID142",
      "geometry": {
        "type": "Point",
        "coordinates": [
          -4.5683,
          48.64
        ]
      },
      "properties": {
        "idPage": 142,
        "nom": "Ile Vierge",
        "dplf": "",
        "accessibilite": "Bateau",
        "structure": "Tour grise",
        "validationExpedition": "Oui",
        "departement": "29",
        "wlotta": "Oui",
        "positionDMS": "48°38,4 N 004°34,1 W",
        "recherchePourcentage": "48%",
        "derniereActivite": "2018",
        "typePoint": "lighthouse"
      }
    },
    {
      "type": "Feature",
      "id": "ID143",
      "geometry": {
        "type": "Point",
        "coordinates": [
          -4.805,
          48.5233
        ]
      },
      "properties": {
        "idPage": 143,
        "nom": "Le Four",
        "dplf": "",
        "accessibilite": "Bateau",
        "structure": "Tour grise",
        "validationExpedition": "Oui",
        "departement": "29",
        "wlotta": "Oui",
        "positionDMS": "48°31,4 N 004°48,3 W",
        "recherchePourcentage": "100%",
        "derniereActivite": "Expéditions réalisées :",
        "typePoint": "lighthouse"
      }
    },
    {
      "type": "Feature",
      "id": "ID144",
      "geometry": {
        "type": "Point",
        "coordinates": [
          -4.9967,
          48.05
        ]
      },
      "properties": {
        "idPage": 144,
        "nom": "Ar Men",
        "dplf": "",
        "accessibilite": "Bateau",
        "structure": "Tour blanche base sombre haut noir",
        "validationExpedition": "Oui",
        "departement": "29",
        "wlotta": "Oui",
        "positionDMS": "48°03,0 N 004°59,8 W",
        "recherchePourcentage": "100%",
        "derniereActivite": "Expéditions réalisées :",
        "typePoint": "lighthouse"
      }
    },
    {
      "type": "Feature",
      "id": "ID145",
      "geometry": {
        "type": "Point",
        "coordinates": [
          -4.7933,
          48.0717
        ]
      },
      "properties": {
        "idPage": 145,
        "nom": "Tevennec",
        "dplf": "",
        "accessibilite": "Bateau",
        "structure": "Tour et maison blanche",
        "validationExpedition": "Oui",
        "departement": "29",
        "wlotta": "Oui",
        "positionDMS": "48°04,3 N 004°47,6 W",
        "recherchePourcentage": "100%",
        "derniereActivite": "Expéditions réalisées :",
        "typePoint": "lighthouse"
      }
    },
    {
      "type": "Feature",
      "id": "ID146",
      "geometry": {
        "type": "Point",
        "coordinates": [
          -5.0267,
          48.4383
        ]
      },
      "properties": {
        "idPage": 146,
        "nom": "Men Tensel - Kereon",
        "dplf": "",
        "accessibilite": "Bateau",
        "structure": "Tour grise",
        "validationExpedition": "Oui",
        "departement": "29",
        "wlotta": "Oui",
        "positionDMS": "48°26,3 N 005°01,6 W",
        "recherchePourcentage": "100%",
        "derniereActivite": "Expéditions réalisées :",
        "typePoint": "lighthouse"
      }
    },
    {
      "type": "Feature",
      "id": "ID147",
      "geometry": {
        "type": "Point",
        "coordinates": [
          -5.135,
          48.4233
        ]
      },
      "properties": {
        "idPage": 147,
        "nom": "La Jument",
        "dplf": "",
        "accessibilite": "Bateau",
        "structure": "Tour octogonale grise haut rouge",
        "validationExpedition": "Oui",
        "departement": "29",
        "wlotta": "Oui",
        "positionDMS": "48°25,4 N 005°08,1 W",
        "recherchePourcentage": "100%",
        "derniereActivite": "Expéditions réalisées :",
        "typePoint": "lighthouse"
      }
    },
    {
      "type": "Feature",
      "id": "ID148",
      "geometry": {
        "type": "Point",
        "coordinates": [
          -4.7567,
          48.0417
        ]
      },
      "properties": {
        "idPage": 148,
        "nom": "La Vieille",
        "dplf": "",
        "accessibilite": "Bateau",
        "structure": "Tour carrée grise haut noir",
        "validationExpedition": "Oui",
        "departement": "29",
        "wlotta": "Oui",
        "positionDMS": "48°02,5 N 004°45,4 W",
        "recherchePourcentage": "100%",
        "derniereActivite": "Expéditions réalisées :",
        "typePoint": "lighthouse"
      }
    },
    {
      "type": "Feature",
      "id": "ID149",
      "geometry": {
        "type": "Point",
        "coordinates": [
          -4.915,
          48.3117
        ]
      },
      "properties": {
        "idPage": 149,
        "nom": "Les Pierres Noires",
        "dplf": "",
        "accessibilite": "Bateau",
        "structure": "Tour tronconique blanche haut rouge",
        "validationExpedition": "Oui",
        "departement": "29",
        "wlotta": "Oui",
        "positionDMS": "48°18,7 N 004°54,9 W",
        "recherchePourcentage": "100%",
        "derniereActivite": "Expéditions réalisées :",
        "typePoint": "lighthouse"
      }
    },
    {
      "type": "Feature",
      "id": "ID150",
      "geometry": {
        "type": "Point",
        "coordinates": [
          -3.9533,
          47.7217
        ]
      },
      "properties": {
        "idPage": 150,
        "nom": "Ile de Penfret",
        "dplf": "",
        "accessibilite": "Bateau",
        "structure": "Tour carrée blanche haut rouge",
        "validationExpedition": "Oui",
        "departement": "29",
        "wlotta": "Oui",
        "positionDMS": "47°43,3 N 003°57,2 W",
        "recherchePourcentage": "38%",
        "derniereActivite": "2016",
        "typePoint": "lighthouse"
      }
    },
    {
      "type": "Feature",
      "id": "ID152",
      "geometry": {
        "type": "Point",
        "coordinates": [
          -4.5767,
          48.615
        ]
      },
      "properties": {
        "idPage": 152,
        "nom": "Ile Wrac'h",
        "dplf": "",
        "accessibilite": "Bateau",
        "structure": "Tour carrée blanche haut orange et maison",
        "validationExpedition": "Oui",
        "departement": "29",
        "wlotta": "Oui",
        "positionDMS": "48°36,9 N 004°34,6 W",
        "recherchePourcentage": "48%",
        "derniereActivite": "2015",
        "typePoint": "lighthouse"
      }
    },
    {
      "type": "Feature",
      "id": "ID153",
      "geometry": {
        "type": "Point",
        "coordinates": [
          -5.1517,
          48.4467
        ]
      },
      "properties": {
        "idPage": 153,
        "nom": "Nividic",
        "dplf": "",
        "accessibilite": "Bateau",
        "structure": "Tour octogonale grise",
        "validationExpedition": "Oui",
        "departement": "29",
        "wlotta": "Oui",
        "positionDMS": "48°26,8 N 005°09,1 W",
        "recherchePourcentage": "100%",
        "derniereActivite": "2009",
        "typePoint": "lighthouse"
      }
    },
    {
      "type": "Feature",
      "id": "ID154",
      "geometry": {
        "type": "Point",
        "coordinates": [
          -3.8767,
          48.6733
        ]
      },
      "properties": {
        "idPage": 154,
        "nom": "Ile Noire",
        "dplf": "",
        "accessibilite": "Bateau",
        "structure": "Tour carrée blanchie vers le large lanterne rouge",
        "validationExpedition": "Oui",
        "departement": "29",
        "wlotta": "Oui",
        "positionDMS": "48°40,4 N 003°52,6 W",
        "recherchePourcentage": "81%",
        "derniereActivite": "2012",
        "typePoint": "lighthouse"
      }
    },
    {
      "type": "Feature",
      "id": "ID155",
      "geometry": {
        "type": "Point",
        "coordinates": [
          -4.3383,
          48.1033
        ]
      },
      "properties": {
        "idPage": 155,
        "nom": "Ile Tristan",
        "dplf": "",
        "accessibilite": "Bateau",
        "structure": "Tour grise bande blanche haut noir",
        "validationExpedition": "Oui",
        "departement": "29",
        "wlotta": "Oui",
        "positionDMS": "48°06,2 N 004°20,3 W",
        "recherchePourcentage": "71%",
        "derniereActivite": "2008",
        "typePoint": "lighthouse"
      }
    },
    {
      "type": "Feature",
      "id": "ID156",
      "geometry": {
        "type": "Point",
        "coordinates": [
          -4.7317,
          48.5867
        ]
      },
      "properties": {
        "idPage": 156,
        "nom": "Corn Carhai",
        "dplf": "",
        "accessibilite": "Bateau",
        "structure": "Tour octogonale blanche haut noir",
        "validationExpedition": "Oui",
        "departement": "29",
        "wlotta": "Oui",
        "positionDMS": "48°35,2 N 004°43,9 W",
        "recherchePourcentage": "100%",
        "derniereActivite": "Expéditions réalisées :",
        "typePoint": "lighthouse"
      }
    },
    {
      "type": "Feature",
      "id": "ID157",
      "geometry": {
        "type": "Point",
        "coordinates": [
          -3.885,
          48.6367
        ]
      },
      "properties": {
        "idPage": 157,
        "nom": "La Lande",
        "dplf": "",
        "accessibilite": "Voiture",
        "structure": "Tour carrée blanche haut noir",
        "validationExpedition": "Oui",
        "departement": "29",
        "wlotta": "Oui",
        "positionDMS": "48°38,2 N 003°53,1 W",
        "recherchePourcentage": "29%",
        "derniereActivite": "2009",
        "typePoint": "lighthouse"
      }
    },
    {
      "type": "Feature",
      "id": "ID158",
      "geometry": {
        "type": "Point",
        "coordinates": [
          -4.0267,
          48.7467
        ]
      },
      "properties": {
        "idPage": 158,
        "nom": "Ile de Batz",
        "dplf": "",
        "accessibilite": "Bateau",
        "structure": "Tour grise lanterne noire",
        "validationExpedition": "Oui",
        "departement": "29",
        "wlotta": "Oui",
        "positionDMS": "48°44,8 N 004°01,6 W",
        "recherchePourcentage": "57%",
        "derniereActivite": "2010",
        "typePoint": "lighthouse"
      }
    },
    {
      "type": "Feature",
      "id": "ID159",
      "geometry": {
        "type": "Point",
        "coordinates": [
          -3.98,
          48.7233
        ]
      },
      "properties": {
        "idPage": 159,
        "nom": "Roscoff Rear",
        "dplf": "",
        "accessibilite": "Voiture",
        "structure": "Tour carrée grise blanchie",
        "validationExpedition": "Oui",
        "departement": "29",
        "wlotta": "Oui",
        "positionDMS": "48°43,4 N 003°58,8 W",
        "recherchePourcentage": "48%",
        "derniereActivite": "2008",
        "typePoint": "lighthouse"
      }
    },
    {
      "type": "Feature",
      "id": "ID160",
      "geometry": {
        "type": "Point",
        "coordinates": [
          -4.3467,
          48.6783
        ]
      },
      "properties": {
        "idPage": 160,
        "nom": "Pontusval - Pointe de Beg Pol",
        "dplf": "",
        "accessibilite": "Voiture",
        "structure": "Tour carrée et maison blanches haut noir",
        "validationExpedition": "Oui",
        "departement": "29",
        "wlotta": "Oui",
        "positionDMS": "48°40,7 N 004°20,8 W",
        "recherchePourcentage": "38%",
        "derniereActivite": "2014",
        "typePoint": "lighthouse"
      }
    },
    {
      "type": "Feature",
      "id": "ID161",
      "geometry": {
        "type": "Point",
        "coordinates": [
          -5.13,
          48.46
        ]
      },
      "properties": {
        "idPage": 161,
        "nom": "Pointe de Creac'h",
        "dplf": "",
        "accessibilite": "Bateau",
        "structure": "Tour bandes noires et blanches",
        "validationExpedition": "Oui",
        "departement": "29",
        "wlotta": "Oui",
        "positionDMS": "48°27,6 N 005°07,8 W",
        "recherchePourcentage": "95%",
        "derniereActivite": "2007",
        "typePoint": "lighthouse"
      }
    },
    {
      "type": "Feature",
      "id": "ID162",
      "geometry": {
        "type": "Point",
        "coordinates": [
          -5.0567,
          48.475
        ]
      },
      "properties": {
        "idPage": 162,
        "nom": "Le Stiff",
        "dplf": "",
        "accessibilite": "Bateau",
        "structure": "2 tours blanches accolées",
        "validationExpedition": "Oui",
        "departement": "29",
        "wlotta": "Oui",
        "positionDMS": "48°28,5 N 005°03,4 W",
        "recherchePourcentage": "90%",
        "derniereActivite": "2007",
        "typePoint": "lighthouse"
      }
    },
    {
      "type": "Feature",
      "id": "ID163",
      "geometry": {
        "type": "Point",
        "coordinates": [
          -4.7717,
          48.33
        ]
      },
      "properties": {
        "idPage": 163,
        "nom": "Saint Mathieu",
        "dplf": "",
        "accessibilite": "Voiture",
        "structure": "Tour tronconique blanche haut rouge",
        "validationExpedition": "Oui",
        "departement": "29",
        "wlotta": "Oui",
        "positionDMS": "48°19,8 N 004°46,3 W",
        "recherchePourcentage": "81%",
        "derniereActivite": "2015",
        "typePoint": "lighthouse"
      }
    },
    {
      "type": "Feature",
      "id": "ID164",
      "geometry": {
        "type": "Point",
        "coordinates": [
          -4.765,
          48.3433
        ]
      },
      "properties": {
        "idPage": 164,
        "nom": "Lochrist",
        "dplf": "",
        "accessibilite": "Voiture",
        "structure": "Tour octogonale blanche à haut rouge",
        "validationExpedition": "Oui",
        "departement": "29",
        "wlotta": "Oui",
        "positionDMS": "48°20,6 N 004°45,9 W",
        "recherchePourcentage": "100%",
        "derniereActivite": "2007",
        "typePoint": "lighthouse"
      }
    },
    {
      "type": "Feature",
      "id": "ID165",
      "geometry": {
        "type": "Point",
        "coordinates": [
          -4.78,
          48.4233
        ]
      },
      "properties": {
        "idPage": 165,
        "nom": "Trezien",
        "dplf": "",
        "accessibilite": "Voiture",
        "structure": "Tour tronconique grise et blanche",
        "validationExpedition": "Oui",
        "departement": "29",
        "wlotta": "Oui",
        "positionDMS": "48°25,4 N 004°46,8 W",
        "recherchePourcentage": "100%",
        "derniereActivite": "2016",
        "typePoint": "lighthouse"
      }
    },
    {
      "type": "Feature",
      "id": "ID166",
      "geometry": {
        "type": "Point",
        "coordinates": [
          -4.79,
          48.3617
        ]
      },
      "properties": {
        "idPage": 166,
        "nom": "Kermorvan",
        "dplf": "",
        "accessibilite": "A Pieds",
        "structure": "Tour carrée blanche",
        "validationExpedition": "Oui",
        "departement": "29",
        "wlotta": "Oui",
        "positionDMS": "48°21,7 N 004°47,4 W",
        "recherchePourcentage": "86%",
        "derniereActivite": "2009",
        "typePoint": "lighthouse"
      }
    },
    {
      "type": "Feature",
      "id": "ID167",
      "geometry": {
        "type": "Point",
        "coordinates": [
          -4.4983,
          48.22
        ]
      },
      "properties": {
        "idPage": 167,
        "nom": "Pointe de Morgat",
        "dplf": "",
        "accessibilite": "Voiture",
        "structure": "Tour carrée blanche haut rouge",
        "validationExpedition": "Oui",
        "departement": "29",
        "wlotta": "Oui",
        "positionDMS": "48°13,2 N 004°29,9 W",
        "recherchePourcentage": "76%",
        "derniereActivite": "2008",
        "typePoint": "lighthouse"
      }
    },
    {
      "type": "Feature",
      "id": "ID168",
      "geometry": {
        "type": "Point",
        "coordinates": [
          -4.465,
          48.0983
        ]
      },
      "properties": {
        "idPage": 168,
        "nom": "Pointe du Millier",
        "dplf": "",
        "accessibilite": "A Pieds",
        "structure": "Maison blanche",
        "validationExpedition": "Oui",
        "departement": "29",
        "wlotta": "Oui",
        "positionDMS": "48°05,9 N 004°27,9 W",
        "recherchePourcentage": "100%",
        "derniereActivite": "2002",
        "typePoint": "lighthouse"
      }
    },
    {
      "type": "Feature",
      "id": "ID169",
      "geometry": {
        "type": "Point",
        "coordinates": [
          -4.8517,
          48.0433
        ]
      },
      "properties": {
        "idPage": 169,
        "nom": "Ile de Sein - Grand Phare",
        "dplf": "",
        "accessibilite": "Bateau, à pieds",
        "structure": "Tour tronconique blanche haut noir",
        "validationExpedition": "Oui",
        "departement": "29",
        "wlotta": "Oui",
        "positionDMS": "48°02,6 N 004°51,1 W",
        "recherchePourcentage": "90%",
        "derniereActivite": "2005",
        "typePoint": "lighthouse"
      }
    },
    {
      "type": "Feature",
      "id": "ID170",
      "geometry": {
        "type": "Point",
        "coordinates": [
          -3.855,
          47.7933
        ]
      },
      "properties": {
        "idPage": 170,
        "nom": "Trévignon Jetée",
        "dplf": "",
        "accessibilite": "A Pieds",
        "structure": "Tour carrée blanche haut vert",
        "validationExpedition": "Oui",
        "departement": "29",
        "wlotta": "Oui",
        "positionDMS": "47°47,6 N 003°51,3 W",
        "recherchePourcentage": "86%",
        "derniereActivite": "2016",
        "typePoint": "lighthouse"
      }
    },
    {
      "type": "Feature",
      "id": "ID171",
      "geometry": {
        "type": "Point",
        "coordinates": [
          -4.63,
          48.28
        ]
      },
      "properties": {
        "idPage": 171,
        "nom": "Pointe du Toulinguet",
        "dplf": "",
        "accessibilite": "A Pieds",
        "structure": "Tour carrée et maison blanche",
        "validationExpedition": "Oui",
        "departement": "29",
        "wlotta": "Oui",
        "positionDMS": "48°16,8 N 004°37,8 W",
        "recherchePourcentage": "86%",
        "derniereActivite": "Expéditions réalisées :",
        "typePoint": "lighthouse"
      }
    },
    {
      "type": "Feature",
      "id": "ID172",
      "geometry": {
        "type": "Point",
        "coordinates": [
          -4.615,
          48.3367
        ]
      },
      "properties": {
        "idPage": 172,
        "nom": "Pointe du Petit Minou",
        "dplf": "",
        "accessibilite": "A Pieds",
        "structure": "Tour grise et blanche haut rouge",
        "validationExpedition": "Oui",
        "departement": "29",
        "wlotta": "Oui",
        "positionDMS": "48°20,2 N 004°36,9 W",
        "recherchePourcentage": "86%",
        "derniereActivite": "1999",
        "typePoint": "lighthouse"
      }
    },
    {
      "type": "Feature",
      "id": "ID173",
      "geometry": {
        "type": "Point",
        "coordinates": [
          -4.5333,
          48.36
        ]
      },
      "properties": {
        "idPage": 173,
        "nom": "Pointe du Portzic",
        "dplf": "",
        "accessibilite": "A Pieds (Terrain Militaire)",
        "structure": "Tour octogonale grise",
        "validationExpedition": "Oui",
        "departement": "29",
        "wlotta": "Oui",
        "positionDMS": "48°21,6 N 004°32,0 W",
        "recherchePourcentage": "100%",
        "derniereActivite": "Expéditions réalisées :",
        "typePoint": "lighthouse"
      }
    },
    {
      "type": "Feature",
      "id": "ID174",
      "geometry": {
        "type": "Point",
        "coordinates": [
          -4.5667,
          48.0017
        ]
      },
      "properties": {
        "idPage": 174,
        "nom": "Pointe de Lervily",
        "dplf": "",
        "accessibilite": "Voiture",
        "structure": "Tour blanche de l'ancien Sémaphore haut rouge",
        "validationExpedition": "Oui",
        "departement": "29",
        "wlotta": "Oui",
        "positionDMS": "48°00,1 N 004°34,0 W",
        "recherchePourcentage": "86%",
        "derniereActivite": "2017",
        "typePoint": "lighthouse"
      }
    },
    {
      "type": "Feature",
      "id": "ID175",
      "geometry": {
        "type": "Point",
        "coordinates": [
          -4.3733,
          47.7983
        ]
      },
      "properties": {
        "idPage": 175,
        "nom": "Pointe de Penmarc'h",
        "dplf": "",
        "accessibilite": "Voiture",
        "structure": "Tour octogonale grise",
        "validationExpedition": "Oui",
        "departement": "29",
        "wlotta": "Oui",
        "positionDMS": "47°47,9 N 004°22,4 W",
        "recherchePourcentage": "81%",
        "derniereActivite": "2008",
        "typePoint": "lighthouse"
      }
    },
    {
      "type": "Feature",
      "id": "ID176",
      "geometry": {
        "type": "Point",
        "coordinates": [
          -4.275,
          47.7967
        ]
      },
      "properties": {
        "idPage": 176,
        "nom": "Le Guilvinec - Rear",
        "dplf": "",
        "accessibilite": "Voiture",
        "structure": "Tour rectangulaire blanche bande verticale rouge",
        "validationExpedition": "Oui",
        "departement": "29",
        "wlotta": "Oui",
        "positionDMS": "47°47,8 N 004°16,5 W",
        "recherchePourcentage": "76%",
        "derniereActivite": "2007",
        "typePoint": "lighthouse"
      }
    },
    {
      "type": "Feature",
      "id": "ID177",
      "geometry": {
        "type": "Point",
        "coordinates": [
          -4.16,
          47.8317
        ]
      },
      "properties": {
        "idPage": 177,
        "nom": "Pointe de Langoz",
        "dplf": "",
        "accessibilite": "Voiture",
        "structure": "Tour blanche haut rouge",
        "validationExpedition": "Oui",
        "departement": "29",
        "wlotta": "Oui",
        "positionDMS": "47°49,9 N 004°09,6 W",
        "recherchePourcentage": "81%",
        "derniereActivite": "2007",
        "typePoint": "lighthouse"
      }
    },
    {
      "type": "Feature",
      "id": "ID178",
      "geometry": {
        "type": "Point",
        "coordinates": [
          -3.9183,
          47.87
        ]
      },
      "properties": {
        "idPage": 178,
        "nom": "La Croix",
        "dplf": "",
        "accessibilite": "Voiture",
        "structure": "Tour rouge et blanche",
        "validationExpedition": "Oui",
        "departement": "29",
        "wlotta": "Oui",
        "positionDMS": "47°52,2 N 003°55,1 W",
        "recherchePourcentage": "100%",
        "derniereActivite": "2001",
        "typePoint": "lighthouse"
      }
    },
    {
      "type": "Feature",
      "id": "ID179",
      "geometry": {
        "type": "Point",
        "coordinates": [
          -4.5367,
          48.61
        ]
      },
      "properties": {
        "idPage": 179,
        "nom": "Lanvaon - Rear",
        "dplf": "",
        "accessibilite": "Voiture",
        "structure": "Tour rectangulaire blanche haut orange",
        "validationExpedition": "Oui",
        "departement": "29",
        "wlotta": "Oui",
        "positionDMS": "48°36,6 N 004°32,2 W",
        "recherchePourcentage": "43%",
        "derniereActivite": "2015",
        "typePoint": "lighthouse"
      }
    },
    {
      "type": "Feature",
      "id": "ID180",
      "geometry": {
        "type": "Point",
        "coordinates": [
          -3.9617,
          48.72
        ]
      },
      "properties": {
        "idPage": 180,
        "nom": "Bloscon - Jetée",
        "dplf": "",
        "accessibilite": "A Pieds",
        "structure": "Tourelle blanche haut vert",
        "validationExpedition": "Oui",
        "departement": "29",
        "wlotta": "Oui",
        "positionDMS": "48°43,2 N 003°57,7 W",
        "recherchePourcentage": "100%",
        "derniereActivite": "Expéditions réalisées :",
        "typePoint": "lighthouse"
      }
    },
    {
      "type": "Feature",
      "id": "ID181",
      "geometry": {
        "type": "Point",
        "coordinates": [
          -4.76,
          48.4717
        ]
      },
      "properties": {
        "idPage": 181,
        "nom": "Aber Ildut",
        "dplf": "",
        "accessibilite": "Voiture",
        "structure": "Construction blanche",
        "validationExpedition": "Oui",
        "departement": "29",
        "wlotta": "Oui",
        "positionDMS": "48°28,3 N 004°45,6 W",
        "recherchePourcentage": "100%",
        "derniereActivite": "2008",
        "typePoint": "lighthouse"
      }
    },
    {
      "type": "Feature",
      "id": "ID182",
      "geometry": {
        "type": "Point",
        "coordinates": [
          -4.795,
          48.415
        ]
      },
      "properties": {
        "idPage": 182,
        "nom": "Pointe de Corsen",
        "dplf": "",
        "accessibilite": "Voiture",
        "structure": "Abri et murs blancs",
        "validationExpedition": "Oui",
        "departement": "29",
        "wlotta": "Oui",
        "positionDMS": "48°24,9 N 004°47,7 W",
        "recherchePourcentage": "86%",
        "derniereActivite": "2014",
        "typePoint": "lighthouse"
      }
    },
    {
      "type": "Feature",
      "id": "ID183",
      "geometry": {
        "type": "Point",
        "coordinates": [
          -4.5467,
          48.0167
        ]
      },
      "properties": {
        "idPage": 183,
        "nom": "Kergadec",
        "dplf": "",
        "accessibilite": "Voiture",
        "structure": "Audierne - Tour octogonale blanche haut rouge",
        "validationExpedition": "Oui",
        "departement": "29",
        "wlotta": "Oui",
        "positionDMS": "48°01,0 N 004°32,8 W",
        "recherchePourcentage": "86%",
        "derniereActivite": "2017",
        "typePoint": "lighthouse"
      }
    },
    {
      "type": "Feature",
      "id": "ID184",
      "geometry": {
        "type": "Point",
        "coordinates": [
          -3.6083,
          47.7717
        ]
      },
      "properties": {
        "idPage": 184,
        "nom": "Doelan Aval",
        "dplf": "",
        "accessibilite": "Voiture",
        "structure": "Tour blanche bande et haut vert",
        "validationExpedition": "Oui",
        "departement": "29",
        "wlotta": "Oui",
        "positionDMS": "47°46,3 N 003°36,5 W",
        "recherchePourcentage": "48%",
        "derniereActivite": "2015",
        "typePoint": "lighthouse"
      }
    },
    {
      "type": "Feature",
      "id": "ID185",
      "geometry": {
        "type": "Point",
        "coordinates": [
          -3.605,
          47.775
        ]
      },
      "properties": {
        "idPage": 185,
        "nom": "Doelan Amont",
        "dplf": "",
        "accessibilite": "Voiture",
        "structure": "Tour blanche bande et haut rouges",
        "validationExpedition": "Oui",
        "departement": "29",
        "wlotta": "Oui",
        "positionDMS": "47°46,5 N 003°36,3 W",
        "recherchePourcentage": "90%",
        "derniereActivite": "2015",
        "typePoint": "lighthouse"
      }
    },
    {
      "type": "Feature",
      "id": "ID186",
      "geometry": {
        "type": "Point",
        "coordinates": [
          -4.85,
          48.0383
        ]
      },
      "properties": {
        "idPage": 186,
        "nom": "Men Brial - Ile de Sein",
        "dplf": "",
        "accessibilite": "Bateau",
        "structure": "Tour verte et blanche",
        "validationExpedition": "Oui",
        "departement": "29",
        "wlotta": "Oui",
        "positionDMS": "48°02,3 N 004°51,0 W",
        "recherchePourcentage": "100%",
        "derniereActivite": "Expéditions réalisées :",
        "typePoint": "lighthouse"
      }
    },
    {
      "type": "Feature",
      "id": "ID187",
      "geometry": {
        "type": "Point",
        "coordinates": [
          -3.74,
          47.8
        ]
      },
      "properties": {
        "idPage": 187,
        "nom": "Port Manec'h - Beg Ar Vechen",
        "dplf": "",
        "accessibilite": "Voiture",
        "structure": "Tour rouge et blanche",
        "validationExpedition": "Oui",
        "departement": "29",
        "wlotta": "Oui",
        "positionDMS": "47°48,0 N 003°44,4 W",
        "recherchePourcentage": "92%",
        "derniereActivite": "2016",
        "typePoint": "lighthouse"
      }
    },
    {
      "type": "Feature",
      "id": "ID188",
      "geometry": {
        "type": "Point",
        "coordinates": [
          -4.5417,
          48.01
        ]
      },
      "properties": {
        "idPage": 188,
        "nom": "Raoulic - Jetée - Audierne",
        "dplf": "",
        "accessibilite": "A pieds",
        "structure": "Tour blanche",
        "validationExpedition": "Oui",
        "departement": "29",
        "wlotta": "Oui",
        "positionDMS": "48°00,6 N 004°32,5 W",
        "recherchePourcentage": "100%",
        "derniereActivite": "Expéditions réalisées :",
        "typePoint": "lighthouse"
      }
    },
    {
      "type": "Feature",
      "id": "ID189",
      "geometry": {
        "type": "Point",
        "coordinates": [
          -4.4667,
          47.985
        ]
      },
      "properties": {
        "idPage": 189,
        "nom": "Pors Poulhan",
        "dplf": "",
        "accessibilite": "Voiture",
        "structure": "Tourelle carrée blanche haut rouge",
        "validationExpedition": "Oui",
        "departement": "29",
        "wlotta": "Oui",
        "positionDMS": "47°59,1 N 004°28,0 W",
        "recherchePourcentage": "100%",
        "derniereActivite": "2008",
        "typePoint": "lighthouse"
      }
    },
    {
      "type": "Feature",
      "id": "ID190",
      "geometry": {
        "type": "Point",
        "coordinates": [
          -4.2783,
          47.785
        ]
      },
      "properties": {
        "idPage": 190,
        "nom": "Lost Moan",
        "dplf": "",
        "accessibilite": "Bateau",
        "structure": "Tour blanche haut rouge",
        "validationExpedition": "Oui",
        "departement": "29",
        "wlotta": "?",
        "positionDMS": "47°47,1 N 004°16,7 W",
        "recherchePourcentage": "100%",
        "derniereActivite": "Expéditions réalisées :",
        "typePoint": "lighthouse"
      }
    },
    {
      "type": "Feature",
      "id": "ID191",
      "geometry": {
        "type": "Point",
        "coordinates": [
          -4.2833,
          47.7933
        ]
      },
      "properties": {
        "idPage": 191,
        "nom": "Guilvinec - Entrée Nord - Môle en Epi",
        "dplf": "",
        "accessibilite": "Voiture",
        "structure": "Tour blanche haut rouge",
        "validationExpedition": "Oui",
        "departement": "29",
        "wlotta": "Oui",
        "positionDMS": "47°47,6 N 004°17,0 W",
        "recherchePourcentage": "100%",
        "derniereActivite": "Expéditions réalisées :",
        "typePoint": "lighthouse"
      }
    },
    {
      "type": "Feature",
      "id": "ID192",
      "geometry": {
        "type": "Point",
        "coordinates": [
          -4.54,
          48.0067
        ]
      },
      "properties": {
        "idPage": 192,
        "nom": "Trescadec - Audierne",
        "dplf": "",
        "accessibilite": "Voiture",
        "structure": "Vieux phare",
        "validationExpedition": "Oui",
        "departement": "29",
        "wlotta": "Oui",
        "positionDMS": "48°00,4 N 004°32,4 W",
        "recherchePourcentage": "95%",
        "derniereActivite": "2008",
        "typePoint": "lighthouse"
      }
    },
    {
      "type": "Feature",
      "id": "ID193",
      "geometry": {
        "type": "Point",
        "coordinates": [
          -4.1117,
          47.865
        ]
      },
      "properties": {
        "idPage": 193,
        "nom": "Pointe de Combrit",
        "dplf": "",
        "accessibilite": "Voiture",
        "structure": "Tour carrée blanche, angles gris",
        "validationExpedition": "Oui",
        "departement": "29",
        "wlotta": "Oui",
        "positionDMS": "47°51,9 N 004°06,7 W",
        "recherchePourcentage": "95%",
        "derniereActivite": "2016",
        "typePoint": "lighthouse"
      }
    },
    {
      "type": "Feature",
      "id": "ID194",
      "geometry": {
        "type": "Point",
        "coordinates": [
          -5.0533,
          48.47
        ]
      },
      "properties": {
        "idPage": 194,
        "nom": "Port du Stiff - Môle Est",
        "dplf": "",
        "accessibilite": "Bateau",
        "structure": "Tourelle blanche haut vert",
        "validationExpedition": "Oui",
        "departement": "29",
        "wlotta": "Oui",
        "positionDMS": "48°28,2 N 005°03,2 W",
        "recherchePourcentage": "100%",
        "derniereActivite": "Expéditions réalisées :",
        "typePoint": "lighthouse"
      }
    },
    {
      "type": "Feature",
      "id": "ID195",
      "geometry": {
        "type": "Point",
        "coordinates": [
          -4.075,
          48.69
        ]
      },
      "properties": {
        "idPage": 195,
        "nom": "Mogueriec - Front",
        "dplf": "",
        "accessibilite": "A Pieds",
        "structure": "Tour blanche haut vert",
        "validationExpedition": "Oui",
        "departement": "29",
        "wlotta": "Oui",
        "positionDMS": "48°41,4 N 004°04,5 W",
        "recherchePourcentage": "100%",
        "derniereActivite": "Expéditions réalisées :",
        "typePoint": "lighthouse"
      }
    },
    {
      "type": "Feature",
      "id": "ID196",
      "geometry": {
        "type": "Point",
        "coordinates": [
          -3.9,
          47.8883
        ]
      },
      "properties": {
        "idPage": 196,
        "nom": "Beuzec",
        "dplf": "",
        "accessibilite": "Voiture",
        "structure": "Clocher de l'église",
        "validationExpedition": "Oui",
        "departement": "29",
        "wlotta": "Oui",
        "positionDMS": "47°53,3 N 003°54,0 W",
        "recherchePourcentage": "95%",
        "derniereActivite": "2016",
        "typePoint": "lighthouse"
      }
    },
    {
      "type": "Feature",
      "id": "ID197",
      "geometry": {
        "type": "Point",
        "coordinates": [
          0.0,
          0.0
        ]
      },
      "properties": {
        "idPage": 197,
        "nom": "Ile d'Ouessant",
        "dplf": "",
        "accessibilite": "Bateau",
        "structure": "Validation expédition : Non (sans carte de validation : votre expédition ne sera pas comptabilisée pour les diplômes expéditionnaires)",
        "validationExpedition": "Non (sans carte de validation : votre expédition ne sera pas comptabilisée pour les diplômes expéditionnaires)",
        "departement": "29",
        "wlotta": "Oui",
        "positionDMS": "48°27,5N 005°04,6W",
        "recherchePourcentage": "90%",
        "derniereActivite": "2023",
        "typePoint": "lighthouse"
      }
    },
    {
      "type": "Feature",
      "id": "ID198",
      "geometry": {
        "type": "Point",
        "coordinates": [
          -4.8517,
          48.0367
        ]
      },
      "properties": {
        "idPage": 198,
        "nom": "Ile de Sein",
        "dplf": "",
        "accessibilite": "Bateau",
        "structure": "Validation expédition : Non",
        "validationExpedition": "Non",
        "departement": "29",
        "wlotta": "Oui",
        "positionDMS": "48°02,2 N 004°51,1 W",
        "recherchePourcentage": "90%",
        "derniereActivite": "2019",
        "typePoint": "lighthouse"
      }
    },
    {
      "type": "Feature",
      "id": "ID199",
      "geometry": {
        "type": "Point",
        "coordinates": [
          -4.0133,
          48.7467
        ]
      },
      "properties": {
        "idPage": 199,
        "nom": "Ile de Batz",
        "dplf": "",
        "accessibilite": "Bateau",
        "structure": "Validation expédition : Non (sans carte de validation : votre expédition ne sera pas comptabilisée pour les diplômes expéditionnaires)",
        "validationExpedition": "Non (sans carte de validation : votre expédition ne sera pas comptabilisée pour les diplômes expéditionnaires)",
        "departement": "29",
        "wlotta": "Oui",
        "positionDMS": "48°44,8 N 004°00,8 W",
        "recherchePourcentage": "100%",
        "derniereActivite": "2022",
        "typePoint": "lighthouse"
      }
    },
    {
      "type": "Feature",
      "id": "ID200",
      "geometry": {
        "type": "Point",
        "coordinates": [
          -1.1733,
          45.5867
        ]
      },
      "properties": {
        "idPage": 200,
        "nom": "Cordouan",
        "dplf": "",
        "accessibilite": "Bateau",
        "structure": "Tour blanche haut gris",
        "validationExpedition": "Oui",
        "departement": "33",
        "wlotta": "Oui",
        "positionDMS": "45°35,2 N 001°10,4 W",
        "recherchePourcentage": "100%",
        "derniereActivite": "2005",
        "typePoint": "lighthouse"
      }
    },
    {
      "type": "Feature",
      "id": "ID201",
      "geometry": {
        "type": "Point",
        "coordinates": [
          -1.2467,
          44.6483
        ]
      },
      "properties": {
        "idPage": 201,
        "nom": "Cap Ferret",
        "dplf": "",
        "accessibilite": "Voiture",
        "structure": "Tour blanche haut rouge",
        "validationExpedition": "Oui",
        "departement": "33",
        "wlotta": "Oui",
        "positionDMS": "44°38,9 N 001°14,8 W",
        "recherchePourcentage": "81%",
        "derniereActivite": "2013",
        "typePoint": "lighthouse"
      }
    },
    {
      "type": "Feature",
      "id": "ID202",
      "geometry": {
        "type": "Point",
        "coordinates": [
          -1.1617,
          45.1417
        ]
      },
      "properties": {
        "idPage": 202,
        "nom": "Hourtin",
        "dplf": "",
        "accessibilite": "A pieds",
        "structure": "Tour carrée rouge en briques",
        "validationExpedition": "Oui",
        "departement": "33",
        "wlotta": "Oui",
        "positionDMS": "45°08,5 N 001°09,7 W",
        "recherchePourcentage": "81%",
        "derniereActivite": "2003",
        "typePoint": "lighthouse"
      }
    },
    {
      "type": "Feature",
      "id": "ID203",
      "geometry": {
        "type": "Point",
        "coordinates": [
          -1.065,
          45.57
        ]
      },
      "properties": {
        "idPage": 203,
        "nom": "Pointe de Grave",
        "dplf": "",
        "accessibilite": "Voiture",
        "structure": "Tour blanche haut noir",
        "validationExpedition": "Oui",
        "departement": "33",
        "wlotta": "Oui",
        "positionDMS": "45°34,2 N 001°03,9 W",
        "recherchePourcentage": "100%",
        "derniereActivite": "2019",
        "typePoint": "lighthouse"
      }
    },
    {
      "type": "Feature",
      "id": "ID204",
      "geometry": {
        "type": "Point",
        "coordinates": [
          -3.925,
          45.4367
        ]
      },
      "properties": {
        "idPage": 204,
        "nom": "Phare de Richard",
        "dplf": "",
        "accessibilite": "Voiture",
        "structure": "Tour Grise",
        "validationExpedition": "Oui",
        "departement": "33",
        "wlotta": "Oui",
        "positionDMS": "45°26,2 N 003°55,5 W",
        "recherchePourcentage": "100%",
        "derniereActivite": "2018",
        "typePoint": "lighthouse"
      }
    },
    {
      "type": "Feature",
      "id": "ID205",
      "geometry": {
        "type": "Point",
        "coordinates": [
          3.5017,
          43.2633
        ]
      },
      "properties": {
        "idPage": 205,
        "nom": "Ile de Brescou",
        "dplf": "",
        "accessibilite": "Bateau",
        "structure": "Tour blanche haut rouge",
        "validationExpedition": "Oui",
        "departement": "34",
        "wlotta": "Oui",
        "positionDMS": "43°15,8 N 003°30,1 E",
        "recherchePourcentage": "90%",
        "derniereActivite": "2017",
        "typePoint": "lighthouse"
      }
    },
    {
      "type": "Feature",
      "id": "ID206",
      "geometry": {
        "type": "Point",
        "coordinates": [
          3.69,
          43.395
        ]
      },
      "properties": {
        "idPage": 206,
        "nom": "Mont de Sète - Mont Saint Clair",
        "dplf": "",
        "accessibilite": "Voiture",
        "structure": "Tour blanche haut rouge",
        "validationExpedition": "Oui",
        "departement": "34",
        "wlotta": "Oui",
        "positionDMS": "43°23,7 N 003°41,4 E",
        "recherchePourcentage": "52%",
        "derniereActivite": "2005",
        "typePoint": "lighthouse"
      }
    },
    {
      "type": "Feature",
      "id": "ID208",
      "geometry": {
        "type": "Point",
        "coordinates": [
          3.705,
          43.3983
        ]
      },
      "properties": {
        "idPage": 208,
        "nom": "Mole Saint Louis",
        "dplf": "",
        "accessibilite": "Voiture",
        "structure": "Tour blanche lanterne rouge",
        "validationExpedition": "Oui",
        "departement": "34",
        "wlotta": "Oui",
        "positionDMS": "43°23,9 N 003°42,3 E",
        "recherchePourcentage": "48%",
        "derniereActivite": "2018",
        "typePoint": "lighthouse"
      }
    },
    {
      "type": "Feature",
      "id": "ID209",
      "geometry": {
        "type": "Point",
        "coordinates": [
          3.7167,
          43.3983
        ]
      },
      "properties": {
        "idPage": 209,
        "nom": "Epi Dellon",
        "dplf": "",
        "accessibilite": "Bateau",
        "structure": "Tour blanche haut rouge",
        "validationExpedition": "Oui",
        "departement": "34",
        "wlotta": "Oui",
        "positionDMS": "43°23,9 N 003°43,0 E",
        "recherchePourcentage": "90%",
        "derniereActivite": "Expéditions réalisées :",
        "typePoint": "lighthouse"
      }
    },
    {
      "type": "Feature",
      "id": "ID210",
      "geometry": {
        "type": "Point",
        "coordinates": [
          3.5367,
          43.35
        ]
      },
      "properties": {
        "idPage": 210,
        "nom": "Les Onglous",
        "dplf": "",
        "accessibilite": "Voiture",
        "structure": "Tour blanche haut rouge",
        "validationExpedition": "Oui",
        "departement": "34",
        "wlotta": "Oui",
        "positionDMS": "43°21,0 N 003°32,2 E",
        "recherchePourcentage": "67%",
        "derniereActivite": "2018",
        "typePoint": "lighthouse"
      }
    },
    {
      "type": "Feature",
      "id": "ID211",
      "geometry": {
        "type": "Point",
        "coordinates": [
          -2.0833,
          48.67
        ]
      },
      "properties": {
        "idPage": 211,
        "nom": "Grand Jardin",
        "dplf": "",
        "accessibilite": "Bateau",
        "structure": "Tour grise haut rouge",
        "validationExpedition": "Oui",
        "departement": "35",
        "wlotta": "Oui",
        "positionDMS": "48°40,2 N 002°05,0 W",
        "recherchePourcentage": "100%",
        "derniereActivite": "Expéditions réalisées :",
        "typePoint": "lighthouse"
      }
    },
    {
      "type": "Feature",
      "id": "ID213",
      "geometry": {
        "type": "Point",
        "coordinates": [
          -1.815,
          48.73
        ]
      },
      "properties": {
        "idPage": 213,
        "nom": "Le Herpin",
        "dplf": "",
        "accessibilite": "Bateau",
        "structure": "Tour blanche haut et base noire",
        "validationExpedition": "Oui",
        "departement": "35",
        "wlotta": "Oui",
        "positionDMS": "48°43,8 N 001°48,9 W",
        "recherchePourcentage": "100%",
        "derniereActivite": "Expéditions réalisées :",
        "typePoint": "lighthouse"
      }
    },
    {
      "type": "Feature",
      "id": "ID214",
      "geometry": {
        "type": "Point",
        "coordinates": [
          -1.9783,
          48.6717
        ]
      },
      "properties": {
        "idPage": 214,
        "nom": "Rochebonne",
        "dplf": "",
        "accessibilite": "Voiture",
        "structure": "Tour carrée grise - Face Ouest blanche - Haut rouge",
        "validationExpedition": "Oui",
        "departement": "35",
        "wlotta": "Oui",
        "positionDMS": "48°40,3 N 001°58,7 W",
        "recherchePourcentage": "100%",
        "derniereActivite": "Expéditions réalisées :",
        "typePoint": "lighthouse"
      }
    },
    {
      "type": "Feature",
      "id": "ID215",
      "geometry": {
        "type": "Point",
        "coordinates": [
          -2.0017,
          48.6267
        ]
      },
      "properties": {
        "idPage": 215,
        "nom": "La Balue",
        "dplf": "",
        "accessibilite": "Voiture",
        "structure": "Tour carrée grise",
        "validationExpedition": "Oui",
        "departement": "35",
        "wlotta": "Oui",
        "positionDMS": "48°37,6 N 002°00,1 W",
        "recherchePourcentage": "71%",
        "derniereActivite": "2003",
        "typePoint": "lighthouse"
      }
    },
    {
      "type": "Feature",
      "id": "ID216",
      "geometry": {
        "type": "Point",
        "coordinates": [
          -2.0217,
          48.6367
        ]
      },
      "properties": {
        "idPage": 216,
        "nom": "Les Bas Sablons",
        "dplf": "",
        "accessibilite": "Voiture",
        "structure": "Tour carrée blanche haut noir",
        "validationExpedition": "Oui",
        "departement": "35",
        "wlotta": "Oui",
        "positionDMS": "48°38,2 N 002°01,3 W",
        "recherchePourcentage": "100%",
        "derniereActivite": "Expéditions réalisées :",
        "typePoint": "lighthouse"
      }
    },
    {
      "type": "Feature",
      "id": "ID217",
      "geometry": {
        "type": "Point",
        "coordinates": [
          -1.32,
          44.095
        ]
      },
      "properties": {
        "idPage": 217,
        "nom": "Contis-les-Bains",
        "dplf": "",
        "accessibilite": "Voiture",
        "structure": "Tour blanche bandes diagonales noires",
        "validationExpedition": "Oui",
        "departement": "40",
        "wlotta": "Oui",
        "positionDMS": "44°05,7 N 001°19,2 W",
        "recherchePourcentage": "86%",
        "derniereActivite": "2015",
        "typePoint": "lighthouse"
      }
    },
    {
      "type": "Feature",
      "id": "ID218",
      "geometry": {
        "type": "Point",
        "coordinates": [
          -2.4683,
          47.1767
        ]
      },
      "properties": {
        "idPage": 218,
        "nom": "La Banche",
        "dplf": "",
        "accessibilite": "Bateau",
        "structure": "Tour bandes noires et blanches",
        "validationExpedition": "Oui",
        "departement": "44",
        "wlotta": "Oui",
        "positionDMS": "47°10,6 N 002°28,1 W",
        "recherchePourcentage": "90%",
        "derniereActivite": "2015",
        "typePoint": "lighthouse"
      }
    },
    {
      "type": "Feature",
      "id": "ID219",
      "geometry": {
        "type": "Point",
        "coordinates": [
          -2.3183,
          47.2133
        ]
      },
      "properties": {
        "idPage": 219,
        "nom": "Le Grand Charpentier",
        "dplf": "",
        "accessibilite": "Bateau",
        "structure": "Tour grise lanterne verte",
        "validationExpedition": "Oui",
        "departement": "44",
        "wlotta": "Oui",
        "positionDMS": "47°12,8 N 002°19,1 W",
        "recherchePourcentage": "90%",
        "derniereActivite": "2014",
        "typePoint": "lighthouse"
      }
    },
    {
      "type": "Feature",
      "id": "ID220",
      "geometry": {
        "type": "Point",
        "coordinates": [
          -2.4683,
          47.2983
        ]
      },
      "properties": {
        "idPage": 220,
        "nom": "Plateau du Four",
        "dplf": "",
        "accessibilite": "Bateau",
        "structure": "Tour bandes obliques noires et blanches",
        "validationExpedition": "Oui",
        "departement": "44",
        "wlotta": "Oui",
        "positionDMS": "47°17,9 N 002°28,1 W",
        "recherchePourcentage": "71%",
        "derniereActivite": "2015",
        "typePoint": "lighthouse"
      }
    },
    {
      "type": "Feature",
      "id": "ID221",
      "geometry": {
        "type": "Point",
        "coordinates": [
          -2.2467,
          47.1333
        ]
      },
      "properties": {
        "idPage": 221,
        "nom": "Pointe Saint Gildas",
        "dplf": "",
        "accessibilite": "Voiture",
        "structure": "Maison blanche haut vert",
        "validationExpedition": "Oui",
        "departement": "44",
        "wlotta": "Non",
        "positionDMS": "47°08,0 N 002°14,8 W",
        "recherchePourcentage": "52%",
        "derniereActivite": "2015",
        "typePoint": "lighthouse"
      }
    },
    {
      "type": "Feature",
      "id": "ID222",
      "geometry": {
        "type": "Point",
        "coordinates": [
          -2.4683,
          47.4217
        ]
      },
      "properties": {
        "idPage": 222,
        "nom": "Mesquer Jetée",
        "dplf": "",
        "accessibilite": "Voiture",
        "structure": "Colonne Blanche haut Vert",
        "validationExpedition": "Oui",
        "departement": "44",
        "wlotta": "Non",
        "positionDMS": "47°25,3 N 002°28,1 W",
        "recherchePourcentage": "52%",
        "derniereActivite": "2015",
        "typePoint": "lighthouse"
      }
    },
    {
      "type": "Feature",
      "id": "ID223",
      "geometry": {
        "type": "Point",
        "coordinates": [
          -2.41,
          47.2667
        ]
      },
      "properties": {
        "idPage": 223,
        "nom": "Les Petits Impairs",
        "dplf": "",
        "accessibilite": "Bateau",
        "structure": "Tour noire haut vert",
        "validationExpedition": "Oui",
        "departement": "44",
        "wlotta": "Non",
        "positionDMS": "47°16,0 N 002°24,6 W",
        "recherchePourcentage": "81%",
        "derniereActivite": "2016",
        "typePoint": "lighthouse"
      }
    },
    {
      "type": "Feature",
      "id": "ID224",
      "geometry": {
        "type": "Point",
        "coordinates": [
          -2.5233,
          47.3083
        ]
      },
      "properties": {
        "idPage": 224,
        "nom": "Trehic",
        "dplf": "",
        "accessibilite": "A pieds",
        "structure": "Tour tronconique grise haut vert",
        "validationExpedition": "Oui",
        "departement": "44",
        "wlotta": "Non",
        "positionDMS": "47°18,5 N 002°31,4 W",
        "recherchePourcentage": "81%",
        "derniereActivite": "2015",
        "typePoint": "lighthouse"
      }
    },
    {
      "type": "Feature",
      "id": "ID225",
      "geometry": {
        "type": "Point",
        "coordinates": [
          -2.115,
          47.11
        ]
      },
      "properties": {
        "idPage": 225,
        "nom": "Pornic",
        "dplf": "",
        "accessibilite": "Voiture",
        "structure": "Tour blanche haut vert",
        "validationExpedition": "Oui",
        "departement": "44",
        "wlotta": "Non",
        "positionDMS": "47°06,6 N 002°06,9 W",
        "recherchePourcentage": "43%",
        "derniereActivite": "2015",
        "typePoint": "lighthouse"
      }
    },
    {
      "type": "Feature",
      "id": "ID226",
      "geometry": {
        "type": "Point",
        "coordinates": [
          -2.5167,
          47.3
        ]
      },
      "properties": {
        "idPage": 226,
        "nom": "Le Croisic N°1",
        "dplf": "",
        "accessibilite": "Voiture",
        "structure": "Pylone blanc - marque rectangulaire orange",
        "validationExpedition": "Oui",
        "departement": "44",
        "wlotta": "Non",
        "positionDMS": "47°18,0 N 002°31,0 W",
        "recherchePourcentage": "81%",
        "derniereActivite": "2016",
        "typePoint": "lighthouse"
      }
    },
    {
      "type": "Feature",
      "id": "ID227",
      "geometry": {
        "type": "Point",
        "coordinates": [
          -2.2283,
          47.255
        ]
      },
      "properties": {
        "idPage": 227,
        "nom": "Villes-Martin Jetée",
        "dplf": "",
        "accessibilite": "A pieds",
        "structure": "Tour tronconique blanche haut rouge",
        "validationExpedition": "Oui",
        "departement": "44",
        "wlotta": "Oui",
        "positionDMS": "47°15,3 N 002°13,7 W",
        "recherchePourcentage": "100%",
        "derniereActivite": "2014",
        "typePoint": "lighthouse"
      }
    },
    {
      "type": "Feature",
      "id": "ID228",
      "geometry": {
        "type": "Point",
        "coordinates": [
          -2.2633,
          47.2433
        ]
      },
      "properties": {
        "idPage": 228,
        "nom": "Pointe d'Aiguillon",
        "dplf": "",
        "accessibilite": "Voiture",
        "structure": "Tour blanche",
        "validationExpedition": "Oui",
        "departement": "44",
        "wlotta": "Non",
        "positionDMS": "47°14,6 N 002°15,8 W",
        "recherchePourcentage": "100%",
        "derniereActivite": "2016",
        "typePoint": "lighthouse"
      }
    },
    {
      "type": "Feature",
      "id": "ID229",
      "geometry": {
        "type": "Point",
        "coordinates": [
          -1.5717,
          47.2083
        ]
      },
      "properties": {
        "idPage": 229,
        "nom": "Nantes",
        "dplf": "",
        "accessibilite": "Voiture",
        "structure": "Pylone blanc",
        "validationExpedition": "Oui",
        "departement": "44",
        "wlotta": "Non",
        "positionDMS": "47°12,5 N 001°34,3 W",
        "recherchePourcentage": "100%",
        "derniereActivite": "1999",
        "typePoint": "lighthouse"
      }
    },
    {
      "type": "Feature",
      "id": "ID230",
      "geometry": {
        "type": "Point",
        "coordinates": [
          -2.195,
          47.2717
        ]
      },
      "properties": {
        "idPage": 230,
        "nom": "Vieux-Môle",
        "dplf": "",
        "accessibilite": "Voiture",
        "structure": "Tour blanche haut rouge",
        "validationExpedition": "Oui",
        "departement": "44",
        "wlotta": "Non",
        "positionDMS": "47°16,3 N 002°11,7 W",
        "recherchePourcentage": "81%",
        "derniereActivite": "2016",
        "typePoint": "lighthouse"
      }
    },
    {
      "type": "Feature",
      "id": "ID231",
      "geometry": {
        "type": "Point",
        "coordinates": [
          -2.2467,
          47.2617
        ]
      },
      "properties": {
        "idPage": 231,
        "nom": "Kerlede",
        "dplf": "",
        "accessibilite": "Voiture",
        "structure": "Vieux phare",
        "validationExpedition": "Oui",
        "departement": "44",
        "wlotta": "Non",
        "positionDMS": "47°15,7 N 002°14,8 W",
        "recherchePourcentage": "86%",
        "derniereActivite": "2016",
        "typePoint": "lighthouse"
      }
    },
    {
      "type": "Feature",
      "id": "ID232",
      "geometry": {
        "type": "Point",
        "coordinates": [
          -2.0333,
          47.29
        ]
      },
      "properties": {
        "idPage": 232,
        "nom": "Paimboeuf",
        "dplf": "",
        "accessibilite": "Voiture",
        "structure": "Tour blanche haut vert",
        "validationExpedition": "Oui",
        "departement": "44",
        "wlotta": "Non",
        "positionDMS": "47°17,4 N 002°02,0 W",
        "recherchePourcentage": "81%",
        "derniereActivite": "2015",
        "typePoint": "lighthouse"
      }
    },
    {
      "type": "Feature",
      "id": "ID233",
      "geometry": {
        "type": "Point",
        "coordinates": [
          -2.545,
          47.3817
        ]
      },
      "properties": {
        "idPage": 233,
        "nom": "Piriac sur Mer",
        "dplf": "",
        "accessibilite": "Voiture",
        "structure": "Tour tronconique blanche",
        "validationExpedition": "Oui",
        "departement": "44",
        "wlotta": "Non",
        "positionDMS": "47°22,9 N 002°32,7 W",
        "recherchePourcentage": "81%",
        "derniereActivite": "2015",
        "typePoint": "lighthouse"
      }
    },
    {
      "type": "Feature",
      "id": "ID234",
      "geometry": {
        "type": "Point",
        "coordinates": [
          -2.07,
          47.305
        ]
      },
      "properties": {
        "idPage": 234,
        "nom": "Donges - Jetée",
        "dplf": "",
        "accessibilite": "Voiture",
        "structure": "Tour métallique rouge",
        "validationExpedition": "Oui",
        "departement": "44",
        "wlotta": "Non",
        "positionDMS": "47°18,3 N 002°04,2 W",
        "recherchePourcentage": "90%",
        "derniereActivite": "2015",
        "typePoint": "lighthouse"
      }
    },
    {
      "type": "Feature",
      "id": "ID235",
      "geometry": {
        "type": "Point",
        "coordinates": [
          -2.3517,
          47.2583
        ]
      },
      "properties": {
        "idPage": 235,
        "nom": "Port de Pornichet - Jetée Sud",
        "dplf": "",
        "accessibilite": "Voiture",
        "structure": "Tour tronconique blanche haut vert",
        "validationExpedition": "Oui",
        "departement": "44",
        "wlotta": "Non",
        "positionDMS": "47°15,5 N 002°21,1 W",
        "recherchePourcentage": "100%",
        "derniereActivite": "2016",
        "typePoint": "lighthouse"
      }
    },
    {
      "type": "Feature",
      "id": "ID236",
      "geometry": {
        "type": "Point",
        "coordinates": [
          -2.2483,
          47.255
        ]
      },
      "properties": {
        "idPage": 236,
        "nom": "Portcé - Falaise",
        "dplf": "",
        "accessibilite": "Voiture",
        "structure": "Tour voyants rectangulaires blancs",
        "validationExpedition": "Oui",
        "departement": "44",
        "wlotta": "Non",
        "positionDMS": "47°15,3 N 002°14,9 W",
        "recherchePourcentage": "100%",
        "derniereActivite": "2015",
        "typePoint": "lighthouse"
      }
    },
    {
      "type": "Feature",
      "id": "ID237",
      "geometry": {
        "type": "Point",
        "coordinates": [
          -2.2033,
          47.2667
        ]
      },
      "properties": {
        "idPage": 237,
        "nom": "Saint Nazaire - Jetée Ouest",
        "dplf": "",
        "accessibilite": "A pieds",
        "structure": "Tour blanche haut rouge",
        "validationExpedition": "Oui",
        "departement": "44",
        "wlotta": "Non",
        "positionDMS": "47°16,0 N 002°12,2 W",
        "recherchePourcentage": "100%",
        "derniereActivite": "2016",
        "typePoint": "lighthouse"
      }
    },
    {
      "type": "Feature",
      "id": "ID238",
      "geometry": {
        "type": "Point",
        "coordinates": [
          -2.2017,
          47.2667
        ]
      },
      "properties": {
        "idPage": 238,
        "nom": "Saint Nazaire - Jetée Est",
        "dplf": "",
        "accessibilite": "Voiture",
        "structure": "Tour blanche haut vert",
        "validationExpedition": "Oui",
        "departement": "44",
        "wlotta": "Non",
        "positionDMS": "47°16,0 N 002°12,1 W",
        "recherchePourcentage": "95%",
        "derniereActivite": "2016",
        "typePoint": "lighthouse"
      }
    },
    {
      "type": "Feature",
      "id": "ID239",
      "geometry": {
        "type": "Point",
        "coordinates": [
          -2.09,
          47.3067
        ]
      },
      "properties": {
        "idPage": 239,
        "nom": "Montoir - Arceau",
        "dplf": "",
        "accessibilite": "Voiture",
        "structure": "Pylône blanc haut rouge",
        "validationExpedition": "Oui",
        "departement": "44",
        "wlotta": "Non",
        "positionDMS": "47°18,4 N 002°05,4 W",
        "recherchePourcentage": "100%",
        "derniereActivite": "2016",
        "typePoint": "lighthouse"
      }
    },
    {
      "type": "Feature",
      "id": "ID240",
      "geometry": {
        "type": "Point",
        "coordinates": [
          -2.5167,
          47.345
        ]
      },
      "properties": {
        "idPage": 240,
        "nom": "La Turballe - Jetée Ouest - Garlahy",
        "dplf": "",
        "accessibilite": "Voiture",
        "structure": "Pylône blanc haut rouge",
        "validationExpedition": "Oui",
        "departement": "44",
        "wlotta": "Non",
        "positionDMS": "47°20,7 N 002°31,0 W",
        "recherchePourcentage": "100%",
        "derniereActivite": "2015",
        "typePoint": "lighthouse"
      }
    },
    {
      "type": "Feature",
      "id": "ID241",
      "geometry": {
        "type": "Point",
        "coordinates": [
          -2.1967,
          47.275
        ]
      },
      "properties": {
        "idPage": 241,
        "nom": "Old Dock Entrée",
        "dplf": "",
        "accessibilite": "Voiture",
        "structure": "Pylône rouge",
        "validationExpedition": "Oui",
        "departement": "44",
        "wlotta": "Non",
        "positionDMS": "47°16,5 N 002°11,8 W",
        "recherchePourcentage": "100%",
        "derniereActivite": "2015",
        "typePoint": "lighthouse"
      }
    },
    {
      "type": "Feature",
      "id": "ID242",
      "geometry": {
        "type": "Point",
        "coordinates": [
          -2.1817,
          47.2333
        ]
      },
      "properties": {
        "idPage": 242,
        "nom": "Le Pointeau - South Breakwater",
        "dplf": "",
        "accessibilite": "A pieds",
        "structure": "Pylône rouge",
        "validationExpedition": "Oui",
        "departement": "44",
        "wlotta": "Non",
        "positionDMS": "47°14,0 N 002°10,9 W",
        "recherchePourcentage": "100%",
        "derniereActivite": "Expéditions réalisées :",
        "typePoint": "lighthouse"
      }
    },
    {
      "type": "Feature",
      "id": "ID243",
      "geometry": {
        "type": "Point",
        "coordinates": [
          -2.1467,
          47.3017
        ]
      },
      "properties": {
        "idPage": 243,
        "nom": "Le Village N°1",
        "dplf": "",
        "accessibilite": "Voiture",
        "structure": "Tour rouge et blanche",
        "validationExpedition": "Oui",
        "departement": "44",
        "wlotta": "Non",
        "positionDMS": "47°18,1 N 002°08,8 W",
        "recherchePourcentage": "100%",
        "derniereActivite": "2016",
        "typePoint": "lighthouse"
      }
    },
    {
      "type": "Feature",
      "id": "ID244",
      "geometry": {
        "type": "Point",
        "coordinates": [
          -1.6117,
          48.835
        ]
      },
      "properties": {
        "idPage": 244,
        "nom": "Pointe du Roc",
        "dplf": "",
        "accessibilite": "Voiture",
        "structure": "Tour grise haut rouge",
        "validationExpedition": "Oui",
        "departement": "50",
        "wlotta": "Non",
        "positionDMS": "48°50,1 N 001°36,7 W",
        "recherchePourcentage": "100%",
        "derniereActivite": "Expéditions réalisées :",
        "typePoint": "lighthouse"
      }
    },
    {
      "type": "Feature",
      "id": "ID245",
      "geometry": {
        "type": "Point",
        "coordinates": [
          -1.955,
          49.7233
        ]
      },
      "properties": {
        "idPage": 245,
        "nom": "Cap de la Hague",
        "dplf": "",
        "accessibilite": "Bateau",
        "structure": "Tour grise haut blanc",
        "validationExpedition": "Oui",
        "departement": "50",
        "wlotta": "Oui",
        "positionDMS": "49°43,4 N 001°57,3 W",
        "recherchePourcentage": "100%",
        "derniereActivite": "Expéditions réalisées :",
        "typePoint": "lighthouse"
      }
    },
    {
      "type": "Feature",
      "id": "ID246",
      "geometry": {
        "type": "Point",
        "coordinates": [
          -1.6617,
          49.0917
        ]
      },
      "properties": {
        "idPage": 246,
        "nom": "Le Senequet",
        "dplf": "",
        "accessibilite": "Bateau",
        "structure": "Tour blanche",
        "validationExpedition": "Oui",
        "departement": "50",
        "wlotta": "Oui",
        "positionDMS": "49°05,5 N 001°39,7 W",
        "recherchePourcentage": "100%",
        "derniereActivite": "Expéditions réalisées :",
        "typePoint": "lighthouse"
      }
    },
    {
      "type": "Feature",
      "id": "ID247",
      "geometry": {
        "type": "Point",
        "coordinates": [
          -1.1467,
          49.4983
        ]
      },
      "properties": {
        "idPage": 247,
        "nom": "Ile Saint Marcouf - Ile du large",
        "dplf": "",
        "accessibilite": "Bateau",
        "structure": "Tour carrée grise haut vert",
        "validationExpedition": "Oui",
        "departement": "50",
        "wlotta": "Oui",
        "positionDMS": "49°29,9 N 001°08,8 W",
        "recherchePourcentage": "52%",
        "derniereActivite": "2013",
        "typePoint": "lighthouse"
      }
    },
    {
      "type": "Feature",
      "id": "ID248",
      "geometry": {
        "type": "Point",
        "coordinates": [
          -1.8217,
          48.87
        ]
      },
      "properties": {
        "idPage": 248,
        "nom": "Ile Chausey - Grande Ile",
        "dplf": "",
        "accessibilite": "Bateau",
        "structure": "Tour carrée grise",
        "validationExpedition": "Oui",
        "departement": "50",
        "wlotta": "Oui",
        "positionDMS": "48°52,2 N 001°49,3 W",
        "recherchePourcentage": "41%",
        "derniereActivite": "2022",
        "typePoint": "lighthouse"
      }
    },
    {
      "type": "Feature",
      "id": "ID249",
      "geometry": {
        "type": "Point",
        "coordinates": [
          -1.2667,
          49.6967
        ]
      },
      "properties": {
        "idPage": 249,
        "nom": "Pointe de Barfleur",
        "dplf": "",
        "accessibilite": "A pieds",
        "structure": "Tour grise haut noir",
        "validationExpedition": "Oui",
        "departement": "50",
        "wlotta": "Non",
        "positionDMS": "49°41,8 N 001°16,0 W",
        "recherchePourcentage": "76%",
        "derniereActivite": "2023",
        "typePoint": "lighthouse"
      }
    },
    {
      "type": "Feature",
      "id": "ID250",
      "geometry": {
        "type": "Point",
        "coordinates": [
          -1.4733,
          49.695
        ]
      },
      "properties": {
        "idPage": 250,
        "nom": "Cap Levi",
        "dplf": "",
        "accessibilite": "Voiture",
        "structure": "Tour carrée grise haut blanc",
        "validationExpedition": "Oui",
        "departement": "50",
        "wlotta": "Non",
        "positionDMS": "49°41,7 N 001°28,4 W",
        "recherchePourcentage": "67%",
        "derniereActivite": "2005",
        "typePoint": "lighthouse"
      }
    },
    {
      "type": "Feature",
      "id": "ID251",
      "geometry": {
        "type": "Point",
        "coordinates": [
          -1.8067,
          49.3733
        ]
      },
      "properties": {
        "idPage": 251,
        "nom": "Cap de Carteret",
        "dplf": "",
        "accessibilite": "Voiture",
        "structure": "Tour grise haut vert",
        "validationExpedition": "Oui",
        "departement": "50",
        "wlotta": "Non",
        "positionDMS": "49°22,4 N 001°48,4 W",
        "recherchePourcentage": "90%",
        "derniereActivite": "Expéditions réalisées :",
        "typePoint": "lighthouse"
      }
    },
    {
      "type": "Feature",
      "id": "ID252",
      "geometry": {
        "type": "Point",
        "coordinates": [
          -1.6483,
          49.675
        ]
      },
      "properties": {
        "idPage": 252,
        "nom": "Fort de l'Ouest - Digue centrale",
        "dplf": "",
        "accessibilite": "Bateau",
        "structure": "Tour grise haut rouge",
        "validationExpedition": "Oui",
        "departement": "50",
        "wlotta": "Oui",
        "positionDMS": "49°40,5 N 001°38,9 W",
        "recherchePourcentage": "100%",
        "derniereActivite": "Expéditions réalisées :",
        "typePoint": "lighthouse"
      }
    },
    {
      "type": "Feature",
      "id": "ID253",
      "geometry": {
        "type": "Point",
        "coordinates": [
          -1.5467,
          49.655
        ]
      },
      "properties": {
        "idPage": 253,
        "nom": "Le Becquet Front",
        "dplf": "",
        "accessibilite": "Voiture",
        "structure": "2 phares - Tourelle octogonale blanche",
        "validationExpedition": "Oui",
        "departement": "50",
        "wlotta": "Non",
        "positionDMS": "49°39,3 N 001°32,8 W",
        "recherchePourcentage": "100%",
        "derniereActivite": "Expéditions réalisées :",
        "typePoint": "lighthouse"
      }
    },
    {
      "type": "Feature",
      "id": "ID254",
      "geometry": {
        "type": "Point",
        "coordinates": [
          -1.3183,
          49.57
        ]
      },
      "properties": {
        "idPage": 254,
        "nom": "Phare des Arquets - Morsalines",
        "dplf": "",
        "accessibilite": "Voiture",
        "structure": "Tour octogonale blanche haut vert",
        "validationExpedition": "Oui",
        "departement": "50",
        "wlotta": "Non",
        "positionDMS": "49°34,2 N 001°19,1 W",
        "recherchePourcentage": "81%",
        "derniereActivite": "2003",
        "typePoint": "lighthouse"
      }
    },
    {
      "type": "Feature",
      "id": "ID255",
      "geometry": {
        "type": "Point",
        "coordinates": [
          -1.2567,
          49.5867
        ]
      },
      "properties": {
        "idPage": 255,
        "nom": "St Vaast La Hougue - Jetée",
        "dplf": "",
        "accessibilite": "A Pieds",
        "structure": "Tour octogonale métallique blanche haut rouge",
        "validationExpedition": "Oui",
        "departement": "50",
        "wlotta": "Non",
        "positionDMS": "49°35,2 N 001°15,4 W",
        "recherchePourcentage": "100%",
        "derniereActivite": "Expéditions réalisées :",
        "typePoint": "lighthouse"
      }
    },
    {
      "type": "Feature",
      "id": "ID256",
      "geometry": {
        "type": "Point",
        "coordinates": [
          -1.23,
          49.6067
        ]
      },
      "properties": {
        "idPage": 256,
        "nom": "Pointe de Saire",
        "dplf": "",
        "accessibilite": "Voiture",
        "structure": "Tour carrée blanche haut vert",
        "validationExpedition": "Oui",
        "departement": "50",
        "wlotta": "Non",
        "positionDMS": "49°36,4 N 001°13,8 W",
        "recherchePourcentage": "100 %",
        "derniereActivite": "Expéditions réalisées :",
        "typePoint": "lighthouse"
      }
    },
    {
      "type": "Feature",
      "id": "ID257",
      "geometry": {
        "type": "Point",
        "coordinates": [
          -1.2583,
          49.67
        ]
      },
      "properties": {
        "idPage": 257,
        "nom": "Barfleur Ville - Front",
        "dplf": "",
        "accessibilite": "Voiture",
        "structure": "Tour carrée blanche",
        "validationExpedition": "Oui",
        "departement": "50",
        "wlotta": "Non",
        "positionDMS": "49°40,2 N 001°15,5 W",
        "recherchePourcentage": "100 %",
        "derniereActivite": "Expéditions réalisées :",
        "typePoint": "lighthouse"
      }
    },
    {
      "type": "Feature",
      "id": "ID258",
      "geometry": {
        "type": "Point",
        "coordinates": [
          -1.2633,
          49.6683
        ]
      },
      "properties": {
        "idPage": 258,
        "nom": "Barfleur Ville - Front",
        "dplf": "",
        "accessibilite": "Voiture",
        "structure": "Tour grise et blanche haut vert",
        "validationExpedition": "Oui",
        "departement": "50",
        "wlotta": "Non",
        "positionDMS": "49°40,1 N 001°15,8 W",
        "recherchePourcentage": "100 %",
        "derniereActivite": "Expéditions réalisées :",
        "typePoint": "lighthouse"
      }
    },
    {
      "type": "Feature",
      "id": "ID259",
      "geometry": {
        "type": "Point",
        "coordinates": [
          -1.8633,
          49.5533
        ]
      },
      "properties": {
        "idPage": 259,
        "nom": "Dielette - Digue Ouest",
        "dplf": "",
        "accessibilite": "Pieds",
        "structure": "Tour blanche haut vert",
        "validationExpedition": "Oui",
        "departement": "50",
        "wlotta": "Non",
        "positionDMS": "49°33,2 N 001°51,8 W",
        "recherchePourcentage": "100 %",
        "derniereActivite": "Expéditions réalisées :",
        "typePoint": "lighthouse"
      }
    },
    {
      "type": "Feature",
      "id": "ID260",
      "geometry": {
        "type": "Point",
        "coordinates": [
          -1.5767,
          49.0033
        ]
      },
      "properties": {
        "idPage": 260,
        "nom": "Regneville - Pointe d'Agon",
        "dplf": "",
        "accessibilite": "Voiture",
        "structure": "Tour blanche haut rouge",
        "validationExpedition": "Oui",
        "departement": "50",
        "wlotta": "Non",
        "positionDMS": "49°00,2 N 001°34,6 W",
        "recherchePourcentage": "90 %",
        "derniereActivite": "2011",
        "typePoint": "lighthouse"
      }
    },
    {
      "type": "Feature",
      "id": "ID261",
      "geometry": {
        "type": "Point",
        "coordinates": [
          -1.5567,
          49.0117
        ]
      },
      "properties": {
        "idPage": 261,
        "nom": "Havre de Regneville 028°",
        "dplf": "",
        "accessibilite": "Voiture",
        "structure": "Maison",
        "validationExpedition": "Oui",
        "departement": "50",
        "wlotta": "Non",
        "positionDMS": "49°00,7 N 001°33,4 W",
        "recherchePourcentage": "100 %",
        "derniereActivite": "Expéditions réalisées :",
        "typePoint": "lighthouse"
      }
    },
    {
      "type": "Feature",
      "id": "ID262",
      "geometry": {
        "type": "Point",
        "coordinates": [
          -1.8217,
          48.87
        ]
      },
      "properties": {
        "idPage": 262,
        "nom": "Ile Chausey - Grande Ile",
        "dplf": "",
        "accessibilite": "Bateau",
        "structure": "Tour carrée grise",
        "validationExpedition": "Non (sans carte de validation : votre expédition ne sera pas comptabilisée pour les diplômes expéditionnaires)",
        "departement": "50",
        "wlotta": "Oui",
        "positionDMS": "48°52,2 N 001°49,3 W",
        "recherchePourcentage": "100%",
        "derniereActivite": "2022",
        "typePoint": "lighthouse"
      }
    },
    {
      "type": "Feature",
      "id": "ID263",
      "geometry": {
        "type": "Point",
        "coordinates": [
          -2.835,
          47.3217
        ]
      },
      "properties": {
        "idPage": 263,
        "nom": "Les Grands Cardinaux",
        "dplf": "",
        "accessibilite": "Bateau",
        "structure": "Tour rouge large bande blanche",
        "validationExpedition": "Oui",
        "departement": "56",
        "wlotta": "Oui",
        "positionDMS": "47°19,3 N 002°50,1 W",
        "recherchePourcentage": "100%",
        "derniereActivite": "2006",
        "typePoint": "lighthouse"
      }
    },
    {
      "type": "Feature",
      "id": "ID264",
      "geometry": {
        "type": "Point",
        "coordinates": [
          -3.0467,
          47.4583
        ]
      },
      "properties": {
        "idPage": 264,
        "nom": "La Teignouse",
        "dplf": "",
        "accessibilite": "Bateau",
        "structure": "Tour rouge large bande blanche",
        "validationExpedition": "Oui",
        "departement": "56",
        "wlotta": "Oui",
        "positionDMS": "47°27,5 N 003°02,8 W",
        "recherchePourcentage": "100%",
        "derniereActivite": "Expéditions réalisées :",
        "typePoint": "lighthouse"
      }
    },
    {
      "type": "Feature",
      "id": "ID265",
      "geometry": {
        "type": "Point",
        "coordinates": [
          -2.5033,
          47.5167
        ]
      },
      "properties": {
        "idPage": 265,
        "nom": "Pointe de Penlan",
        "dplf": "",
        "accessibilite": "Voiture",
        "structure": "Tour bandes blanches et rouges",
        "validationExpedition": "Oui",
        "departement": "56",
        "wlotta": "Oui",
        "positionDMS": "47°31,0 N 002°30,2 W",
        "recherchePourcentage": "100%",
        "derniereActivite": "2015",
        "typePoint": "lighthouse"
      }
    },
    {
      "type": "Feature",
      "id": "ID266",
      "geometry": {
        "type": "Point",
        "coordinates": [
          -3.0067,
          47.5683
        ]
      },
      "properties": {
        "idPage": 266,
        "nom": "Pointe de Kernevest - Crach Entrée - Front",
        "dplf": "",
        "accessibilite": "Voiture",
        "structure": "Maison Tourelle tronconique blanche haut vert",
        "validationExpedition": "Oui",
        "departement": "56",
        "wlotta": "Oui",
        "positionDMS": "47°34,1 N 003°00,4 W",
        "recherchePourcentage": "100%",
        "derniereActivite": "Expéditions réalisées :",
        "typePoint": "lighthouse"
      }
    },
    {
      "type": "Feature",
      "id": "ID267",
      "geometry": {
        "type": "Point",
        "coordinates": [
          -3.2267,
          47.3117
        ]
      },
      "properties": {
        "idPage": 267,
        "nom": "Goulphar",
        "dplf": "",
        "accessibilite": "Bateau",
        "structure": "Tour grise lanterne rouge",
        "validationExpedition": "Oui",
        "departement": "56",
        "wlotta": "Oui",
        "positionDMS": "47°18,7 N 003°13,6 W",
        "recherchePourcentage": "81%",
        "derniereActivite": "2002",
        "typePoint": "lighthouse"
      }
    },
    {
      "type": "Feature",
      "id": "ID268",
      "geometry": {
        "type": "Point",
        "coordinates": [
          -2.9183,
          47.5483
        ]
      },
      "properties": {
        "idPage": 268,
        "nom": "Port Navalo",
        "dplf": "",
        "accessibilite": "Voiture",
        "structure": "Tour blanche et maison",
        "validationExpedition": "Oui",
        "departement": "56",
        "wlotta": "Oui",
        "positionDMS": "47°32,9 N 002°55,1 W",
        "recherchePourcentage": "100%",
        "derniereActivite": "Expéditions réalisées :",
        "typePoint": "lighthouse"
      }
    },
    {
      "type": "Feature",
      "id": "ID269",
      "geometry": {
        "type": "Point",
        "coordinates": [
          -3.06,
          47.31
        ]
      },
      "properties": {
        "idPage": 269,
        "nom": "Les Poulains",
        "dplf": "",
        "accessibilite": "Bateau",
        "structure": "Tour carrée et maison blanche lanterne rouge",
        "validationExpedition": "Oui",
        "departement": "56",
        "wlotta": "Oui",
        "positionDMS": "47°18,6 N 003°03,6 W",
        "recherchePourcentage": "100%",
        "derniereActivite": "2007",
        "typePoint": "lighthouse"
      }
    },
    {
      "type": "Feature",
      "id": "ID270",
      "geometry": {
        "type": "Point",
        "coordinates": [
          -3.0583,
          47.3117
        ]
      },
      "properties": {
        "idPage": 270,
        "nom": "Pointe de Kerdonis",
        "dplf": "",
        "accessibilite": "Bateau",
        "structure": "Tour carrée blanche haut rouge et maison",
        "validationExpedition": "Oui",
        "departement": "56",
        "wlotta": "Oui",
        "positionDMS": "47°18,7 N 003°03,5 W",
        "recherchePourcentage": "100%",
        "derniereActivite": "2007",
        "typePoint": "lighthouse"
      }
    },
    {
      "type": "Feature",
      "id": "ID271",
      "geometry": {
        "type": "Point",
        "coordinates": [
          -3.5083,
          47.6483
        ]
      },
      "properties": {
        "idPage": 271,
        "nom": "Pen-Men",
        "dplf": "",
        "accessibilite": "Bateau",
        "structure": "Tour carrée blanche haut noir",
        "validationExpedition": "Oui",
        "departement": "56",
        "wlotta": "Oui",
        "positionDMS": "47°38,9 N 003°30,5 W",
        "recherchePourcentage": "100%",
        "derniereActivite": "2016",
        "typePoint": "lighthouse"
      }
    },
    {
      "type": "Feature",
      "id": "ID272",
      "geometry": {
        "type": "Point",
        "coordinates": [
          -3.4217,
          47.6217
        ]
      },
      "properties": {
        "idPage": 272,
        "nom": "Pointe des Chats",
        "dplf": "",
        "accessibilite": "Bateau",
        "structure": "Tour carrée blanche et maison",
        "validationExpedition": "Oui",
        "departement": "56",
        "wlotta": "Oui",
        "positionDMS": "47°37,3 N 003°25,3 W",
        "recherchePourcentage": "100%",
        "derniereActivite": "2016",
        "typePoint": "lighthouse"
      }
    },
    {
      "type": "Feature",
      "id": "ID273",
      "geometry": {
        "type": "Point",
        "coordinates": [
          -3.3617,
          47.7033
        ]
      },
      "properties": {
        "idPage": 273,
        "nom": "Les Sœurs",
        "dplf": "",
        "accessibilite": "Bateau",
        "structure": "Tourelle rouge bande horizontale blanche",
        "validationExpedition": "Oui",
        "departement": "56",
        "wlotta": "Oui",
        "positionDMS": "47°42,2 N 003°21,7 W",
        "recherchePourcentage": "100%",
        "derniereActivite": "Expéditions réalisées :",
        "typePoint": "lighthouse"
      }
    },
    {
      "type": "Feature",
      "id": "ID274",
      "geometry": {
        "type": "Point",
        "coordinates": [
          -3.125,
          47.48
        ]
      },
      "properties": {
        "idPage": 274,
        "nom": "Port-Maria - Feu principal",
        "dplf": "",
        "accessibilite": "Voiture",
        "structure": "Tour blanche lanterne verte",
        "validationExpedition": "Oui",
        "departement": "56",
        "wlotta": "Oui",
        "positionDMS": "47°28,8 N 003°07,5 W",
        "recherchePourcentage": "86%",
        "derniereActivite": "Expéditions réalisées :",
        "typePoint": "lighthouse"
      }
    },
    {
      "type": "Feature",
      "id": "ID275",
      "geometry": {
        "type": "Point",
        "coordinates": [
          -3.3667,
          47.7267
        ]
      },
      "properties": {
        "idPage": 275,
        "nom": "Keroman Range Front",
        "dplf": "",
        "accessibilite": "Voiture",
        "structure": "Cabane bandes blanches et rouges",
        "validationExpedition": "Oui",
        "departement": "56",
        "wlotta": "Oui",
        "positionDMS": "47°43,6 N 003°22,0 W",
        "recherchePourcentage": "100%",
        "derniereActivite": "Expéditions réalisées :",
        "typePoint": "lighthouse"
      }
    },
    {
      "type": "Feature",
      "id": "ID277",
      "geometry": {
        "type": "Point",
        "coordinates": [
          -3.1,
          47.49
        ]
      },
      "properties": {
        "idPage": 277,
        "nom": "Port Haliguen - Nouvelle jetée",
        "dplf": "",
        "accessibilite": "A pieds",
        "structure": "Tour tronconique blanche haut rouge",
        "validationExpedition": "Oui",
        "departement": "56",
        "wlotta": "Oui",
        "positionDMS": "47°29,4 N 003°06,0 W",
        "recherchePourcentage": "100%",
        "derniereActivite": "Expéditions réalisées :",
        "typePoint": "lighthouse"
      }
    },
    {
      "type": "Feature",
      "id": "ID279",
      "geometry": {
        "type": "Point",
        "coordinates": [
          -3.2167,
          47.375
        ]
      },
      "properties": {
        "idPage": 279,
        "nom": "Sauzon - Jetée Nord Ouest",
        "dplf": "",
        "accessibilite": "Bateau",
        "structure": "Tourelle tronconique blanche haut vert",
        "validationExpedition": "Oui",
        "departement": "56",
        "wlotta": "Oui",
        "positionDMS": "47°22,5 N 003°13,0 W",
        "recherchePourcentage": "90%",
        "derniereActivite": "Expéditions réalisées :",
        "typePoint": "lighthouse"
      }
    },
    {
      "type": "Feature",
      "id": "ID280",
      "geometry": {
        "type": "Point",
        "coordinates": [
          -3.3733,
          47.715
        ]
      },
      "properties": {
        "idPage": 280,
        "nom": "Kernevel - Rear",
        "dplf": "",
        "accessibilite": "Voiture",
        "structure": "Tour carrée blanche et rouge",
        "validationExpedition": "Oui",
        "departement": "56",
        "wlotta": "Oui",
        "positionDMS": "47°42,9 N 003°22,4 W",
        "recherchePourcentage": "100%",
        "derniereActivite": "2016",
        "typePoint": "lighthouse"
      }
    },
    {
      "type": "Feature",
      "id": "ID281",
      "geometry": {
        "type": "Point",
        "coordinates": [
          -3.4217,
          47.7033
        ]
      },
      "properties": {
        "idPage": 281,
        "nom": "Lomener - Anse de Stole",
        "dplf": "",
        "accessibilite": "Voiture",
        "structure": "Tour blanche haut rouge",
        "validationExpedition": "Oui",
        "departement": "56",
        "wlotta": "Oui",
        "positionDMS": "47°42,2 N 003°25,3 W",
        "recherchePourcentage": "100%",
        "derniereActivite": "2016",
        "typePoint": "lighthouse"
      }
    },
    {
      "type": "Feature",
      "id": "ID282",
      "geometry": {
        "type": "Point",
        "coordinates": [
          -3.3433,
          47.7433
        ]
      },
      "properties": {
        "idPage": 282,
        "nom": "Pointe de l'Espérance",
        "dplf": "",
        "accessibilite": "Voiture",
        "structure": "Tour blanche haut vert",
        "validationExpedition": "Oui",
        "departement": "50",
        "wlotta": "Non",
        "positionDMS": "47°44,6 N 003°20,6 W",
        "recherchePourcentage": "100 %",
        "derniereActivite": "2016",
        "typePoint": "lighthouse"
      }
    },
    {
      "type": "Feature",
      "id": "ID284",
      "geometry": {
        "type": "Point",
        "coordinates": [
          -3.4617,
          47.7
        ]
      },
      "properties": {
        "idPage": 284,
        "nom": "Kerroc'h",
        "dplf": "",
        "accessibilite": "Voiture",
        "structure": "Tour tronconique blanche haut rouge",
        "validationExpedition": "Oui",
        "departement": "56",
        "wlotta": "Oui",
        "positionDMS": "47°42,0 N 003°27,7 W",
        "recherchePourcentage": "100%",
        "derniereActivite": "2016",
        "typePoint": "lighthouse"
      }
    },
    {
      "type": "Feature",
      "id": "ID285",
      "geometry": {
        "type": "Point",
        "coordinates": [
          -3.12,
          47.48
        ]
      },
      "properties": {
        "idPage": 285,
        "nom": "Quiberon Rear",
        "dplf": "",
        "accessibilite": "Voiture",
        "structure": "Tour tronconique blanche bande médiane et haut noirs",
        "validationExpedition": "Oui",
        "departement": "56",
        "wlotta": "Oui",
        "positionDMS": "47°28,8 N 003°07,2 W",
        "recherchePourcentage": "100%",
        "derniereActivite": "Expéditions réalisées :",
        "typePoint": "lighthouse"
      }
    },
    {
      "type": "Feature",
      "id": "ID286",
      "geometry": {
        "type": "Point",
        "coordinates": [
          -3.005,
          47.575
        ]
      },
      "properties": {
        "idPage": 286,
        "nom": "Kernevest Rear",
        "dplf": "",
        "accessibilite": "Voiture",
        "structure": "Tour blanche haut vert",
        "validationExpedition": "Oui",
        "departement": "56",
        "wlotta": "Oui",
        "positionDMS": "47°34,5 N 003°00,3 W",
        "recherchePourcentage": "100%",
        "derniereActivite": "2016",
        "typePoint": "lighthouse"
      }
    },
    {
      "type": "Feature",
      "id": "ID287",
      "geometry": {
        "type": "Point",
        "coordinates": [
          -3.0167,
          47.585
        ]
      },
      "properties": {
        "idPage": 287,
        "nom": "Saint Philibert",
        "dplf": "",
        "accessibilite": "Voiture",
        "structure": "Maison et Tourelle blanche",
        "validationExpedition": "Oui",
        "departement": "56",
        "wlotta": "Oui",
        "positionDMS": "47°35,1 N 003°01,0 W",
        "recherchePourcentage": "100%",
        "derniereActivite": "Expéditions réalisées :",
        "typePoint": "lighthouse"
      }
    },
    {
      "type": "Feature",
      "id": "ID288",
      "geometry": {
        "type": "Point",
        "coordinates": [
          -2.8933,
          47.545
        ]
      },
      "properties": {
        "idPage": 288,
        "nom": "Feu Postérieur",
        "dplf": "",
        "accessibilite": "Voiture",
        "structure": "Tour blanche",
        "validationExpedition": "Oui",
        "departement": "56",
        "wlotta": "Oui",
        "positionDMS": "47°32,7 N 002°53,6 W",
        "recherchePourcentage": "100%",
        "derniereActivite": "Expéditions réalisées :",
        "typePoint": "lighthouse"
      }
    },
    {
      "type": "Feature",
      "id": "ID289",
      "geometry": {
        "type": "Point",
        "coordinates": [
          -2.6483,
          47.5017
        ]
      },
      "properties": {
        "idPage": 289,
        "nom": "Le Pignon",
        "dplf": "",
        "accessibilite": "Bateau",
        "structure": "Tour rouge",
        "validationExpedition": "Oui",
        "departement": "56",
        "wlotta": "Oui",
        "positionDMS": "47°30,1 N 002°38,9 W",
        "recherchePourcentage": "100%",
        "derniereActivite": "Expéditions réalisées :",
        "typePoint": "lighthouse"
      }
    },
    {
      "type": "Feature",
      "id": "ID290",
      "geometry": {
        "type": "Point",
        "coordinates": [
          -3.2167,
          47.375
        ]
      },
      "properties": {
        "idPage": 290,
        "nom": "Sauzon - Jetée Sud Est",
        "dplf": "",
        "accessibilite": "Bateau",
        "structure": "Tourelle tronconique blanche haut rouge",
        "validationExpedition": "Oui",
        "departement": "56",
        "wlotta": "Oui",
        "positionDMS": "47°22,5 N 003°13,0 W",
        "recherchePourcentage": "100%",
        "derniereActivite": "Expéditions réalisées :",
        "typePoint": "lighthouse"
      }
    },
    {
      "type": "Feature",
      "id": "ID292",
      "geometry": {
        "type": "Point",
        "coordinates": [
          -2.875,
          47.345
        ]
      },
      "properties": {
        "idPage": 292,
        "nom": "Argol",
        "dplf": "",
        "accessibilite": "Bateau",
        "structure": "Tour Blanche haut vert",
        "validationExpedition": "Oui",
        "departement": "56",
        "wlotta": "Oui",
        "positionDMS": "47°20,7 N 002°52,5 W",
        "recherchePourcentage": "100%",
        "derniereActivite": "2009",
        "typePoint": "lighthouse"
      }
    },
    {
      "type": "Feature",
      "id": "ID293",
      "geometry": {
        "type": "Point",
        "coordinates": [
          -2.9567,
          47.3917
        ]
      },
      "properties": {
        "idPage": 293,
        "nom": "Houat",
        "dplf": "",
        "accessibilite": "Bateau",
        "structure": "Tour Blanche haut vert",
        "validationExpedition": "Oui",
        "departement": "56",
        "wlotta": "Oui",
        "positionDMS": "47°23,5 N 002°57,4 W",
        "recherchePourcentage": "100%",
        "derniereActivite": "2011",
        "typePoint": "lighthouse"
      }
    },
    {
      "type": "Feature",
      "id": "ID294",
      "geometry": {
        "type": "Point",
        "coordinates": [
          -3.355,
          47.7067
        ]
      },
      "properties": {
        "idPage": 294,
        "nom": "Port Louis Rear",
        "dplf": "",
        "accessibilite": "Voiture",
        "structure": "Pylône bandes rouges et blanches",
        "validationExpedition": "Oui",
        "departement": "56",
        "wlotta": "Oui",
        "positionDMS": "47°42,4 N 003°21,3 W",
        "recherchePourcentage": "100%",
        "derniereActivite": "2024",
        "typePoint": "lighthouse"
      }
    },
    {
      "type": "Feature",
      "id": "ID295",
      "geometry": {
        "type": "Point",
        "coordinates": [
          -3.4583,
          47.6367
        ]
      },
      "properties": {
        "idPage": 295,
        "nom": "Ile de Groix",
        "dplf": "",
        "accessibilite": "Bateau",
        "structure": "Validation expédition : Oui",
        "validationExpedition": "Oui",
        "departement": "56",
        "wlotta": "Oui",
        "positionDMS": "47°38,2 N 003°27,5 W",
        "recherchePourcentage": "100%",
        "derniereActivite": "2016",
        "typePoint": "lighthouse"
      }
    },
    {
      "type": "Feature",
      "id": "ID296",
      "geometry": {
        "type": "Point",
        "coordinates": [
          -3.4583,
          47.6367
        ]
      },
      "properties": {
        "idPage": 296,
        "nom": "Belle Ile",
        "dplf": "",
        "accessibilite": "Bateau",
        "structure": "Validation expédition : Oui",
        "validationExpedition": "Oui",
        "departement": "56",
        "wlotta": "Oui",
        "positionDMS": "47°38,2 N 003°27,5 W",
        "recherchePourcentage": "90%",
        "derniereActivite": "2009",
        "typePoint": "lighthouse"
      }
    },
    {
      "type": "Feature",
      "id": "ID297",
      "geometry": {
        "type": "Point",
        "coordinates": [
          2.365,
          51.05
        ]
      },
      "properties": {
        "idPage": 297,
        "nom": "Dunkerque",
        "dplf": "",
        "accessibilite": "Voiture",
        "structure": "Tour blanche haut noir",
        "validationExpedition": "Oui",
        "departement": "59",
        "wlotta": "Oui",
        "positionDMS": "51°03,0 N 002°21,9 E",
        "recherchePourcentage": "100%",
        "derniereActivite": "2008",
        "typePoint": "lighthouse"
      }
    },
    {
      "type": "Feature",
      "id": "ID298",
      "geometry": {
        "type": "Point",
        "coordinates": [
          2.35,
          51.06
        ]
      },
      "properties": {
        "idPage": 298,
        "nom": "Jetée Ouest",
        "dplf": "",
        "accessibilite": "A Pieds",
        "structure": "Tour blanche haut brun",
        "validationExpedition": "Oui",
        "departement": "59",
        "wlotta": "Oui",
        "positionDMS": "51°03,6 N 002°21,0 E",
        "recherchePourcentage": "100%",
        "derniereActivite": "Expéditions réalisées :",
        "typePoint": "lighthouse"
      }
    },
    {
      "type": "Feature",
      "id": "ID299",
      "geometry": {
        "type": "Point",
        "coordinates": [
          2.0933,
          51.0167
        ]
      },
      "properties": {
        "idPage": 299,
        "nom": "Jetée Ouest",
        "dplf": "",
        "accessibilite": "A Pieds",
        "structure": "Tour jaune et grise haut vert",
        "validationExpedition": "Oui",
        "departement": "59",
        "wlotta": "Oui",
        "positionDMS": "51°01,0 N 002°05,6 E",
        "recherchePourcentage": "100%",
        "derniereActivite": "Expéditions réalisées :",
        "typePoint": "lighthouse"
      }
    },
    {
      "type": "Feature",
      "id": "ID300",
      "geometry": {
        "type": "Point",
        "coordinates": [
          2.2,
          51.0283
        ]
      },
      "properties": {
        "idPage": 300,
        "nom": "Nouveau Port - Avant Port Front",
        "dplf": "",
        "accessibilite": "Voiture",
        "structure": "Colonne blanche haut vert",
        "validationExpedition": "Oui",
        "departement": "59",
        "wlotta": "Oui",
        "positionDMS": "51°01,7 N 002°12,0 E",
        "recherchePourcentage": "100%",
        "derniereActivite": "Expéditions réalisées :",
        "typePoint": "lighthouse"
      }
    },
    {
      "type": "Feature",
      "id": "ID301",
      "geometry": {
        "type": "Point",
        "coordinates": [
          2.1633,
          51.0367
        ]
      },
      "properties": {
        "idPage": 301,
        "nom": "Nouveau Port - Jetée du Dyck",
        "dplf": "",
        "accessibilite": "A Pieds",
        "structure": "Tour blanche haut vert",
        "validationExpedition": "Oui",
        "departement": "59",
        "wlotta": "Oui",
        "positionDMS": "51°02,2 N 002°09,8 E",
        "recherchePourcentage": "100%",
        "derniereActivite": "Expéditions réalisées :",
        "typePoint": "lighthouse"
      }
    },
    {
      "type": "Feature",
      "id": "ID302",
      "geometry": {
        "type": "Point",
        "coordinates": [
          2.2067,
          51.0267
        ]
      },
      "properties": {
        "idPage": 302,
        "nom": "Dunkerque Nouveau Port - Avant Port Arrière",
        "dplf": "",
        "accessibilite": "Voiture",
        "structure": "Colonne blanche haut vert",
        "validationExpedition": "Oui",
        "departement": "59",
        "wlotta": "Oui",
        "positionDMS": "51°01,6 N 002°12,4 E",
        "recherchePourcentage": "100%",
        "derniereActivite": "2000",
        "typePoint": "lighthouse"
      }
    },
    {
      "type": "Feature",
      "id": "ID304",
      "geometry": {
        "type": "Point",
        "coordinates": [
          1.5833,
          50.87
        ]
      },
      "properties": {
        "idPage": 304,
        "nom": "Cap Gris Nez",
        "dplf": "",
        "accessibilite": "A Pieds",
        "structure": "Tour blanche haut noir",
        "validationExpedition": "Oui",
        "departement": "62",
        "wlotta": "Oui",
        "positionDMS": "50°52,2 N 001°35,0 E",
        "recherchePourcentage": "100%",
        "derniereActivite": "Expéditions réalisées :",
        "typePoint": "lighthouse"
      }
    },
    {
      "type": "Feature",
      "id": "ID305",
      "geometry": {
        "type": "Point",
        "coordinates": [
          1.8533,
          50.9617
        ]
      },
      "properties": {
        "idPage": 305,
        "nom": "Calais",
        "dplf": "",
        "accessibilite": "Voiture",
        "structure": "Tour blanche haut noir",
        "validationExpedition": "Oui",
        "departement": "62",
        "wlotta": "Oui",
        "positionDMS": "50°57,7 N 001°51,2 E",
        "recherchePourcentage": "100%",
        "derniereActivite": "2000",
        "typePoint": "lighthouse"
      }
    },
    {
      "type": "Feature",
      "id": "ID306",
      "geometry": {
        "type": "Point",
        "coordinates": [
          1.5633,
          50.7
        ]
      },
      "properties": {
        "idPage": 306,
        "nom": "Alprech ou Portel",
        "dplf": "",
        "accessibilite": "Voiture",
        "structure": "Tour blanche haut noir",
        "validationExpedition": "Oui",
        "departement": "62",
        "wlotta": "Oui",
        "positionDMS": "50°42,0 N 001°33,8 E",
        "recherchePourcentage": "100%",
        "derniereActivite": "2006",
        "typePoint": "lighthouse"
      }
    },
    {
      "type": "Feature",
      "id": "ID307",
      "geometry": {
        "type": "Point",
        "coordinates": [
          1.5617,
          50.3983
        ]
      },
      "properties": {
        "idPage": 307,
        "nom": "Berck Plage",
        "dplf": "",
        "accessibilite": "Voiture",
        "structure": "Tour bandes blanches et rouges",
        "validationExpedition": "Oui",
        "departement": "62",
        "wlotta": "Oui",
        "positionDMS": "50°23,9 N 001°33,7 E",
        "recherchePourcentage": "100%",
        "derniereActivite": "2025",
        "typePoint": "lighthouse"
      }
    },
    {
      "type": "Feature",
      "id": "ID308",
      "geometry": {
        "type": "Point",
        "coordinates": [
          1.5683,
          50.74
        ]
      },
      "properties": {
        "idPage": 308,
        "nom": "Boulogne - Digue Sud Carnot",
        "dplf": "",
        "accessibilite": "A pieds",
        "structure": "Tour bandes blanches et rouges",
        "validationExpedition": "Oui",
        "departement": "62",
        "wlotta": "Oui",
        "positionDMS": "50°44,4 N 001°34,1 E",
        "recherchePourcentage": "100%",
        "derniereActivite": "Expéditions réalisées :",
        "typePoint": "lighthouse"
      }
    },
    {
      "type": "Feature",
      "id": "ID309",
      "geometry": {
        "type": "Point",
        "coordinates": [
          1.5933,
          50.5233
        ]
      },
      "properties": {
        "idPage": 309,
        "nom": "Le Touquet",
        "dplf": "",
        "accessibilite": "Voiture",
        "structure": "Tour orange bande brune, haut blanc et vert",
        "validationExpedition": "Oui",
        "departement": "62",
        "wlotta": "Oui",
        "positionDMS": "50°31,4 N 001°35,6 E",
        "recherchePourcentage": "100%",
        "derniereActivite": "2001",
        "typePoint": "lighthouse"
      }
    },
    {
      "type": "Feature",
      "id": "ID310",
      "geometry": {
        "type": "Point",
        "coordinates": [
          1.8417,
          50.9733
        ]
      },
      "properties": {
        "idPage": 310,
        "nom": "Calais Jetée Est",
        "dplf": "",
        "accessibilite": "A Pieds",
        "structure": "Tour grise haut rouge",
        "validationExpedition": "Oui",
        "departement": "62",
        "wlotta": "Oui",
        "positionDMS": "50°58,4 N 001°50,5 E",
        "recherchePourcentage": "100%",
        "derniereActivite": "Expéditions réalisées :",
        "typePoint": "lighthouse"
      }
    },
    {
      "type": "Feature",
      "id": "ID311",
      "geometry": {
        "type": "Point",
        "coordinates": [
          1.84,
          50.9717
        ]
      },
      "properties": {
        "idPage": 311,
        "nom": "Calais - Jetée Ouest",
        "dplf": "",
        "accessibilite": "A Pieds",
        "structure": "Tour métallique blanche haut vert",
        "validationExpedition": "Oui",
        "departement": "62",
        "wlotta": "Oui",
        "positionDMS": "50°58,3 N 001°50,4 E",
        "recherchePourcentage": "100%",
        "derniereActivite": "Expéditions réalisées :",
        "typePoint": "lighthouse"
      }
    },
    {
      "type": "Feature",
      "id": "ID312",
      "geometry": {
        "type": "Point",
        "coordinates": [
          -1.5533,
          43.4933
        ]
      },
      "properties": {
        "idPage": 312,
        "nom": "Pointe St Martin",
        "dplf": "",
        "accessibilite": "Voiture",
        "structure": "Tour blanche haut noir",
        "validationExpedition": "Oui",
        "departement": "64",
        "wlotta": "Oui",
        "positionDMS": "43°29,6 N 001°33,2 W",
        "recherchePourcentage": "90%",
        "derniereActivite": "2000",
        "typePoint": "lighthouse"
      }
    },
    {
      "type": "Feature",
      "id": "ID313",
      "geometry": {
        "type": "Point",
        "coordinates": [
          -1.6867,
          43.395
        ]
      },
      "properties": {
        "idPage": 313,
        "nom": "Socoa",
        "dplf": "",
        "accessibilite": "Voiture",
        "structure": "Tour carrée maison blanche bandes verticales noires",
        "validationExpedition": "Oui",
        "departement": "64",
        "wlotta": "Oui",
        "positionDMS": "43°23,7 N 001°41,2 W",
        "recherchePourcentage": "86%",
        "derniereActivite": "2000",
        "typePoint": "lighthouse"
      }
    },
    {
      "type": "Feature",
      "id": "ID314",
      "geometry": {
        "type": "Point",
        "coordinates": [
          -1.525,
          43.5283
        ]
      },
      "properties": {
        "idPage": 314,
        "nom": "Le Boucau - Jetée Sud",
        "dplf": "",
        "accessibilite": "A Pieds",
        "structure": "Tour carrée blanche haut vert",
        "validationExpedition": "Oui",
        "departement": "64",
        "wlotta": "Oui",
        "positionDMS": "43°31,7 N 001°31,5 W",
        "recherchePourcentage": "100%",
        "derniereActivite": "Expéditions réalisées :",
        "typePoint": "lighthouse"
      }
    },
    {
      "type": "Feature",
      "id": "ID315",
      "geometry": {
        "type": "Point",
        "coordinates": [
          -1.515,
          43.5267
        ]
      },
      "properties": {
        "idPage": 315,
        "nom": "Le Boucau",
        "dplf": "",
        "accessibilite": "Voiture",
        "structure": "Tour carrée blanche bande verte face NE et NW",
        "validationExpedition": "Oui",
        "departement": "64",
        "wlotta": "Oui",
        "positionDMS": "43°31,6 N 001°30,9 W",
        "recherchePourcentage": "100%",
        "derniereActivite": "Expéditions réalisées :",
        "typePoint": "lighthouse"
      }
    },
    {
      "type": "Feature",
      "id": "ID316",
      "geometry": {
        "type": "Point",
        "coordinates": [
          -1.66,
          43.3983
        ]
      },
      "properties": {
        "idPage": 316,
        "nom": "Pointe Sainte Barbe Arrière",
        "dplf": "",
        "accessibilite": "Voiture",
        "structure": "Tour carrée blanche partie supérieure triangulaire noire",
        "validationExpedition": "Oui",
        "departement": "64",
        "wlotta": "Oui",
        "positionDMS": "43°23,9 N 001°39,6 W",
        "recherchePourcentage": "100%",
        "derniereActivite": "Expéditions réalisées :",
        "typePoint": "lighthouse"
      }
    },
    {
      "type": "Feature",
      "id": "ID317",
      "geometry": {
        "type": "Point",
        "coordinates": [
          -1.6683,
          43.3883
        ]
      },
      "properties": {
        "idPage": 317,
        "nom": "St Jean de Luz - Jetée Est",
        "dplf": "",
        "accessibilite": "Voiture",
        "structure": "Tour blanche bande verticale rouge",
        "validationExpedition": "Oui",
        "departement": "64",
        "wlotta": "Oui",
        "positionDMS": "43°23,3 N 001°40,1 W",
        "recherchePourcentage": "100%",
        "derniereActivite": "Expéditions réalisées :",
        "typePoint": "lighthouse"
      }
    },
    {
      "type": "Feature",
      "id": "ID318",
      "geometry": {
        "type": "Point",
        "coordinates": [
          -1.6667,
          43.385
        ]
      },
      "properties": {
        "idPage": 318,
        "nom": "St Jean de Luz - Arrière",
        "dplf": "",
        "accessibilite": "Voiture",
        "structure": "Tour blanche bande verticale verte",
        "validationExpedition": "Oui",
        "departement": "64",
        "wlotta": "Oui",
        "positionDMS": "43°23,1 N 001°40,0 W",
        "recherchePourcentage": "100%",
        "derniereActivite": "Expéditions réalisées :",
        "typePoint": "lighthouse"
      }
    },
    {
      "type": "Feature",
      "id": "ID319",
      "geometry": {
        "type": "Point",
        "coordinates": [
          3.1367,
          42.515
        ]
      },
      "properties": {
        "idPage": 319,
        "nom": "Cap Bear",
        "dplf": "",
        "accessibilite": "Voiture",
        "structure": "Tour rose haut rouge",
        "validationExpedition": "Oui",
        "departement": "66",
        "wlotta": "Non",
        "positionDMS": "42°30,9 N 003°08,2 E",
        "recherchePourcentage": "71%",
        "derniereActivite": "2019",
        "typePoint": "lighthouse"
      }
    },
    {
      "type": "Feature",
      "id": "ID320",
      "geometry": {
        "type": "Point",
        "coordinates": [
          3.1767,
          42.44
        ]
      },
      "properties": {
        "idPage": 320,
        "nom": "Cap Cerbere",
        "dplf": "",
        "accessibilite": "Voiture, à pieds",
        "structure": "Tour grise haut rouge",
        "validationExpedition": "Oui",
        "departement": "66",
        "wlotta": "Non",
        "positionDMS": "42°26,4 N 003°10,6 E",
        "recherchePourcentage": "52%",
        "derniereActivite": "1999",
        "typePoint": "lighthouse"
      }
    },
    {
      "type": "Feature",
      "id": "ID321",
      "geometry": {
        "type": "Point",
        "coordinates": [
          3.115,
          42.5167
        ]
      },
      "properties": {
        "idPage": 321,
        "nom": "Port Vendres Entrance Range, Rear",
        "dplf": "",
        "accessibilite": "Voiture, à pieds",
        "structure": "Tour blanche haut rouge",
        "validationExpedition": "Oui",
        "departement": "66",
        "wlotta": "Non",
        "positionDMS": "42°31,0 N 003°06,9 E",
        "recherchePourcentage": "90%",
        "derniereActivite": "Expéditions réalisées :",
        "typePoint": "lighthouse"
      }
    },
    {
      "type": "Feature",
      "id": "ID322",
      "geometry": {
        "type": "Point",
        "coordinates": [
          3.1133,
          42.5217
        ]
      },
      "properties": {
        "idPage": 322,
        "nom": "Port Vendres Fort Fanal",
        "dplf": "",
        "accessibilite": "Voiture",
        "structure": "Tour blanche haut vert",
        "validationExpedition": "Oui",
        "departement": "66",
        "wlotta": "Non",
        "positionDMS": "42°31,3 N 003°06,8 E",
        "recherchePourcentage": "76%",
        "derniereActivite": "2005",
        "typePoint": "lighthouse"
      }
    },
    {
      "type": "Feature",
      "id": "ID323",
      "geometry": {
        "type": "Point",
        "coordinates": [
          0.96,
          49.9167
        ]
      },
      "properties": {
        "idPage": 323,
        "nom": "Pointe d'Ailly",
        "dplf": "",
        "accessibilite": "Voiture",
        "structure": "Tour carrée blanche haut vert",
        "validationExpedition": "Oui",
        "departement": "76",
        "wlotta": "Oui",
        "positionDMS": "49°55,0 N 000°57,6 E",
        "recherchePourcentage": "33%",
        "derniereActivite": "2025",
        "typePoint": "lighthouse"
      }
    },
    {
      "type": "Feature",
      "id": "ID324",
      "geometry": {
        "type": "Point",
        "coordinates": [
          0.9983,
          49.6833
        ]
      },
      "properties": {
        "idPage": 324,
        "nom": "Cap d'Antifer",
        "dplf": "",
        "accessibilite": "Voiture",
        "structure": "Tour octogonale grise haut vert",
        "validationExpedition": "Oui",
        "departement": "76",
        "wlotta": "Oui",
        "positionDMS": "49°41,0 N 000°59,9 E",
        "recherchePourcentage": "81%",
        "derniereActivite": "2023",
        "typePoint": "lighthouse"
      }
    },
    {
      "type": "Feature",
      "id": "ID325",
      "geometry": {
        "type": "Point",
        "coordinates": [
          0.07,
          49.5117
        ]
      },
      "properties": {
        "idPage": 325,
        "nom": "Cap de la Heve",
        "dplf": "",
        "accessibilite": "Voiture",
        "structure": "Tour octogonale grise haut vert",
        "validationExpedition": "Oui",
        "departement": "76",
        "wlotta": "Oui",
        "positionDMS": "49°30,7 N 000°04,2 E",
        "recherchePourcentage": "95%",
        "derniereActivite": "2016",
        "typePoint": "lighthouse"
      }
    },
    {
      "type": "Feature",
      "id": "ID326",
      "geometry": {
        "type": "Point",
        "coordinates": [
          1.37,
          50.065
        ]
      },
      "properties": {
        "idPage": 326,
        "nom": "Le Treport - Jetée Ouest",
        "dplf": "",
        "accessibilite": "Voiture",
        "structure": "Tour blanche haut vert",
        "validationExpedition": "Oui",
        "departement": "76",
        "wlotta": "Oui",
        "positionDMS": "50°03,9 N 001°22,2 E",
        "recherchePourcentage": "100%",
        "derniereActivite": "2024",
        "typePoint": "lighthouse"
      }
    },
    {
      "type": "Feature",
      "id": "ID327",
      "geometry": {
        "type": "Point",
        "coordinates": [
          0.7083,
          49.875
        ]
      },
      "properties": {
        "idPage": 327,
        "nom": "Saint Valery en Caux - Jetée Ouest",
        "dplf": "",
        "accessibilite": "Voiture",
        "structure": "Tour tronconique verte",
        "validationExpedition": "Oui",
        "departement": "76",
        "wlotta": "Oui",
        "positionDMS": "49°52,5 N 000°42,5 E",
        "recherchePourcentage": "71%",
        "derniereActivite": "2025",
        "typePoint": "lighthouse"
      }
    },
    {
      "type": "Feature",
      "id": "ID328",
      "geometry": {
        "type": "Point",
        "coordinates": [
          0.3633,
          49.765
        ]
      },
      "properties": {
        "idPage": 328,
        "nom": "Fécamp - Jetée Nord",
        "dplf": "",
        "accessibilite": "A Pieds",
        "structure": "Tour grise haut rouge",
        "validationExpedition": "Oui",
        "departement": "76",
        "wlotta": "Oui",
        "positionDMS": "49°45,9 N 000°21,8 E",
        "recherchePourcentage": "71%",
        "derniereActivite": "2005",
        "typePoint": "lighthouse"
      }
    },
    {
      "type": "Feature",
      "id": "ID329",
      "geometry": {
        "type": "Point",
        "coordinates": [
          0.365,
          49.765
        ]
      },
      "properties": {
        "idPage": 329,
        "nom": "Fécamp - Jetée Sud",
        "dplf": "",
        "accessibilite": "Voiture",
        "structure": "Tour grise haut vert",
        "validationExpedition": "Oui",
        "departement": "76",
        "wlotta": "Oui",
        "positionDMS": "49°45,9 N 000°21,9 E",
        "recherchePourcentage": "100%",
        "derniereActivite": "2003",
        "typePoint": "lighthouse"
      }
    },
    {
      "type": "Feature",
      "id": "ID330",
      "geometry": {
        "type": "Point",
        "coordinates": [
          0.1083,
          49.4817
        ]
      },
      "properties": {
        "idPage": 330,
        "nom": "Le Havre - Meunier",
        "dplf": "",
        "accessibilite": "A Pieds",
        "structure": "Tour grise haut vert",
        "validationExpedition": "Oui",
        "departement": "76",
        "wlotta": "Oui",
        "positionDMS": "49°28,9 N 000°06,5 E",
        "recherchePourcentage": "86%",
        "derniereActivite": "2010",
        "typePoint": "lighthouse"
      }
    },
    {
      "type": "Feature",
      "id": "ID331",
      "geometry": {
        "type": "Point",
        "coordinates": [
          0.1267,
          49.4783
        ]
      },
      "properties": {
        "idPage": 331,
        "nom": "Le Havre - Quai Joannes Couvert",
        "dplf": "",
        "accessibilite": "Voiture",
        "structure": "Tour grise haut vert",
        "validationExpedition": "Oui",
        "departement": "76",
        "wlotta": "Oui",
        "positionDMS": "49°28,7 N 000°07,6 E",
        "recherchePourcentage": "100%",
        "derniereActivite": "Expéditions réalisées :",
        "typePoint": "lighthouse"
      }
    },
    {
      "type": "Feature",
      "id": "ID332",
      "geometry": {
        "type": "Point",
        "coordinates": [
          0.09,
          49.485
        ]
      },
      "properties": {
        "idPage": 332,
        "nom": "Le Havre - Digue Sud",
        "dplf": "",
        "accessibilite": "A pieds",
        "structure": "Tour blanche haut vert",
        "validationExpedition": "Oui",
        "departement": "76",
        "wlotta": "Oui",
        "positionDMS": "49°29,1 N 000°05,4 E",
        "recherchePourcentage": "100%",
        "derniereActivite": "Expéditions réalisées :",
        "typePoint": "lighthouse"
      }
    },
    {
      "type": "Feature",
      "id": "ID333",
      "geometry": {
        "type": "Point",
        "coordinates": [
          0.09,
          49.4867
        ]
      },
      "properties": {
        "idPage": 333,
        "nom": "Le Havre - Digue Nord",
        "dplf": "",
        "accessibilite": "A pieds",
        "structure": "Tour blanche haut rouge",
        "validationExpedition": "Oui",
        "departement": "76",
        "wlotta": "Oui",
        "positionDMS": "49°29,2 N 000°05,4 E",
        "recherchePourcentage": "100%",
        "derniereActivite": "Expéditions réalisées :",
        "typePoint": "lighthouse"
      }
    },
    {
      "type": "Feature",
      "id": "ID334",
      "geometry": {
        "type": "Point",
        "coordinates": [
          1.0833,
          49.9367
        ]
      },
      "properties": {
        "idPage": 334,
        "nom": "Dieppe - Jetée Ouest",
        "dplf": "",
        "accessibilite": "A pieds",
        "structure": "Tour blanche haut vert",
        "validationExpedition": "Oui",
        "departement": "76",
        "wlotta": "Oui",
        "positionDMS": "49°56,2 N 001°05,0 E",
        "recherchePourcentage": "76%",
        "derniereActivite": "2004",
        "typePoint": "lighthouse"
      }
    },
    {
      "type": "Feature",
      "id": "ID335",
      "geometry": {
        "type": "Point",
        "coordinates": [
          1.085,
          49.9367
        ]
      },
      "properties": {
        "idPage": 335,
        "nom": "Dieppe - Jetée Est",
        "dplf": "",
        "accessibilite": "A pieds",
        "structure": "Tour métallique blanche haut rouge",
        "validationExpedition": "Oui",
        "departement": "76",
        "wlotta": "Oui",
        "positionDMS": "49°56,2 N 001°05,1 E",
        "recherchePourcentage": "100%",
        "derniereActivite": "Expéditions réalisées :",
        "typePoint": "lighthouse"
      }
    },
    {
      "type": "Feature",
      "id": "ID337",
      "geometry": {
        "type": "Point",
        "coordinates": [
          1.5117,
          50.195
        ]
      },
      "properties": {
        "idPage": 337,
        "nom": "Cayeux sur Mer",
        "dplf": "",
        "accessibilite": "Voiture",
        "structure": "Tour blanche haut rouge",
        "validationExpedition": "Oui",
        "departement": "80",
        "wlotta": "Non",
        "positionDMS": "50°11,7 N 001°30,7 E",
        "recherchePourcentage": "48%",
        "derniereActivite": "2024",
        "typePoint": "lighthouse"
      }
    },
    {
      "type": "Feature",
      "id": "ID338",
      "geometry": {
        "type": "Point",
        "coordinates": [
          1.4533,
          50.105
        ]
      },
      "properties": {
        "idPage": 338,
        "nom": "Ault",
        "dplf": "",
        "accessibilite": "Voiture",
        "structure": "Tour blanche haut rouge",
        "validationExpedition": "Oui",
        "departement": "80",
        "wlotta": "Non",
        "positionDMS": "50°06,3 N 001°27,2 E",
        "recherchePourcentage": "67%",
        "derniereActivite": "2022",
        "typePoint": "lighthouse"
      }
    },
    {
      "type": "Feature",
      "id": "ID339",
      "geometry": {
        "type": "Point",
        "coordinates": [
          1.5667,
          50.215
        ]
      },
      "properties": {
        "idPage": 339,
        "nom": "Le Hourdel",
        "dplf": "",
        "accessibilite": "Voiture",
        "structure": "Tour blanche haut vert",
        "validationExpedition": "Oui",
        "departement": "80",
        "wlotta": "Non",
        "positionDMS": "50°12,9 N 001°34,0 E",
        "recherchePourcentage": "52%",
        "derniereActivite": "2024",
        "typePoint": "lighthouse"
      }
    },
    {
      "type": "Feature",
      "id": "ID340",
      "geometry": {
        "type": "Point",
        "coordinates": [
          5.7683,
          43.0817
        ]
      },
      "properties": {
        "idPage": 340,
        "nom": "Le Grand Rouveau",
        "dplf": "",
        "accessibilite": "Bateau",
        "structure": "Tour carrée blanche lanterne noire",
        "validationExpedition": "Oui",
        "departement": "83",
        "wlotta": "Oui",
        "positionDMS": "43°04,9 N 005°46,1 E",
        "recherchePourcentage": "81%",
        "derniereActivite": "1998",
        "typePoint": "lighthouse"
      }
    },
    {
      "type": "Feature",
      "id": "ID341",
      "geometry": {
        "type": "Point",
        "coordinates": [
          6.2067,
          42.9833
        ]
      },
      "properties": {
        "idPage": 341,
        "nom": "Cap d'Arme",
        "dplf": "",
        "accessibilite": "Bateau",
        "structure": "Tour carrée blanche haut noir",
        "validationExpedition": "Oui",
        "departement": "83",
        "wlotta": "Oui",
        "positionDMS": "42°59,0 N 006°12,4 E",
        "recherchePourcentage": "100%",
        "derniereActivite": "Expéditions réalisées :",
        "typePoint": "lighthouse"
      }
    },
    {
      "type": "Feature",
      "id": "ID342",
      "geometry": {
        "type": "Point",
        "coordinates": [
          6.51,
          43.0467
        ]
      },
      "properties": {
        "idPage": 342,
        "nom": "Le Titan",
        "dplf": "",
        "accessibilite": "Bateau",
        "structure": "Tour et maison blanches haut noir",
        "validationExpedition": "Oui",
        "departement": "83",
        "wlotta": "Oui",
        "positionDMS": "43°02,8 N 006°30,6 E",
        "recherchePourcentage": "100%",
        "derniereActivite": "Expéditions réalisées :",
        "typePoint": "lighthouse"
      }
    },
    {
      "type": "Feature",
      "id": "ID343",
      "geometry": {
        "type": "Point",
        "coordinates": [
          5.9467,
          43.07
        ]
      },
      "properties": {
        "idPage": 343,
        "nom": "Cap Cepet",
        "dplf": "",
        "accessibilite": "Voiture",
        "structure": "Tour carrée blanche lanterne noire sur maison à toit rouge",
        "validationExpedition": "Oui",
        "departement": "83",
        "wlotta": "Oui",
        "positionDMS": "43°04,2 N 005°56,8 E",
        "recherchePourcentage": "100%",
        "derniereActivite": "Expéditions réalisées :",
        "typePoint": "lighthouse"
      }
    },
    {
      "type": "Feature",
      "id": "ID345",
      "geometry": {
        "type": "Point",
        "coordinates": [
          6.145,
          43.0167
        ]
      },
      "properties": {
        "idPage": 345,
        "nom": "Ile du Grand Ribeau",
        "dplf": "",
        "accessibilite": "Bateau",
        "structure": "Tour et maison blanches lanterne noire",
        "validationExpedition": "Oui",
        "departement": "83",
        "wlotta": "Oui",
        "positionDMS": "43°01,0 N 006°08,7 E",
        "recherchePourcentage": "100%",
        "derniereActivite": "Expéditions réalisées :",
        "typePoint": "lighthouse"
      }
    },
    {
      "type": "Feature",
      "id": "ID346",
      "geometry": {
        "type": "Point",
        "coordinates": [
          6.68,
          43.2017
        ]
      },
      "properties": {
        "idPage": 346,
        "nom": "Cap camarat",
        "dplf": "",
        "accessibilite": "Voiture",
        "structure": "Tour carrée blanche haut noir",
        "validationExpedition": "Oui",
        "departement": "83",
        "wlotta": "Oui",
        "positionDMS": "43°12,1 N 006°40,8 E",
        "recherchePourcentage": "52%",
        "derniereActivite": "2000",
        "typePoint": "lighthouse"
      }
    },
    {
      "type": "Feature",
      "id": "ID347",
      "geometry": {
        "type": "Point",
        "coordinates": [
          6.3633,
          43.0883
        ]
      },
      "properties": {
        "idPage": 347,
        "nom": "Cap Benat",
        "dplf": "",
        "accessibilite": "Voiture",
        "structure": "Tour blanche lanterne rouge",
        "validationExpedition": "Oui",
        "departement": "83",
        "wlotta": "Oui",
        "positionDMS": "43°05,3 N 006°21,8 E",
        "recherchePourcentage": "100%",
        "derniereActivite": "Expéditions réalisées :",
        "typePoint": "lighthouse"
      }
    },
    {
      "type": "Feature",
      "id": "ID348",
      "geometry": {
        "type": "Point",
        "coordinates": [
          5.8017,
          43.115
        ]
      },
      "properties": {
        "idPage": 348,
        "nom": "Sanary sur Mer - Jetée Ouest",
        "dplf": "",
        "accessibilite": "A pieds",
        "structure": "Tour blanche haut rouge",
        "validationExpedition": "Oui",
        "departement": "83",
        "wlotta": "Oui",
        "positionDMS": "43°06,9 N 005°48,1 E",
        "recherchePourcentage": "100%",
        "derniereActivite": "Expéditions réalisées :",
        "typePoint": "lighthouse"
      }
    },
    {
      "type": "Feature",
      "id": "ID349",
      "geometry": {
        "type": "Point",
        "coordinates": [
          6.8717,
          43.425
        ]
      },
      "properties": {
        "idPage": 349,
        "nom": "Phare D'Aguay - Rade D'Agay",
        "dplf": "",
        "accessibilite": "Voiture",
        "structure": "Tour blanche haut rouge",
        "validationExpedition": "Oui",
        "departement": "83",
        "wlotta": "Oui",
        "positionDMS": "43°25,5 N 006°52,3 E",
        "recherchePourcentage": "100%",
        "derniereActivite": "Expéditions réalisées :",
        "typePoint": "lighthouse"
      }
    },
    {
      "type": "Feature",
      "id": "ID350",
      "geometry": {
        "type": "Point",
        "coordinates": [
          5.79,
          43.08
        ]
      },
      "properties": {
        "idPage": 350,
        "nom": "Ile des Embiez - Ilot de la Tour Fondue - Pointe Nord",
        "dplf": "",
        "accessibilite": "Bateau",
        "structure": "Tourelle carrée blanche haut rouge",
        "validationExpedition": "Oui",
        "departement": "83",
        "wlotta": "Oui",
        "positionDMS": "43°04,8 N 005°47,4 E",
        "recherchePourcentage": "100%",
        "derniereActivite": "Expéditions réalisées :",
        "typePoint": "lighthouse"
      }
    },
    {
      "type": "Feature",
      "id": "ID351",
      "geometry": {
        "type": "Point",
        "coordinates": [
          6.765,
          43.4233
        ]
      },
      "properties": {
        "idPage": 351,
        "nom": "Saint Raphael - Jetée Sud",
        "dplf": "",
        "accessibilite": "Voiture",
        "structure": "Tour grise haut vert foncé",
        "validationExpedition": "Oui",
        "departement": "83",
        "wlotta": "Oui",
        "positionDMS": "43°25,4 N 006°45,9 E",
        "recherchePourcentage": "100%",
        "derniereActivite": "Expéditions réalisées :",
        "typePoint": "lighthouse"
      }
    },
    {
      "type": "Feature",
      "id": "ID352",
      "geometry": {
        "type": "Point",
        "coordinates": [
          6.1583,
          43.0783
        ]
      },
      "properties": {
        "idPage": 352,
        "nom": "Port La Gavine - Port d'Hères - Jetée est",
        "dplf": "",
        "accessibilite": "A Pieds",
        "structure": "Tourelle verte blanche",
        "validationExpedition": "Oui",
        "departement": "83",
        "wlotta": "Oui",
        "positionDMS": "43°04,7 N 006°09,5 E",
        "recherchePourcentage": "100%",
        "derniereActivite": "Expéditions réalisées :",
        "typePoint": "lighthouse"
      }
    },
    {
      "type": "Feature",
      "id": "ID353",
      "geometry": {
        "type": "Point",
        "coordinates": [
          5.925,
          43.09
        ]
      },
      "properties": {
        "idPage": 353,
        "nom": "Toulon - Petite rade - grande jetée",
        "dplf": "",
        "accessibilite": "Bateau",
        "structure": "Tour blanche haut noir",
        "validationExpedition": "Oui",
        "departement": "83",
        "wlotta": "Oui",
        "positionDMS": "43°05,4 N 005°55,5 E",
        "recherchePourcentage": "100%",
        "derniereActivite": "Expéditions réalisées :",
        "typePoint": "lighthouse"
      }
    },
    {
      "type": "Feature",
      "id": "ID354",
      "geometry": {
        "type": "Point",
        "coordinates": [
          5.935,
          43.0867
        ]
      },
      "properties": {
        "idPage": 354,
        "nom": "Saint Mandrier - Jetée",
        "dplf": "",
        "accessibilite": "A Pieds",
        "structure": "Tour blanche haut rouge et bas noir",
        "validationExpedition": "Oui",
        "departement": "83",
        "wlotta": "Oui",
        "positionDMS": "43°05,2 N 005°56,1 E",
        "recherchePourcentage": "100%",
        "derniereActivite": "Expéditions réalisées :",
        "typePoint": "lighthouse"
      }
    },
    {
      "type": "Feature",
      "id": "ID355",
      "geometry": {
        "type": "Point",
        "coordinates": [
          6.2067,
          42.9833
        ]
      },
      "properties": {
        "idPage": 355,
        "nom": "Ile de Porquerolles",
        "dplf": "",
        "accessibilite": "Bateau",
        "structure": "Tour carrée blanche haut noir",
        "validationExpedition": "Oui",
        "departement": "83",
        "wlotta": "Oui",
        "positionDMS": "42°59,0 N 006°12,4 E",
        "recherchePourcentage": "100%",
        "derniereActivite": "Expéditions réalisées :",
        "typePoint": "lighthouse"
      }
    },
    {
      "type": "Feature",
      "id": "ID356",
      "geometry": {
        "type": "Point",
        "coordinates": [
          -1.4633,
          46.345
        ]
      },
      "properties": {
        "idPage": 356,
        "nom": "Pointe Grouin du Cou",
        "dplf": "",
        "accessibilite": "Voiture",
        "structure": "Tour blanche lanterne noire",
        "validationExpedition": "Oui",
        "departement": "85",
        "wlotta": "Oui",
        "positionDMS": "46°20,7 N 001°27,8 W",
        "recherchePourcentage": "81%",
        "derniereActivite": "2001",
        "typePoint": "lighthouse"
      }
    },
    {
      "type": "Feature",
      "id": "ID357",
      "geometry": {
        "type": "Point",
        "coordinates": [
          -1.84,
          46.495
        ]
      },
      "properties": {
        "idPage": 357,
        "nom": "Les Barges",
        "dplf": "",
        "accessibilite": "Bateau",
        "structure": "Tour grise",
        "validationExpedition": "Oui",
        "departement": "85",
        "wlotta": "Oui",
        "positionDMS": "46°29,7 N 001°50,4 W",
        "recherchePourcentage": "95%",
        "derniereActivite": "2003",
        "typePoint": "lighthouse"
      }
    },
    {
      "type": "Feature",
      "id": "ID358",
      "geometry": {
        "type": "Point",
        "coordinates": [
          -2.3583,
          47.0433
        ]
      },
      "properties": {
        "idPage": 358,
        "nom": "Le Pilier",
        "dplf": "",
        "accessibilite": "Bateau",
        "structure": "Tour pyramidale grise",
        "validationExpedition": "Oui",
        "departement": "85",
        "wlotta": "Oui",
        "positionDMS": "47°02,6 N 002°21,5 W",
        "recherchePourcentage": "81%",
        "derniereActivite": "2018",
        "typePoint": "lighthouse"
      }
    },
    {
      "type": "Feature",
      "id": "ID359",
      "geometry": {
        "type": "Point",
        "coordinates": [
          -2.3817,
          46.7183
        ]
      },
      "properties": {
        "idPage": 359,
        "nom": "Grand Phare - Petite Foule",
        "dplf": "",
        "accessibilite": "Bateau",
        "structure": "Tour carrée blanche lanterne verte",
        "validationExpedition": "Oui",
        "departement": "85",
        "wlotta": "Oui",
        "positionDMS": "46°43,1 N 002°22,9 W",
        "recherchePourcentage": "100%",
        "derniereActivite": "2002",
        "typePoint": "lighthouse"
      }
    },
    {
      "type": "Feature",
      "id": "ID360",
      "geometry": {
        "type": "Point",
        "coordinates": [
          -2.285,
          46.69
        ]
      },
      "properties": {
        "idPage": 360,
        "nom": "Pointe des Corbeaux",
        "dplf": "",
        "accessibilite": "Bateau",
        "structure": "Tour carrée blanche haut rouge",
        "validationExpedition": "Oui",
        "departement": "85",
        "wlotta": "Oui",
        "positionDMS": "46°41,4 N 002°17,1 W",
        "recherchePourcentage": "100%",
        "derniereActivite": "2002",
        "typePoint": "lighthouse"
      }
    },
    {
      "type": "Feature",
      "id": "ID361",
      "geometry": {
        "type": "Point",
        "coordinates": [
          -1.805,
          46.49
        ]
      },
      "properties": {
        "idPage": 361,
        "nom": "L'Armandeche",
        "dplf": "",
        "accessibilite": "Voiture",
        "structure": "Tour blanche haut rouge",
        "validationExpedition": "Oui",
        "departement": "85",
        "wlotta": "Oui",
        "positionDMS": "46°29,4 N 001°48,3 W",
        "recherchePourcentage": "100%",
        "derniereActivite": "2011",
        "typePoint": "lighthouse"
      }
    },
    {
      "type": "Feature",
      "id": "ID362",
      "geometry": {
        "type": "Point",
        "coordinates": [
          -2.2217,
          47.0117
        ]
      },
      "properties": {
        "idPage": 362,
        "nom": "Pointe des Dames",
        "dplf": "",
        "accessibilite": "Voiture",
        "structure": "Tour carrée blanche",
        "validationExpedition": "Oui",
        "departement": "85",
        "wlotta": "Oui",
        "positionDMS": "47°00,7 N 002°13,3 W",
        "recherchePourcentage": "100%",
        "derniereActivite": "2001",
        "typePoint": "lighthouse"
      }
    },
    {
      "type": "Feature",
      "id": "ID363",
      "geometry": {
        "type": "Point",
        "coordinates": [
          -1.9633,
          46.6933
        ]
      },
      "properties": {
        "idPage": 363,
        "nom": "Pointe de Grosse Terre",
        "dplf": "",
        "accessibilite": "Voiture",
        "structure": "Tour blanche",
        "validationExpedition": "Oui",
        "departement": "85",
        "wlotta": "Oui",
        "positionDMS": "46°41,6 N 001°57,8 W",
        "recherchePourcentage": "100%",
        "derniereActivite": "2006",
        "typePoint": "lighthouse"
      }
    },
    {
      "type": "Feature",
      "id": "ID364",
      "geometry": {
        "type": "Point",
        "coordinates": [
          -1.7683,
          46.4933
        ]
      },
      "properties": {
        "idPage": 364,
        "nom": "Phare de la Potence",
        "dplf": "",
        "accessibilite": "Voiture",
        "structure": "Tour carrée maison blanche",
        "validationExpedition": "Oui",
        "departement": "85",
        "wlotta": "Oui",
        "positionDMS": "46°29,6 N 001°46,1 W",
        "recherchePourcentage": "100%",
        "derniereActivite": "2001",
        "typePoint": "lighthouse"
      }
    },
    {
      "type": "Feature",
      "id": "ID365",
      "geometry": {
        "type": "Point",
        "coordinates": [
          -2.1417,
          46.8883
        ]
      },
      "properties": {
        "idPage": 365,
        "nom": "Pointe Notre Dame de Monts",
        "dplf": "",
        "accessibilite": "Voiture",
        "structure": "Tour blanche haut noir",
        "validationExpedition": "Oui",
        "departement": "85",
        "wlotta": "Oui",
        "positionDMS": "46°53,3 N 002°08,5 W",
        "recherchePourcentage": "100%",
        "derniereActivite": "2001",
        "typePoint": "lighthouse"
      }
    },
    {
      "type": "Feature",
      "id": "ID367",
      "geometry": {
        "type": "Point",
        "coordinates": [
          -1.945,
          46.6983
        ]
      },
      "properties": {
        "idPage": 367,
        "nom": "Croix de Vie - Quai Avant",
        "dplf": "",
        "accessibilite": "Voiture",
        "structure": "Tour carrée blanche haut rouge",
        "validationExpedition": "Oui",
        "departement": "85",
        "wlotta": "Oui",
        "positionDMS": "46°41,9 N 001°56,7 W",
        "recherchePourcentage": "100%",
        "derniereActivite": "2001",
        "typePoint": "lighthouse"
      }
    },
    {
      "type": "Feature",
      "id": "ID368",
      "geometry": {
        "type": "Point",
        "coordinates": [
          -1.9433,
          46.7
        ]
      },
      "properties": {
        "idPage": 368,
        "nom": "Croix de Vie - Quai Arrière",
        "dplf": "",
        "accessibilite": "Voiture",
        "structure": "Tour blanche haut rouge",
        "validationExpedition": "Oui",
        "departement": "85",
        "wlotta": "Oui",
        "positionDMS": "46°42,0 N 001°56,6 W",
        "recherchePourcentage": "100%",
        "derniereActivite": "2001",
        "typePoint": "lighthouse"
      }
    },
    {
      "type": "Feature",
      "id": "ID369",
      "geometry": {
        "type": "Point",
        "coordinates": [
          -2.0317,
          46.9983
        ]
      },
      "properties": {
        "idPage": 369,
        "nom": "Etier des Brochets",
        "dplf": "",
        "accessibilite": "Voiture",
        "structure": "Tour verte bande blanche",
        "validationExpedition": "Oui",
        "departement": "85",
        "wlotta": "Oui",
        "positionDMS": "46°59,9 N 002°01,9 W",
        "recherchePourcentage": "100%",
        "derniereActivite": "2016",
        "typePoint": "lighthouse"
      }
    },
    {
      "type": "Feature",
      "id": "ID370",
      "geometry": {
        "type": "Point",
        "coordinates": [
          -2.075,
          46.94
        ]
      },
      "properties": {
        "idPage": 370,
        "nom": "Bec de L'Epoids",
        "dplf": "",
        "accessibilite": "Voiture",
        "structure": "Tour carrée blanche haut rouge",
        "validationExpedition": "Oui",
        "departement": "85",
        "wlotta": "Oui",
        "positionDMS": "46°56,4 N 002°04,5 W",
        "recherchePourcentage": "100%",
        "derniereActivite": "2016",
        "typePoint": "lighthouse"
      }
    },
    {
      "type": "Feature",
      "id": "ID371",
      "geometry": {
        "type": "Point",
        "coordinates": [
          -1.795,
          46.495
        ]
      },
      "properties": {
        "idPage": 371,
        "nom": "Tour de la Chaume",
        "dplf": "",
        "accessibilite": "Voiture",
        "structure": "Tour carrée grise crénelée surmontée d'une tourelle blanche",
        "validationExpedition": "Oui",
        "departement": "85",
        "wlotta": "Oui",
        "positionDMS": "46°29,7 N 001°47,7 W",
        "recherchePourcentage": "100%",
        "derniereActivite": "2016",
        "typePoint": "lighthouse"
      }
    },
    {
      "type": "Feature",
      "id": "ID372",
      "geometry": {
        "type": "Point",
        "coordinates": [
          -1.7917,
          46.49
        ]
      },
      "properties": {
        "idPage": 372,
        "nom": "Jetée des sables",
        "dplf": "",
        "accessibilite": "A pieds",
        "structure": "Tour tronconique blanche haut vert",
        "validationExpedition": "Oui",
        "departement": "85",
        "wlotta": "Oui",
        "positionDMS": "46°29,4 N 001°47,5 W",
        "recherchePourcentage": "100%",
        "derniereActivite": "2001",
        "typePoint": "lighthouse"
      }
    },
    {
      "type": "Feature",
      "id": "ID373",
      "geometry": {
        "type": "Point",
        "coordinates": [
          -1.7917,
          46.4867
        ]
      },
      "properties": {
        "idPage": 373,
        "nom": "Jetée St Nicolas",
        "dplf": "",
        "accessibilite": "A pieds",
        "structure": "Tour blanche haut rouge",
        "validationExpedition": "Oui",
        "departement": "85",
        "wlotta": "Oui",
        "positionDMS": "46°29,2 N 001°47,5 W",
        "recherchePourcentage": "100%",
        "derniereActivite": "2016",
        "typePoint": "lighthouse"
      }
    },
    {
      "type": "Feature",
      "id": "ID374",
      "geometry": {
        "type": "Point",
        "coordinates": [
          -1.795,
          46.4967
        ]
      },
      "properties": {
        "idPage": 374,
        "nom": "Entrée Arrière",
        "dplf": "",
        "accessibilite": "Voiture",
        "structure": "Tour blanche lanterne rouge voyant rectangulaire rouge blanc rouge",
        "validationExpedition": "Oui",
        "departement": "85",
        "wlotta": "Oui",
        "positionDMS": "46°29,8 N 001°47,7 W",
        "recherchePourcentage": "100%",
        "derniereActivite": "2001",
        "typePoint": "lighthouse"
      }
    },
    {
      "type": "Feature",
      "id": "ID375",
      "geometry": {
        "type": "Point",
        "coordinates": [
          -2.3817,
          46.7183
        ]
      },
      "properties": {
        "idPage": 375,
        "nom": "Ile d'Yeu",
        "dplf": "",
        "accessibilite": "Bateau",
        "structure": "Validation expédition : Oui",
        "validationExpedition": "Oui",
        "departement": "85",
        "wlotta": "Oui",
        "positionDMS": "46°43,1 N 002°22,9 W",
        "recherchePourcentage": "100%",
        "derniereActivite": "Expéditions réalisées :",
        "typePoint": "lighthouse"
      }
    },
    {
      "type": "Feature",
      "id": "ID376",
      "geometry": {
        "type": "Point",
        "coordinates": [
          -2.2217,
          47.0117
        ]
      },
      "properties": {
        "idPage": 376,
        "nom": "île de Noirmoutier",
        "dplf": "",
        "accessibilite": "Voiture",
        "structure": "Validation expédition : Oui",
        "validationExpedition": "Oui",
        "departement": "85",
        "wlotta": "Oui",
        "positionDMS": "47°00,7 N 002°13,3 W",
        "recherchePourcentage": "100%",
        "derniereActivite": "2015",
        "typePoint": "lighthouse"
      }
    },
    {
      "type": "Feature",
      "id": "ID377",
      "geometry": {
        "type": "Point",
        "coordinates": [
          9.1867,
          41.3667
        ]
      },
      "properties": {
        "idPage": 377,
        "nom": "Cap Pertusato",
        "dplf": "",
        "accessibilite": "A Pieds",
        "structure": "Tour carrée blanche haut et angles noirs",
        "validationExpedition": "Oui",
        "departement": "TK-2A",
        "wlotta": "Oui",
        "positionDMS": "41°22,0 N 009°11,2 E",
        "recherchePourcentage": "100%",
        "derniereActivite": "Expéditions réalisées :",
        "typePoint": "lighthouse"
      }
    },
    {
      "type": "Feature",
      "id": "ID378",
      "geometry": {
        "type": "Point",
        "coordinates": [
          8.6617,
          41.74
        ]
      },
      "properties": {
        "idPage": 378,
        "nom": "Cap de Muro",
        "dplf": "",
        "accessibilite": "A Pieds",
        "structure": "Tour carrée blanche haut noir",
        "validationExpedition": "Oui",
        "departement": "TK-2A",
        "wlotta": "Oui",
        "positionDMS": "41°44,4 N 008°39,7 E",
        "recherchePourcentage": "100%",
        "derniereActivite": "Expéditions réalisées :",
        "typePoint": "lighthouse"
      }
    },
    {
      "type": "Feature",
      "id": "ID379",
      "geometry": {
        "type": "Point",
        "coordinates": [
          8.7983,
          41.5583
        ]
      },
      "properties": {
        "idPage": 379,
        "nom": "Pointe Senetosa",
        "dplf": "",
        "accessibilite": "A Pieds",
        "structure": "2 tours blanches haut noir",
        "validationExpedition": "Oui",
        "departement": "TK-2A",
        "wlotta": "Oui",
        "positionDMS": "41°33,5 N 008°47,9 E",
        "recherchePourcentage": "100%",
        "derniereActivite": "Expéditions réalisées :",
        "typePoint": "lighthouse"
      }
    },
    {
      "type": "Feature",
      "id": "ID380",
      "geometry": {
        "type": "Point",
        "coordinates": [
          9.0967,
          41.3917
        ]
      },
      "properties": {
        "idPage": 380,
        "nom": "Cap de Feno",
        "dplf": "",
        "accessibilite": "A Pieds",
        "structure": "Tour carrée blanche haut noir",
        "validationExpedition": "Oui",
        "departement": "TK-2A",
        "wlotta": "Oui",
        "positionDMS": "41°23,5 N 009°05,8 E",
        "recherchePourcentage": "100%",
        "derniereActivite": "Expéditions réalisées :",
        "typePoint": "lighthouse"
      }
    },
    {
      "type": "Feature",
      "id": "ID381",
      "geometry": {
        "type": "Point",
        "coordinates": [
          9.3667,
          41.625
        ]
      },
      "properties": {
        "idPage": 381,
        "nom": "Pointe de Chiappa",
        "dplf": "",
        "accessibilite": "Voiture",
        "structure": "Tour carrée blanche lanterne rouge",
        "validationExpedition": "Oui",
        "departement": "TK-2A",
        "wlotta": "Oui",
        "positionDMS": "41°37,5 N 009°22,0 E",
        "recherchePourcentage": "100%",
        "derniereActivite": "2006",
        "typePoint": "lighthouse"
      }
    },
    {
      "type": "Feature",
      "id": "ID382",
      "geometry": {
        "type": "Point",
        "coordinates": [
          9.2583,
          41.335
        ]
      },
      "properties": {
        "idPage": 382,
        "nom": "Ile Lavezzi",
        "dplf": "",
        "accessibilite": "Bateau",
        "structure": "Tour carrée et maison bandes blanches et rouges",
        "validationExpedition": "Oui",
        "departement": "TK-2A",
        "wlotta": "Oui",
        "positionDMS": "41°20,1 N 009°15,5 E",
        "recherchePourcentage": "100%",
        "derniereActivite": "2010",
        "typePoint": "lighthouse"
      }
    },
    {
      "type": "Feature",
      "id": "ID383",
      "geometry": {
        "type": "Point",
        "coordinates": [
          8.595,
          41.8783
        ]
      },
      "properties": {
        "idPage": 383,
        "nom": "Ile Sanguinaires",
        "dplf": "",
        "accessibilite": "Bateau",
        "structure": "Tour carrée blanche haut noir et maison blanche",
        "validationExpedition": "Oui",
        "departement": "TK-2A",
        "wlotta": "Oui",
        "positionDMS": "41°52,7 N 008°35,7 E",
        "recherchePourcentage": "100%",
        "derniereActivite": "2013",
        "typePoint": "lighthouse"
      }
    },
    {
      "type": "Feature",
      "id": "ID385",
      "geometry": {
        "type": "Point",
        "coordinates": [
          8.7417,
          41.915
        ]
      },
      "properties": {
        "idPage": 385,
        "nom": "Citadelle",
        "dplf": "",
        "accessibilite": "A Pieds",
        "structure": "Tour blanche haut rouge",
        "validationExpedition": "Oui",
        "departement": "TK-2A",
        "wlotta": "Oui",
        "positionDMS": "41°54,9 N 008°44,5 E",
        "recherchePourcentage": "100%",
        "derniereActivite": "Expéditions réalisées :",
        "typePoint": "lighthouse"
      }
    },
    {
      "type": "Feature",
      "id": "ID386",
      "geometry": {
        "type": "Point",
        "coordinates": [
          8.8967,
          41.6783
        ]
      },
      "properties": {
        "idPage": 386,
        "nom": "Propriano - Rocher Longo",
        "dplf": "",
        "accessibilite": "A Pieds",
        "structure": "Tour blanche haut vert",
        "validationExpedition": "Oui",
        "departement": "TK-2A",
        "wlotta": "Oui",
        "positionDMS": "41°40,7 N 008°53,8 E",
        "recherchePourcentage": "100%",
        "derniereActivite": "Expéditions réalisées :",
        "typePoint": "lighthouse"
      }
    },
    {
      "type": "Feature",
      "id": "ID388",
      "geometry": {
        "type": "Point",
        "coordinates": [
          9.3567,
          41.6167
        ]
      },
      "properties": {
        "idPage": 388,
        "nom": "Pointe Saint Cyprien",
        "dplf": "",
        "accessibilite": "A Pieds",
        "structure": "Tour carrée blanche lanterne noire",
        "validationExpedition": "Oui",
        "departement": "TK-2A",
        "wlotta": "Oui",
        "positionDMS": "41°37,0 N 009°21,4 E",
        "recherchePourcentage": "100%",
        "derniereActivite": "2002",
        "typePoint": "lighthouse"
      }
    },
    {
      "type": "Feature",
      "id": "ID390",
      "geometry": {
        "type": "Point",
        "coordinates": [
          9.2917,
          41.61
        ]
      },
      "properties": {
        "idPage": 390,
        "nom": "Pointe Sud de Pozzoli",
        "dplf": "",
        "accessibilite": "Voiture",
        "structure": "Tourelle blanche haut noir",
        "validationExpedition": "Oui",
        "departement": "TK-2A",
        "wlotta": "Oui",
        "positionDMS": "41°36,6 N 009°17,5 E",
        "recherchePourcentage": "100%",
        "derniereActivite": "2009",
        "typePoint": "lighthouse"
      }
    },
    {
      "type": "Feature",
      "id": "ID391",
      "geometry": {
        "type": "Point",
        "coordinates": [
          9.3167,
          41.3667
        ]
      },
      "properties": {
        "idPage": 391,
        "nom": "Rocher de Perduto",
        "dplf": "",
        "accessibilite": "Bateau",
        "structure": "Tourelle noire et jaune",
        "validationExpedition": "Oui",
        "departement": "TK-2A",
        "wlotta": "Oui",
        "positionDMS": "41°22,0 N 009°19,0 E",
        "recherchePourcentage": "100%",
        "derniereActivite": "2011",
        "typePoint": "lighthouse"
      }
    },
    {
      "type": "Feature",
      "id": "ID392",
      "geometry": {
        "type": "Point",
        "coordinates": [
          8.7417,
          41.915
        ]
      },
      "properties": {
        "idPage": 392,
        "nom": "Ile Corse",
        "dplf": "",
        "accessibilite": "Bateau",
        "structure": "Validation expédition : Oui",
        "validationExpedition": "Oui",
        "departement": "TK-2A et TK-2B",
        "wlotta": "Oui",
        "positionDMS": "41°54,9 N 008°44,5 E",
        "recherchePourcentage": "100%",
        "derniereActivite": "2010",
        "typePoint": "lighthouse"
      }
    },
    {
      "type": "Feature",
      "id": "ID393",
      "geometry": {
        "type": "Point",
        "coordinates": [
          8.5983,
          42.1317
        ]
      },
      "properties": {
        "idPage": 393,
        "nom": "Cargese - Jetée Sud",
        "dplf": "",
        "accessibilite": "Voiture",
        "structure": "Tourelle blanche haut rouge",
        "validationExpedition": "Oui",
        "departement": "TK-2A",
        "wlotta": "Oui",
        "positionDMS": "42°07,9 N 008°35,9 E",
        "recherchePourcentage": "100%",
        "derniereActivite": "2006",
        "typePoint": "lighthouse"
      }
    },
    {
      "type": "Feature",
      "id": "ID394",
      "geometry": {
        "type": "Point",
        "coordinates": [
          9.325,
          42.715
        ]
      },
      "properties": {
        "idPage": 394,
        "nom": "Pointe Vecchiaia",
        "dplf": "",
        "accessibilite": "A Pieds",
        "structure": "Tour blanche haut rouge",
        "validationExpedition": "Oui",
        "departement": "TK-2B",
        "wlotta": "Oui",
        "positionDMS": "42°42,9 N 009°19,5 E",
        "recherchePourcentage": "100%",
        "derniereActivite": "Expéditions réalisées :",
        "typePoint": "lighthouse"
      }
    },
    {
      "type": "Feature",
      "id": "ID395",
      "geometry": {
        "type": "Point",
        "coordinates": [
          8.9333,
          42.6433
        ]
      },
      "properties": {
        "idPage": 395,
        "nom": "Ile Rousse - La Pietra",
        "dplf": "",
        "accessibilite": "A Pieds",
        "structure": "Tour carrée blanche haut vert et maison blanche",
        "validationExpedition": "Oui",
        "departement": "TK-2B",
        "wlotta": "Oui",
        "positionDMS": "42°38,6 N 008°56,0 E",
        "recherchePourcentage": "100%",
        "derniereActivite": "Expéditions réalisées :",
        "typePoint": "lighthouse"
      }
    },
    {
      "type": "Feature",
      "id": "ID396",
      "geometry": {
        "type": "Point",
        "coordinates": [
          8.725,
          42.5817
        ]
      },
      "properties": {
        "idPage": 396,
        "nom": "Pointe Revellata",
        "dplf": "",
        "accessibilite": "A Pieds",
        "structure": "Tour carrée blanche haut et angles noirs",
        "validationExpedition": "Oui",
        "departement": "TK-2B",
        "wlotta": "Oui",
        "positionDMS": "42°34,9 N 008°43,5 E",
        "recherchePourcentage": "100%",
        "derniereActivite": "Expéditions réalisées :",
        "typePoint": "lighthouse"
      }
    },
    {
      "type": "Feature",
      "id": "ID397",
      "geometry": {
        "type": "Point",
        "coordinates": [
          9.4567,
          42.96
        ]
      },
      "properties": {
        "idPage": 397,
        "nom": "Macinaggio",
        "dplf": "",
        "accessibilite": "Voiture",
        "structure": "Tour blanche haut rouge",
        "validationExpedition": "Oui",
        "departement": "TK-2B",
        "wlotta": "Oui",
        "positionDMS": "42°57,6 N 009°27,4 E",
        "recherchePourcentage": "100%",
        "derniereActivite": "2006",
        "typePoint": "lighthouse"
      }
    },
    {
      "type": "Feature",
      "id": "ID398",
      "geometry": {
        "type": "Point",
        "coordinates": [
          9.4067,
          43.0267
        ]
      },
      "properties": {
        "idPage": 398,
        "nom": "Ile Giraglia",
        "dplf": "",
        "accessibilite": "Bateau",
        "structure": "Tour blanche haut noir",
        "validationExpedition": "Oui",
        "departement": "TK-2B",
        "wlotta": "Oui",
        "positionDMS": "43°01,6 N 009°24,4 E",
        "recherchePourcentage": "100%",
        "derniereActivite": "2001",
        "typePoint": "lighthouse"
      }
    },
    {
      "type": "Feature",
      "id": "ID399",
      "geometry": {
        "type": "Point",
        "coordinates": [
          9.5417,
          42.26
        ]
      },
      "properties": {
        "idPage": 399,
        "nom": "Alistro",
        "dplf": "",
        "accessibilite": "Voiture",
        "structure": "Tour grise bâtiment rouge lanterne noire",
        "validationExpedition": "Oui",
        "departement": "TK-2B",
        "wlotta": "Oui",
        "positionDMS": "42°15,6 N 009°32,5 E",
        "recherchePourcentage": "100%",
        "derniereActivite": "2002",
        "typePoint": "lighthouse"
      }
    },
    {
      "type": "Feature",
      "id": "ID400",
      "geometry": {
        "type": "Point",
        "coordinates": [
          8.7633,
          42.5667
        ]
      },
      "properties": {
        "idPage": 400,
        "nom": "Calvi - Jetée de la citadelle",
        "dplf": "",
        "accessibilite": "A Pieds",
        "structure": "Tourelle carrée grise haut vert foncé",
        "validationExpedition": "Oui",
        "departement": "TK-2B",
        "wlotta": "Oui",
        "positionDMS": "42°34,0 N 008°45,8 E",
        "recherchePourcentage": "100%",
        "derniereActivite": "Expéditions réalisées :",
        "typePoint": "lighthouse"
      }
    },
    {
      "type": "Feature",
      "id": "ID401",
      "geometry": {
        "type": "Point",
        "coordinates": [
          8.5333,
          42.3717
        ]
      },
      "properties": {
        "idPage": 401,
        "nom": "Ile Gargalu",
        "dplf": "",
        "accessibilite": "Bateau",
        "structure": "Colonne blanche haut noir",
        "validationExpedition": "Oui",
        "departement": "TK-2A",
        "wlotta": "Oui",
        "positionDMS": "42°22,3 N 008°32,0 E",
        "recherchePourcentage": "100%",
        "derniereActivite": "Expéditions réalisées :",
        "typePoint": "lighthouse"
      }
    },
    {
      "type": "Feature",
      "id": "ID402",
      "geometry": {
        "type": "Point",
        "coordinates": [
          9.2567,
          42.7167
        ]
      },
      "properties": {
        "idPage": 402,
        "nom": "Pointe Mortella",
        "dplf": "",
        "accessibilite": "A Pieds",
        "structure": "Tour carrée blanche haut vert",
        "validationExpedition": "Oui",
        "departement": "TK-2B",
        "wlotta": "Oui",
        "positionDMS": "42°43,0 N 009°15,4 E",
        "recherchePourcentage": "100%",
        "derniereActivite": "Expéditions réalisées :",
        "typePoint": "lighthouse"
      }
    },
    {
      "type": "Feature",
      "id": "ID403",
      "geometry": {
        "type": "Point",
        "coordinates": [
          8.94,
          42.64
        ]
      },
      "properties": {
        "idPage": 403,
        "nom": "Ile Rousse - Jetée",
        "dplf": "",
        "accessibilite": "A Pieds",
        "structure": "Tour blanche haut vert foncé",
        "validationExpedition": "Oui",
        "departement": "TK-2B",
        "wlotta": "Oui",
        "positionDMS": "42°38,4 N 008°56,4 E",
        "recherchePourcentage": "100%",
        "derniereActivite": "Expéditions réalisées :",
        "typePoint": "lighthouse"
      }
    },
    {
      "type": "Feature",
      "id": "ID404",
      "geometry": {
        "type": "Point",
        "coordinates": [
          9.4533,
          42.695
        ]
      },
      "properties": {
        "idPage": 404,
        "nom": "Bastia - Jetée du Dragon",
        "dplf": "",
        "accessibilite": "A Pieds",
        "structure": "Tour gris clair haut gris foncé lanterne rouge",
        "validationExpedition": "Oui",
        "departement": "TK-2B",
        "wlotta": "Oui",
        "positionDMS": "42°41,7 N 009°27,2 E",
        "recherchePourcentage": "100%",
        "derniereActivite": "Expéditions réalisées :",
        "typePoint": "lighthouse"
      }
    },
    {
      "type": "Feature",
      "id": "ID405",
      "geometry": {
        "type": "Point",
        "coordinates": [
          9.455,
          42.6983
        ]
      },
      "properties": {
        "idPage": 405,
        "nom": "Bastia - Jetée St Nicolas",
        "dplf": "",
        "accessibilite": "A Pieds",
        "structure": "Tourelle haut vert",
        "validationExpedition": "Oui",
        "departement": "TK-2B",
        "wlotta": "Oui",
        "positionDMS": "42°41,9 N 009°27,3 E",
        "recherchePourcentage": "100%",
        "derniereActivite": "Expéditions réalisées :",
        "typePoint": "lighthouse"
      }
    },
    {
      "type": "Feature",
      "id": "ID406",
      "geometry": {
        "type": "Point",
        "coordinates": [
          9.4917,
          42.7967
        ]
      },
      "properties": {
        "idPage": 406,
        "nom": "Cap Sagro",
        "dplf": "",
        "accessibilite": "Voiture",
        "structure": "Tourelle blanche haut vert",
        "validationExpedition": "Oui",
        "departement": "TK-2B",
        "wlotta": "Oui",
        "positionDMS": "42°47,8 N 009°29,5 E",
        "recherchePourcentage": "100%",
        "derniereActivite": "Expéditions réalisées :",
        "typePoint": "lighthouse"
      }
    },
    {
      "type": "Feature",
      "id": "ID407",
      "geometry": {
        "type": "Point",
        "coordinates": [
          2.3533,
          51.06
        ]
      },
      "properties": {
        "idPage": 407,
        "nom": "Musoir - Jetée Est",
        "dplf": "",
        "accessibilite": "A Pieds",
        "structure": "Pylône blanc haut rouge",
        "validationExpedition": "Oui",
        "departement": "59",
        "wlotta": "Oui",
        "positionDMS": "51°03,6 N 002°21,2 E",
        "recherchePourcentage": "100%",
        "derniereActivite": "Expéditions réalisées :",
        "typePoint": "lighthouse"
      }
    },
    {
      "type": "Feature",
      "id": "ID408",
      "geometry": {
        "type": "Point",
        "coordinates": [
          2.3683,
          51.0483
        ]
      },
      "properties": {
        "idPage": 408,
        "nom": "Ecluse Trystram - Arrière",
        "dplf": "",
        "accessibilite": "Voiture",
        "structure": "Colonne blanche haut rouge",
        "validationExpedition": "Oui",
        "departement": "59",
        "wlotta": "Oui",
        "positionDMS": "51°02,9 N 002°22,1 E",
        "recherchePourcentage": "100%",
        "derniereActivite": "Expéditions réalisées :",
        "typePoint": "lighthouse"
      }
    },
    {
      "type": "Feature",
      "id": "ID409",
      "geometry": {
        "type": "Point",
        "coordinates": [
          2.3667,
          51.05
        ]
      },
      "properties": {
        "idPage": 409,
        "nom": "Ecluse Trystram - Avant",
        "dplf": "",
        "accessibilite": "Voiture",
        "structure": "Colonne blanche haut rouge",
        "validationExpedition": "Oui",
        "departement": "59",
        "wlotta": "Oui",
        "positionDMS": "51°03,0 N 002°22,0 E",
        "recherchePourcentage": "100%",
        "derniereActivite": "Expéditions réalisées :",
        "typePoint": "lighthouse"
      }
    },
    {
      "type": "Feature",
      "id": "ID410",
      "geometry": {
        "type": "Point",
        "coordinates": [
          2.18,
          51.0
        ]
      },
      "properties": {
        "idPage": 410,
        "nom": "Direction 167",
        "dplf": "",
        "accessibilite": "Voiture",
        "structure": "Cabane sur pylone",
        "validationExpedition": "Oui",
        "departement": "59",
        "wlotta": "Oui",
        "positionDMS": "51°00,0 N 002°10,8 E",
        "recherchePourcentage": "100%",
        "derniereActivite": "Expéditions réalisées :",
        "typePoint": "lighthouse"
      }
    },
    {
      "type": "Feature",
      "id": "ID411",
      "geometry": {
        "type": "Point",
        "coordinates": [
          2.1633,
          51.0433
        ]
      },
      "properties": {
        "idPage": 411,
        "nom": "Jetée du Clipon",
        "dplf": "",
        "accessibilite": "A Pieds",
        "structure": "Colonne blanche haut rouge",
        "validationExpedition": "Oui",
        "departement": "59",
        "wlotta": "Oui",
        "positionDMS": "51°02,6 N 002°09,8 E",
        "recherchePourcentage": "100%",
        "derniereActivite": "Expéditions réalisées :",
        "typePoint": "lighthouse"
      }
    },
    {
      "type": "Feature",
      "id": "ID412",
      "geometry": {
        "type": "Point",
        "coordinates": [
          1.775,
          50.9533
        ]
      },
      "properties": {
        "idPage": 412,
        "nom": "Sangatte",
        "dplf": "",
        "accessibilite": "Voiture",
        "structure": "Pylone blanc haut vert",
        "validationExpedition": "Oui",
        "departement": "62",
        "wlotta": "Oui",
        "positionDMS": "50°57,2 N 001°46,5 E",
        "recherchePourcentage": "100%",
        "derniereActivite": "Expéditions réalisées :",
        "typePoint": "lighthouse"
      }
    },
    {
      "type": "Feature",
      "id": "ID413",
      "geometry": {
        "type": "Point",
        "coordinates": [
          1.6033,
          50.7267
        ]
      },
      "properties": {
        "idPage": 413,
        "nom": "Boulogne Arriere - Centre Quai Gambetta",
        "dplf": "",
        "accessibilite": "Voiture",
        "structure": "Immeuble gris haut rouge",
        "validationExpedition": "Oui",
        "departement": "62",
        "wlotta": "Oui",
        "positionDMS": "50°43,6 N 001°36,2 E",
        "recherchePourcentage": "100%",
        "derniereActivite": "Expéditions réalisées :",
        "typePoint": "lighthouse"
      }
    },
    {
      "type": "Feature",
      "id": "ID414",
      "geometry": {
        "type": "Point",
        "coordinates": [
          1.5667,
          50.7233
        ]
      },
      "properties": {
        "idPage": 414,
        "nom": "Boulogne Ro Ro Berths Range - Arrière",
        "dplf": "",
        "accessibilite": "A Pieds",
        "structure": "Tour Rouge bande blanche",
        "validationExpedition": "Oui",
        "departement": "62",
        "wlotta": "Oui",
        "positionDMS": "50°43,4 N 001°34,0 E",
        "recherchePourcentage": "100%",
        "derniereActivite": "Expéditions réalisées :",
        "typePoint": "lighthouse"
      }
    },
    {
      "type": "Feature",
      "id": "ID415",
      "geometry": {
        "type": "Point",
        "coordinates": [
          1.5683,
          50.7283
        ]
      },
      "properties": {
        "idPage": 415,
        "nom": "Boulogne Ro Ro Berths Range - Avant",
        "dplf": "",
        "accessibilite": "A Pieds",
        "structure": "Tour Rouge bande blanche",
        "validationExpedition": "Oui",
        "departement": "62",
        "wlotta": "Oui",
        "positionDMS": "50°43,7 N 001°34,1 E",
        "recherchePourcentage": "100%",
        "derniereActivite": "Expéditions réalisées :",
        "typePoint": "lighthouse"
      }
    },
    {
      "type": "Feature",
      "id": "ID416",
      "geometry": {
        "type": "Point",
        "coordinates": [
          1.6067,
          50.5483
        ]
      },
      "properties": {
        "idPage": 416,
        "nom": "Camiers",
        "dplf": "",
        "accessibilite": "A Pieds",
        "structure": "Tour métallique rouge",
        "validationExpedition": "Oui",
        "departement": "62",
        "wlotta": "Oui",
        "positionDMS": "50°32,9 N 001°36,4 E",
        "recherchePourcentage": "100%",
        "derniereActivite": "Expéditions réalisées :",
        "typePoint": "lighthouse"
      }
    },
    {
      "type": "Feature",
      "id": "ID417",
      "geometry": {
        "type": "Point",
        "coordinates": [
          1.6433,
          50.1867
        ]
      },
      "properties": {
        "idPage": 417,
        "nom": "Saint Valery Sur Somme - Quai du Commerce",
        "dplf": "",
        "accessibilite": "A pieds",
        "structure": "Support blanc haut rouge",
        "validationExpedition": "Oui",
        "departement": "80",
        "wlotta": "Non",
        "positionDMS": "50°11,2 N 001°38,6 E",
        "recherchePourcentage": "100%",
        "derniereActivite": "2024",
        "typePoint": "lighthouse"
      }
    },
    {
      "type": "Feature",
      "id": "ID418",
      "geometry": {
        "type": "Point",
        "coordinates": [
          1.6267,
          50.1917
        ]
      },
      "properties": {
        "idPage": 418,
        "nom": "Saint Valéry sur Somme Entrée",
        "dplf": "",
        "accessibilite": "Voiture",
        "structure": "Pylône Vert",
        "validationExpedition": "Oui",
        "departement": "80",
        "wlotta": "Non",
        "positionDMS": "50°11,5 N 001°37,6 E",
        "recherchePourcentage": "100%",
        "derniereActivite": "2025",
        "typePoint": "lighthouse"
      }
    },
    {
      "type": "Feature",
      "id": "ID419",
      "geometry": {
        "type": "Point",
        "coordinates": [
          1.6233,
          50.215
        ]
      },
      "properties": {
        "idPage": 419,
        "nom": "Le Crotoy Entrée Nord",
        "dplf": "",
        "accessibilite": "Voiture, à pieds",
        "structure": "Pylône pyramidal Blanc",
        "validationExpedition": "Oui",
        "departement": "80",
        "wlotta": "Non",
        "positionDMS": "50°12,9 N 001°37,4 E",
        "recherchePourcentage": "100%",
        "derniereActivite": "Aucune",
        "typePoint": "lighthouse"
      }
    },
    {
      "type": "Feature",
      "id": "ID420",
      "geometry": {
        "type": "Point",
        "coordinates": [
          0.15,
          49.6533
        ]
      },
      "properties": {
        "idPage": 420,
        "nom": "Chenal d'Antifer - Leading",
        "dplf": "",
        "accessibilite": "Voiture",
        "structure": "Pylone",
        "validationExpedition": "Oui",
        "departement": "76",
        "wlotta": "Oui",
        "positionDMS": "49°39,2 N 000°09,0 E",
        "recherchePourcentage": "100%",
        "derniereActivite": "Expéditions réalisées :",
        "typePoint": "lighthouse"
      }
    },
    {
      "type": "Feature",
      "id": "ID421",
      "geometry": {
        "type": "Point",
        "coordinates": [
          0.1533,
          49.6583
        ]
      },
      "properties": {
        "idPage": 421,
        "nom": "Antifer Terminal - Approach",
        "dplf": "",
        "accessibilite": "Voiture",
        "structure": "Pylône blanc haut noir",
        "validationExpedition": "Oui",
        "departement": "76",
        "wlotta": "Oui",
        "positionDMS": "49°39,5 N 000°09,2 E",
        "recherchePourcentage": "100%",
        "derniereActivite": "Expéditions réalisées :",
        "typePoint": "lighthouse"
      }
    },
    {
      "type": "Feature",
      "id": "ID422",
      "geometry": {
        "type": "Point",
        "coordinates": [
          0.1567,
          49.6367
        ]
      },
      "properties": {
        "idPage": 422,
        "nom": "Antifer Terminal Arrière",
        "dplf": "",
        "accessibilite": "Voiture",
        "structure": "Pylone blanc haut vert",
        "validationExpedition": "Oui",
        "departement": "76",
        "wlotta": "Oui",
        "positionDMS": "49°38,2 N 000°09,4 E",
        "recherchePourcentage": "100%",
        "derniereActivite": "Expéditions réalisées :",
        "typePoint": "lighthouse"
      }
    },
    {
      "type": "Feature",
      "id": "ID423",
      "geometry": {
        "type": "Point",
        "coordinates": [
          0.1283,
          49.67
        ]
      },
      "properties": {
        "idPage": 423,
        "nom": "Antifer Terminal - Amarrage 3",
        "dplf": "",
        "accessibilite": "A Pieds",
        "structure": "Pylone blanc haut rouge",
        "validationExpedition": "Oui",
        "departement": "76",
        "wlotta": "Oui",
        "positionDMS": "49°40,2 N 000°07,7 E",
        "recherchePourcentage": "100%",
        "derniereActivite": "Expéditions réalisées :",
        "typePoint": "lighthouse"
      }
    },
    {
      "type": "Feature",
      "id": "ID424",
      "geometry": {
        "type": "Point",
        "coordinates": [
          0.135,
          49.67
        ]
      },
      "properties": {
        "idPage": 424,
        "nom": "Antifer Terminal - Amarrage 2",
        "dplf": "",
        "accessibilite": "A Pieds",
        "structure": "Pylone blanc haut rouge",
        "validationExpedition": "Oui",
        "departement": "76",
        "wlotta": "Oui",
        "positionDMS": "49°40,2 N 000°08,1 E",
        "recherchePourcentage": "100%",
        "derniereActivite": "Expéditions réalisées :",
        "typePoint": "lighthouse"
      }
    },
    {
      "type": "Feature",
      "id": "ID425",
      "geometry": {
        "type": "Point",
        "coordinates": [
          0.1517,
          49.6383
        ]
      },
      "properties": {
        "idPage": 425,
        "nom": "Antifer Approach Avant",
        "dplf": "",
        "accessibilite": "Voiture",
        "structure": "Pylone blanc haut vert",
        "validationExpedition": "Oui",
        "departement": "76",
        "wlotta": "Oui",
        "positionDMS": "49°38,3 N 000°09,1 E",
        "recherchePourcentage": "100%",
        "derniereActivite": "Expéditions réalisées :",
        "typePoint": "lighthouse"
      }
    },
    {
      "type": "Feature",
      "id": "ID426",
      "geometry": {
        "type": "Point",
        "coordinates": [
          0.1383,
          49.4683
        ]
      },
      "properties": {
        "idPage": 426,
        "nom": "Le Havre - Digue Charles Laroch - Bassin rené Coty",
        "dplf": "",
        "accessibilite": "A Pieds",
        "structure": "Tour pyramidale blanche haut vert",
        "validationExpedition": "Oui",
        "departement": "76",
        "wlotta": "Oui",
        "positionDMS": "49°28,1 N 000°08,3 E",
        "recherchePourcentage": "100%",
        "derniereActivite": "Expéditions réalisées :",
        "typePoint": "lighthouse"
      }
    },
    {
      "type": "Feature",
      "id": "ID427",
      "geometry": {
        "type": "Point",
        "coordinates": [
          1.09,
          49.9333
        ]
      },
      "properties": {
        "idPage": 427,
        "nom": "Falaise du Pollet",
        "dplf": "",
        "accessibilite": "Voiture",
        "structure": "Structure blanche et rouge",
        "validationExpedition": "Oui",
        "departement": "76",
        "wlotta": "Oui",
        "positionDMS": "49°56,0 N 001°05,4 E",
        "recherchePourcentage": "100%",
        "derniereActivite": "Expéditions réalisées :",
        "typePoint": "lighthouse"
      }
    },
    {
      "type": "Feature",
      "id": "ID428",
      "geometry": {
        "type": "Point",
        "coordinates": [
          0.0767,
          49.365
        ]
      },
      "properties": {
        "idPage": 428,
        "nom": "Trouville - La Cahotte - Front",
        "dplf": "",
        "accessibilite": "Voiture, à pieds",
        "structure": "Pylône blanc haut rouge",
        "validationExpedition": "Oui",
        "departement": "14",
        "wlotta": "Non",
        "positionDMS": "49°21,9 N 000°04,6 E",
        "recherchePourcentage": "100%",
        "derniereActivite": "Expéditions réalisées :",
        "typePoint": "lighthouse"
      }
    },
    {
      "type": "Feature",
      "id": "ID429",
      "geometry": {
        "type": "Point",
        "coordinates": [
          0.0683,
          49.3733
        ]
      },
      "properties": {
        "idPage": 429,
        "nom": "Trouville - Enrochement Ouest",
        "dplf": "",
        "accessibilite": "Bateau",
        "structure": "Pylône noir haut vert",
        "validationExpedition": "Oui",
        "departement": "14",
        "wlotta": "Non",
        "positionDMS": "49°22,4 N 000°04,1 E",
        "recherchePourcentage": "100%",
        "derniereActivite": "Expéditions réalisées :",
        "typePoint": "lighthouse"
      }
    },
    {
      "type": "Feature",
      "id": "ID430",
      "geometry": {
        "type": "Point",
        "coordinates": [
          -0.2467,
          49.28
        ]
      },
      "properties": {
        "idPage": 430,
        "nom": "Ouistreham Rear",
        "dplf": "",
        "accessibilite": "Voiture, à Pieds",
        "structure": "Tripode",
        "validationExpedition": "Oui",
        "departement": "14",
        "wlotta": "Non",
        "positionDMS": "49°16,8 N 000°14,8 W",
        "recherchePourcentage": "100%",
        "derniereActivite": "Expéditions réalisées :",
        "typePoint": "lighthouse"
      }
    },
    {
      "type": "Feature",
      "id": "ID431",
      "geometry": {
        "type": "Point",
        "coordinates": [
          -0.4567,
          49.34
        ]
      },
      "properties": {
        "idPage": 431,
        "nom": "Courseulles sur Mer - Jetée Ouest submersible",
        "dplf": "",
        "accessibilite": "Bateau, à Pieds",
        "structure": "Pylône haut vert",
        "validationExpedition": "Oui",
        "departement": "14",
        "wlotta": "Non",
        "positionDMS": "49°20,4 N 000°27,4 W",
        "recherchePourcentage": "100%",
        "derniereActivite": "Expéditions réalisées :",
        "typePoint": "lighthouse"
      }
    },
    {
      "type": "Feature",
      "id": "ID432",
      "geometry": {
        "type": "Point",
        "coordinates": [
          -0.7567,
          49.3533
        ]
      },
      "properties": {
        "idPage": 432,
        "nom": "Port en Bessin - Jetée Ouest",
        "dplf": "",
        "accessibilite": "A Pieds",
        "structure": "Pylône Vert",
        "validationExpedition": "Oui",
        "departement": "14",
        "wlotta": "Non",
        "positionDMS": "49°21,2 N 000°45,4 W",
        "recherchePourcentage": "100%",
        "derniereActivite": "Expéditions réalisées :",
        "typePoint": "lighthouse"
      }
    },
    {
      "type": "Feature",
      "id": "ID433",
      "geometry": {
        "type": "Point",
        "coordinates": [
          -0.7583,
          49.35
        ]
      },
      "properties": {
        "idPage": 433,
        "nom": "Port en Bessin - Front",
        "dplf": "",
        "accessibilite": "En voiture, à Pieds",
        "structure": "Pylône blanc haut vert",
        "validationExpedition": "Oui",
        "departement": "14",
        "wlotta": "Non",
        "positionDMS": "49°21,0 N 000°45,5 W",
        "recherchePourcentage": "100%",
        "derniereActivite": "Expéditions réalisées :",
        "typePoint": "lighthouse"
      }
    },
    {
      "type": "Feature",
      "id": "ID434",
      "geometry": {
        "type": "Point",
        "coordinates": [
          -0.2467,
          49.285
        ]
      },
      "properties": {
        "idPage": 434,
        "nom": "Ouistreham - Jetée Est",
        "dplf": "",
        "accessibilite": "A Pieds",
        "structure": "Pylône blanc haut rouge",
        "validationExpedition": "Oui",
        "departement": "14",
        "wlotta": "Non",
        "positionDMS": "49°17,1 N 000°14,8 W",
        "recherchePourcentage": "100%",
        "derniereActivite": "Expéditions réalisées :",
        "typePoint": "lighthouse"
      }
    },
    {
      "type": "Feature",
      "id": "ID435",
      "geometry": {
        "type": "Point",
        "coordinates": [
          -1.0467,
          49.39
        ]
      },
      "properties": {
        "idPage": 435,
        "nom": "Grandcamp-Maisy - Rear",
        "dplf": "",
        "accessibilite": "En Voiture, à Pieds",
        "structure": "Pylône blanc haut rouge",
        "validationExpedition": "Oui",
        "departement": "14",
        "wlotta": "Non",
        "positionDMS": "49°23,4 N 001°02,8 W",
        "recherchePourcentage": "100%",
        "derniereActivite": "Expéditions réalisées :",
        "typePoint": "lighthouse"
      }
    },
    {
      "type": "Feature",
      "id": "ID436",
      "geometry": {
        "type": "Point",
        "coordinates": [
          -1.1133,
          49.3267
        ]
      },
      "properties": {
        "idPage": 436,
        "nom": "Carentan - Isigny 173°",
        "dplf": "",
        "accessibilite": "En Voiture, à Pieds",
        "structure": "Pylône blanc",
        "validationExpedition": "Oui",
        "departement": "14",
        "wlotta": "Non",
        "positionDMS": "49°19,6 N 001°06,8 W",
        "recherchePourcentage": "100%",
        "derniereActivite": "Expéditions réalisées :",
        "typePoint": "lighthouse"
      }
    },
    {
      "type": "Feature",
      "id": "ID437",
      "geometry": {
        "type": "Point",
        "coordinates": [
          -1.0483,
          49.39
        ]
      },
      "properties": {
        "idPage": 437,
        "nom": "Grandcamp-Maisy - Front",
        "dplf": "",
        "accessibilite": "En Voiture, à Pieds",
        "structure": "Pylône blanc haut rouge",
        "validationExpedition": "Oui",
        "departement": "14",
        "wlotta": "Non",
        "positionDMS": "49°23,4 N 001°02,9 W",
        "recherchePourcentage": "100%",
        "derniereActivite": "Expéditions réalisées :",
        "typePoint": "lighthouse"
      }
    },
    {
      "type": "Feature",
      "id": "ID438",
      "geometry": {
        "type": "Point",
        "coordinates": [
          -1.0467,
          49.385
        ]
      },
      "properties": {
        "idPage": 438,
        "nom": "Grandcamp-Maisy - La Maresquerie",
        "dplf": "",
        "accessibilite": "En Voiture, à Pieds",
        "structure": "Pylône blanc",
        "validationExpedition": "Oui",
        "departement": "14",
        "wlotta": "Non",
        "positionDMS": "49°23,1 N 001°02,8 W",
        "recherchePourcentage": "100%",
        "derniereActivite": "Expéditions réalisées :",
        "typePoint": "lighthouse"
      }
    },
    {
      "type": "Feature",
      "id": "ID439",
      "geometry": {
        "type": "Point",
        "coordinates": [
          -1.05,
          49.3917
        ]
      },
      "properties": {
        "idPage": 439,
        "nom": "Grandcamp-Maisy - Bout de la jetée Est",
        "dplf": "",
        "accessibilite": "A Pieds",
        "structure": "Colonne blanche haut rouge",
        "validationExpedition": "Oui",
        "departement": "14",
        "wlotta": "Non",
        "positionDMS": "49°23,5 N 001°03,0 W",
        "recherchePourcentage": "100%",
        "derniereActivite": "Expéditions réalisées :",
        "typePoint": "lighthouse"
      }
    },
    {
      "type": "Feature",
      "id": "ID440",
      "geometry": {
        "type": "Point",
        "coordinates": [
          -1.0417,
          49.39
        ]
      },
      "properties": {
        "idPage": 440,
        "nom": "Grandcamp-Maisy - Perre",
        "dplf": "",
        "accessibilite": "En voiture, à Pieds",
        "structure": "Pylône blanc haut vert",
        "validationExpedition": "Oui",
        "departement": "14",
        "wlotta": "Non",
        "positionDMS": "49°23,4 N 001°02,5 W",
        "recherchePourcentage": "100%",
        "derniereActivite": "Expéditions réalisées :",
        "typePoint": "lighthouse"
      }
    },
    {
      "type": "Feature",
      "id": "ID445",
      "geometry": {
        "type": "Point",
        "coordinates": [
          -3.895,
          47.85
        ]
      },
      "properties": {
        "idPage": 445,
        "nom": "Baie de Pouldohan",
        "dplf": "",
        "accessibilite": "Voiture",
        "structure": "Tour carrée blanche et verte",
        "validationExpedition": "Oui",
        "departement": "29",
        "wlotta": "Oui",
        "positionDMS": "47°51,0 N 003°53,7 W",
        "recherchePourcentage": "100%",
        "derniereActivite": "2016",
        "typePoint": "lighthouse"
      }
    },
    {
      "type": "Feature",
      "id": "ID446",
      "geometry": {
        "type": "Point",
        "coordinates": [
          -3.91,
          47.8683
        ]
      },
      "properties": {
        "idPage": 446,
        "nom": "Lanriec",
        "dplf": "",
        "accessibilite": "Voiture",
        "structure": "Pylone blanc - Nom en vert sur pignon maison",
        "validationExpedition": "Oui",
        "departement": "29",
        "wlotta": "Oui",
        "positionDMS": "47°52,1 N 003°54,6 W",
        "recherchePourcentage": "100%",
        "derniereActivite": "2016",
        "typePoint": "lighthouse"
      }
    },
    {
      "type": "Feature",
      "id": "ID447",
      "geometry": {
        "type": "Point",
        "coordinates": [
          -4.1117,
          47.8717
        ]
      },
      "properties": {
        "idPage": 447,
        "nom": "Pointe du Coq",
        "dplf": "",
        "accessibilite": "Voiture",
        "structure": "Tour blanche rayure verte",
        "validationExpedition": "Oui",
        "departement": "29",
        "wlotta": "Oui",
        "positionDMS": "47°52,3 N 004°06,7 W",
        "recherchePourcentage": "100%",
        "derniereActivite": "2016",
        "typePoint": "lighthouse"
      }
    },
    {
      "type": "Feature",
      "id": "ID448",
      "geometry": {
        "type": "Point",
        "coordinates": [
          -1.2583,
          49.3367
        ]
      },
      "properties": {
        "idPage": 448,
        "nom": "Carentan Rear",
        "dplf": "",
        "accessibilite": "Voiture",
        "structure": "Pylone blanc haut vert",
        "validationExpedition": "Oui",
        "departement": "50",
        "wlotta": "Non",
        "positionDMS": "49°20,2 N 001°15,5 W",
        "recherchePourcentage": "100 %",
        "derniereActivite": "Expéditions réalisées :",
        "typePoint": "lighthouse"
      }
    },
    {
      "type": "Feature",
      "id": "ID449",
      "geometry": {
        "type": "Point",
        "coordinates": [
          -1.2733,
          49.5717
        ]
      },
      "properties": {
        "idPage": 449,
        "nom": "La Hougue Front",
        "dplf": "",
        "accessibilite": "A pieds",
        "structure": "Pylone blanc haut vert",
        "validationExpedition": "Oui",
        "departement": "50",
        "wlotta": "Non",
        "positionDMS": "49°34,3 N 001°16,4 W",
        "recherchePourcentage": "100 %",
        "derniereActivite": "Expéditions réalisées :",
        "typePoint": "lighthouse"
      }
    },
    {
      "type": "Feature",
      "id": "ID450",
      "geometry": {
        "type": "Point",
        "coordinates": [
          -1.185,
          49.3417
        ]
      },
      "properties": {
        "idPage": 450,
        "nom": "Carentan Front",
        "dplf": "",
        "accessibilite": "Voiture",
        "structure": "Pylone blanc haut rouge",
        "validationExpedition": "Oui",
        "departement": "50",
        "wlotta": "Non",
        "positionDMS": "49°20,5 N 001°11,1 W",
        "recherchePourcentage": "100 %",
        "derniereActivite": "Expéditions réalisées :",
        "typePoint": "lighthouse"
      }
    },
    {
      "type": "Feature",
      "id": "ID451",
      "geometry": {
        "type": "Point",
        "coordinates": [
          -1.795,
          46.495
        ]
      },
      "properties": {
        "idPage": 451,
        "nom": "Entrée Avant",
        "dplf": "",
        "accessibilite": "Voiture",
        "structure": "Tour carrée blanche lanterne rouge voyant rectangulaire blanc rouge blanc",
        "validationExpedition": "Oui",
        "departement": "85",
        "wlotta": "Oui",
        "positionDMS": "46°29,7 N 001°47,7 W",
        "recherchePourcentage": "100%",
        "derniereActivite": "2016",
        "typePoint": "lighthouse"
      }
    },
    {
      "type": "Feature",
      "id": "ID452",
      "geometry": {
        "type": "Point",
        "coordinates": [
          -1.64,
          49.6517
        ]
      },
      "properties": {
        "idPage": 452,
        "nom": "Bassin Napoléon - Common Rear",
        "dplf": "",
        "accessibilite": "Voiture",
        "structure": "Pylône Gris haut blanc",
        "validationExpedition": "Oui",
        "departement": "50",
        "wlotta": "Non",
        "positionDMS": "49°39,1 N 001°38,4 W",
        "recherchePourcentage": "100 %",
        "derniereActivite": "Expéditions réalisées :",
        "typePoint": "lighthouse"
      }
    },
    {
      "type": "Feature",
      "id": "ID453",
      "geometry": {
        "type": "Point",
        "coordinates": [
          -1.5983,
          49.655
        ]
      },
      "properties": {
        "idPage": 453,
        "nom": "Jetée des Flamands Est - Front",
        "dplf": "",
        "accessibilite": "Voiture",
        "structure": "Pylône blanc sur cabane",
        "validationExpedition": "Oui",
        "departement": "50",
        "wlotta": "Non",
        "positionDMS": "49°39,3 N 001°35,9 W",
        "recherchePourcentage": "100 %",
        "derniereActivite": "Expéditions réalisées :",
        "typePoint": "lighthouse"
      }
    },
    {
      "type": "Feature",
      "id": "ID454",
      "geometry": {
        "type": "Point",
        "coordinates": [
          0.0,
          0.0
        ]
      },
      "properties": {
        "idPage": 454,
        "nom": "Ile Pelée",
        "dplf": "",
        "accessibilite": "Bateau",
        "structure": "Tour rouge et blanche",
        "validationExpedition": "Oui",
        "departement": "50",
        "wlotta": "Oui",
        "positionDMS": "4940,2 N 001°35,1 W",
        "recherchePourcentage": "100%",
        "derniereActivite": "Expéditions réalisées :",
        "typePoint": "lighthouse"
      }
    },
    {
      "type": "Feature",
      "id": "ID455",
      "geometry": {
        "type": "Point",
        "coordinates": [
          -1.6167,
          49.6583
        ]
      },
      "properties": {
        "idPage": 455,
        "nom": "Jetée du Homet Range Front",
        "dplf": "",
        "accessibilite": "A pieds",
        "structure": "Support blanc haut vert",
        "validationExpedition": "Oui",
        "departement": "50",
        "wlotta": "Oui",
        "positionDMS": "49°39,5 N 001°37,0 W",
        "recherchePourcentage": "100%",
        "derniereActivite": "Expéditions réalisées :",
        "typePoint": "lighthouse"
      }
    },
    {
      "type": "Feature",
      "id": "ID456",
      "geometry": {
        "type": "Point",
        "coordinates": [
          -1.6317,
          49.66
        ]
      },
      "properties": {
        "idPage": 456,
        "nom": "Fort du Homet - Range Front",
        "dplf": "",
        "accessibilite": "Voiture",
        "structure": "Marque triangulaire blanche sur lanterne",
        "validationExpedition": "Oui",
        "departement": "50",
        "wlotta": "Non",
        "positionDMS": "49°39,6 N 001°37,9 W",
        "recherchePourcentage": "100 %",
        "derniereActivite": "Expéditions réalisées :",
        "typePoint": "lighthouse"
      }
    },
    {
      "type": "Feature",
      "id": "ID457",
      "geometry": {
        "type": "Point",
        "coordinates": [
          -1.6433,
          49.6533
        ]
      },
      "properties": {
        "idPage": 457,
        "nom": "Jetée des Flamands - Rear",
        "dplf": "",
        "accessibilite": "Voiture",
        "structure": "Piedestal vert su maison",
        "validationExpedition": "Oui",
        "departement": "50",
        "wlotta": "Non",
        "positionDMS": "49°39,2 N 001°38,6 W",
        "recherchePourcentage": "100 %",
        "derniereActivite": "Expéditions réalisées :",
        "typePoint": "lighthouse"
      }
    },
    {
      "type": "Feature",
      "id": "ID458",
      "geometry": {
        "type": "Point",
        "coordinates": [
          -1.9283,
          49.7333
        ]
      },
      "properties": {
        "idPage": 458,
        "nom": "La Plate - Ronde",
        "dplf": "",
        "accessibilite": "Bateau",
        "structure": "Tour octogonale jaune haut noir",
        "validationExpedition": "Oui",
        "departement": "50",
        "wlotta": "Oui",
        "positionDMS": "49°44,0 N 001°55,7 W",
        "recherchePourcentage": "100%",
        "derniereActivite": "Expéditions réalisées :",
        "typePoint": "lighthouse"
      }
    },
    {
      "type": "Feature",
      "id": "ID459",
      "geometry": {
        "type": "Point",
        "coordinates": [
          -1.5983,
          49.6717
        ]
      },
      "properties": {
        "idPage": 459,
        "nom": "Fort de l'Est - Digue centrale",
        "dplf": "",
        "accessibilite": "Bateau",
        "structure": "Pylône blanc haut vert",
        "validationExpedition": "Oui",
        "departement": "50",
        "wlotta": "Oui",
        "positionDMS": "49°40,3 N 001°35,9 W",
        "recherchePourcentage": "100 %",
        "derniereActivite": "Expéditions réalisées :",
        "typePoint": "lighthouse"
      }
    },
    {
      "type": "Feature",
      "id": "ID460",
      "geometry": {
        "type": "Point",
        "coordinates": [
          -1.7,
          49.3367
        ]
      },
      "properties": {
        "idPage": 460,
        "nom": "Portbail Rear",
        "dplf": "",
        "accessibilite": "Voiture",
        "structure": "Dans le Clocher",
        "validationExpedition": "Oui",
        "departement": "50",
        "wlotta": "Non",
        "positionDMS": "49°20,2 N 001°42,0 W",
        "recherchePourcentage": "100 %",
        "derniereActivite": "Expéditions réalisées :",
        "typePoint": "lighthouse"
      }
    },
    {
      "type": "Feature",
      "id": "ID461",
      "geometry": {
        "type": "Point",
        "coordinates": [
          -1.6033,
          48.8267
        ]
      },
      "properties": {
        "idPage": 461,
        "nom": "Le Loup",
        "dplf": "",
        "accessibilite": "Bateau",
        "structure": "Tourelle noire et rouge",
        "validationExpedition": "Oui",
        "departement": "50",
        "wlotta": "Oui",
        "positionDMS": "48°49,6 N 001°36,2 W",
        "recherchePourcentage": "100%",
        "derniereActivite": "Expéditions réalisées :",
        "typePoint": "lighthouse"
      }
    },
    {
      "type": "Feature",
      "id": "ID462",
      "geometry": {
        "type": "Point",
        "coordinates": [
          -1.6167,
          49.6467
        ]
      },
      "properties": {
        "idPage": 462,
        "nom": "Gare Maritime",
        "dplf": "",
        "accessibilite": "Voiture",
        "structure": "Pylône gris , marque triangulaire banche",
        "validationExpedition": "Oui",
        "departement": "50",
        "wlotta": "Oui",
        "positionDMS": "49°38,8 N 001°37,0 W",
        "recherchePourcentage": "100%",
        "derniereActivite": "Expéditions réalisées :",
        "typePoint": "lighthouse"
      }
    },
    {
      "type": "Feature",
      "id": "ID463",
      "geometry": {
        "type": "Point",
        "coordinates": [
          -1.8367,
          49.705
        ]
      },
      "properties": {
        "idPage": 463,
        "nom": "Omonville La Rogue",
        "dplf": "",
        "accessibilite": "Voiture",
        "structure": "Pylône blanc haut rouge",
        "validationExpedition": "Oui",
        "departement": "50",
        "wlotta": "Oui",
        "positionDMS": "49°42,3 N 001°50,2 W",
        "recherchePourcentage": "100%",
        "derniereActivite": "Expéditions réalisées :",
        "typePoint": "lighthouse"
      }
    },
    {
      "type": "Feature",
      "id": "ID464",
      "geometry": {
        "type": "Point",
        "coordinates": [
          -1.6417,
          49.6583
        ]
      },
      "properties": {
        "idPage": 464,
        "nom": "Jetée des Flamands - Anchorage Range",
        "dplf": "",
        "accessibilite": "Voiture",
        "structure": "Pylône blanc",
        "validationExpedition": "Oui",
        "departement": "50",
        "wlotta": "Oui",
        "positionDMS": "49°39,5 N 001°38,5 W",
        "recherchePourcentage": "100%",
        "derniereActivite": "Expéditions réalisées :",
        "typePoint": "lighthouse"
      }
    },
    {
      "type": "Feature",
      "id": "ID465",
      "geometry": {
        "type": "Point",
        "coordinates": [
          -1.6333,
          49.6583
        ]
      },
      "properties": {
        "idPage": 465,
        "nom": "Fort du Homet",
        "dplf": "",
        "accessibilite": "Voiture",
        "structure": "Marque triangulaire blanche sur lanterne",
        "validationExpedition": "Oui",
        "departement": "50",
        "wlotta": "Oui",
        "positionDMS": "49°39,5 N 001°38,0 W",
        "recherchePourcentage": "100%",
        "derniereActivite": "Expéditions réalisées :",
        "typePoint": "lighthouse"
      }
    },
    {
      "type": "Feature",
      "id": "ID466",
      "geometry": {
        "type": "Point",
        "coordinates": [
          -1.7083,
          49.33
        ]
      },
      "properties": {
        "idPage": 466,
        "nom": "La Callourie",
        "dplf": "",
        "accessibilite": "Voiture",
        "structure": "Pylône blanc haut rouge",
        "validationExpedition": "Oui",
        "departement": "50",
        "wlotta": "Non",
        "positionDMS": "49°19,8 N 001°42,5 W",
        "recherchePourcentage": "100 %",
        "derniereActivite": "Expéditions réalisées :",
        "typePoint": "lighthouse"
      }
    },
    {
      "type": "Feature",
      "id": "ID467",
      "geometry": {
        "type": "Point",
        "coordinates": [
          -1.7233,
          48.8917
        ]
      },
      "properties": {
        "idPage": 467,
        "nom": "Le Pignon (éteint en juillet 2022)",
        "dplf": "",
        "accessibilite": "Bateau",
        "structure": "Tour noire bande blanche",
        "validationExpedition": "Oui",
        "departement": "50",
        "wlotta": "Oui",
        "positionDMS": "48°53,5 N 001°43,4 W",
        "recherchePourcentage": "100%",
        "derniereActivite": "Expéditions réalisées :",
        "typePoint": "lighthouse"
      }
    },
    {
      "type": "Feature",
      "id": "ID468",
      "geometry": {
        "type": "Point",
        "coordinates": [
          -1.6,
          49.6517
        ]
      },
      "properties": {
        "idPage": 468,
        "nom": "Terre Plein du Mielles - Common Rear",
        "dplf": "",
        "accessibilite": "Voiture",
        "structure": "Colonne blanche, bande noire, haut blanc",
        "validationExpedition": "Oui",
        "departement": "50",
        "wlotta": "Oui",
        "positionDMS": "49°39,1 N 001°36,0 W",
        "recherchePourcentage": "100%",
        "derniereActivite": "Expéditions réalisées :",
        "typePoint": "lighthouse"
      }
    },
    {
      "type": "Feature",
      "id": "ID469",
      "geometry": {
        "type": "Point",
        "coordinates": [
          -1.8217,
          48.8733
        ]
      },
      "properties": {
        "idPage": 469,
        "nom": "La Crabiere",
        "dplf": "",
        "accessibilite": "Bateau",
        "structure": "Tourelle haut jaune",
        "validationExpedition": "Oui",
        "departement": "50",
        "wlotta": "Oui",
        "positionDMS": "48°52,4 N 001°49,3 W",
        "recherchePourcentage": "100%",
        "derniereActivite": "Expéditions réalisées :",
        "typePoint": "lighthouse"
      }
    },
    {
      "type": "Feature",
      "id": "ID470",
      "geometry": {
        "type": "Point",
        "coordinates": [
          -1.6183,
          49.6717
        ]
      },
      "properties": {
        "idPage": 470,
        "nom": "Cherbourg - Digue Centrale",
        "dplf": "",
        "accessibilite": "Bateau",
        "structure": "Voir phares PB 115 et PB 391",
        "validationExpedition": "Oui",
        "departement": "50",
        "wlotta": "Oui",
        "positionDMS": "49°40,3 N 001°37,1 W",
        "recherchePourcentage": "100%",
        "derniereActivite": "Expéditions réalisées :",
        "typePoint": "lighthouse"
      }
    },
    {
      "type": "Feature",
      "id": "ID471",
      "geometry": {
        "type": "Point",
        "coordinates": [
          -2.1367,
          48.6183
        ]
      },
      "properties": {
        "idPage": 471,
        "nom": "Saint Briac",
        "dplf": "",
        "accessibilite": "Voiture",
        "structure": "Colonne blanche sur cabane blanche",
        "validationExpedition": "Oui",
        "departement": "35",
        "wlotta": "Oui",
        "positionDMS": "48°37,1 N 002°08,2 W",
        "recherchePourcentage": "100%",
        "derniereActivite": "Expéditions réalisées :",
        "typePoint": "lighthouse"
      }
    },
    {
      "type": "Feature",
      "id": "ID472",
      "geometry": {
        "type": "Point",
        "coordinates": [
          -2.2433,
          48.64
        ]
      },
      "properties": {
        "idPage": 472,
        "nom": "Saint Cast - Môle",
        "dplf": "",
        "accessibilite": "A pieds",
        "structure": "Pylône blanc haut vert",
        "validationExpedition": "Oui",
        "departement": "22",
        "wlotta": "Oui",
        "positionDMS": "48°38,4 N 002°14,6 W",
        "recherchePourcentage": "100%",
        "derniereActivite": "Expéditions réalisées :",
        "typePoint": "lighthouse"
      }
    },
    {
      "type": "Feature",
      "id": "ID473",
      "geometry": {
        "type": "Point",
        "coordinates": [
          -2.63,
          48.6483
        ]
      },
      "properties": {
        "idPage": 473,
        "nom": "Le Rohein",
        "dplf": "",
        "accessibilite": "Bateau",
        "structure": "Tourelle jaune noire jaune",
        "validationExpedition": "Oui",
        "departement": "22",
        "wlotta": "Oui",
        "positionDMS": "48°38,9 N 002°37,8 W",
        "recherchePourcentage": "100%",
        "derniereActivite": "Expéditions réalisées :",
        "typePoint": "lighthouse"
      }
    },
    {
      "type": "Feature",
      "id": "ID474",
      "geometry": {
        "type": "Point",
        "coordinates": [
          -3.585,
          48.7783
        ]
      },
      "properties": {
        "idPage": 474,
        "nom": "Pointe de Lan Kerellec",
        "dplf": "",
        "accessibilite": "Voiture",
        "structure": "Tour Grise",
        "validationExpedition": "Oui",
        "departement": "22",
        "wlotta": "Oui",
        "positionDMS": "48°46,7 N 003°35,1 W",
        "recherchePourcentage": "100%",
        "derniereActivite": "Expéditions réalisées :",
        "typePoint": "lighthouse"
      }
    },
    {
      "type": "Feature",
      "id": "ID475",
      "geometry": {
        "type": "Point",
        "coordinates": [
          -3.4433,
          48.8033
        ]
      },
      "properties": {
        "idPage": 475,
        "nom": "Perros Guirec - Mole Ouest",
        "dplf": "",
        "accessibilite": "Voiture",
        "structure": "Pilier blanc haut rouge",
        "validationExpedition": "Oui",
        "departement": "22",
        "wlotta": "Oui",
        "positionDMS": "48°48,2 N 003°26,6 W",
        "recherchePourcentage": "100%",
        "derniereActivite": "Expéditions réalisées :",
        "typePoint": "lighthouse"
      }
    },
    {
      "type": "Feature",
      "id": "ID476",
      "geometry": {
        "type": "Point",
        "coordinates": [
          -3.4383,
          48.805
        ]
      },
      "properties": {
        "idPage": 476,
        "nom": "Perros Guirec - Jetée Est - Linkin",
        "dplf": "",
        "accessibilite": "Voiture",
        "structure": "Tour blanche haut vert",
        "validationExpedition": "Oui",
        "departement": "22",
        "wlotta": "Oui",
        "positionDMS": "48°48,3 N 003°26,3 W",
        "recherchePourcentage": "100%",
        "derniereActivite": "Expéditions réalisées :",
        "typePoint": "lighthouse"
      }
    },
    {
      "type": "Feature",
      "id": "ID478",
      "geometry": {
        "type": "Point",
        "coordinates": [
          -3.0867,
          48.8267
        ]
      },
      "properties": {
        "idPage": 478,
        "nom": "Kermouster",
        "dplf": "",
        "accessibilite": "Voiture",
        "structure": "Tour Blanche",
        "validationExpedition": "Oui",
        "departement": "22",
        "wlotta": "Non",
        "positionDMS": "48°49,6 N 003°05,2 W",
        "recherchePourcentage": "100%",
        "derniereActivite": "2024",
        "typePoint": "lighthouse"
      }
    },
    {
      "type": "Feature",
      "id": "ID479",
      "geometry": {
        "type": "Point",
        "coordinates": [
          -3.4167,
          47.635
        ]
      },
      "properties": {
        "idPage": 479,
        "nom": "Pointe de la Croix",
        "dplf": "",
        "accessibilite": "Bateau",
        "structure": "Lanterne rouge sur maison blanche",
        "validationExpedition": "Oui",
        "departement": "56",
        "wlotta": "Oui",
        "positionDMS": "47°38,1 N 003°25,0 W",
        "recherchePourcentage": "100%",
        "derniereActivite": "2016",
        "typePoint": "lighthouse"
      }
    },
    {
      "type": "Feature",
      "id": "ID480",
      "geometry": {
        "type": "Point",
        "coordinates": [
          -3.2133,
          47.645
        ]
      },
      "properties": {
        "idPage": 480,
        "nom": "Etel",
        "dplf": "",
        "accessibilite": "Voiture",
        "structure": "Tour rouge",
        "validationExpedition": "Oui",
        "departement": "56",
        "wlotta": "Oui",
        "positionDMS": "47°38,7 N 003°12,8 W",
        "recherchePourcentage": "100%",
        "derniereActivite": "2016",
        "typePoint": "lighthouse"
      }
    },
    {
      "type": "Feature",
      "id": "ID483",
      "geometry": {
        "type": "Point",
        "coordinates": [
          -3.9683,
          48.73
        ]
      },
      "properties": {
        "idPage": 483,
        "nom": "Men Guen Bras",
        "dplf": "",
        "accessibilite": "Bateau",
        "structure": "Cardinal Nord",
        "validationExpedition": "Oui",
        "departement": "29",
        "wlotta": "?",
        "positionDMS": "48°43,8 N 003°58,1 W",
        "recherchePourcentage": "100%",
        "derniereActivite": "Expéditions réalisées :",
        "typePoint": "lighthouse"
      }
    },
    {
      "type": "Feature",
      "id": "ID484",
      "geometry": {
        "type": "Point",
        "coordinates": [
          -3.9717,
          48.7333
        ]
      },
      "properties": {
        "idPage": 484,
        "nom": "Ile Pigued - Ar Chaden",
        "dplf": "",
        "accessibilite": "Bateau",
        "structure": "Cardinale Sud",
        "validationExpedition": "Oui",
        "departement": "29",
        "wlotta": "Oui",
        "positionDMS": "48°44,0 N 003°58,3 W",
        "recherchePourcentage": "100%",
        "derniereActivite": "Expéditions réalisées :",
        "typePoint": "lighthouse"
      }
    },
    {
      "type": "Feature",
      "id": "ID485",
      "geometry": {
        "type": "Point",
        "coordinates": [
          -4.565,
          48.5983
        ]
      },
      "properties": {
        "idPage": 485,
        "nom": "Leading light - Aber Wrac'h",
        "dplf": "",
        "accessibilite": "Voiture",
        "structure": "Support Blanc",
        "validationExpedition": "Oui",
        "departement": "29",
        "wlotta": "Oui",
        "positionDMS": "48°35,9 N 004°33,9 W",
        "recherchePourcentage": "100%",
        "derniereActivite": "Expéditions réalisées :",
        "typePoint": "lighthouse"
      }
    },
    {
      "type": "Feature",
      "id": "ID486",
      "geometry": {
        "type": "Point",
        "coordinates": [
          -4.705,
          48.565
        ]
      },
      "properties": {
        "idPage": 486,
        "nom": "Portsall",
        "dplf": "",
        "accessibilite": "Voiture",
        "structure": "Colonne Blanche haut rouge",
        "validationExpedition": "Oui",
        "departement": "29",
        "wlotta": "Oui",
        "positionDMS": "48°33,9 N 004°42,3 W",
        "recherchePourcentage": "100%",
        "derniereActivite": "2023",
        "typePoint": "lighthouse"
      }
    },
    {
      "type": "Feature",
      "id": "ID487",
      "geometry": {
        "type": "Point",
        "coordinates": [
          -5.0233,
          48.4667
        ]
      },
      "properties": {
        "idPage": 487,
        "nom": "Men Korn",
        "dplf": "",
        "accessibilite": "Bateau",
        "structure": "Cardinale Est",
        "validationExpedition": "Oui",
        "departement": "29",
        "wlotta": "Oui",
        "positionDMS": "48°28,0 N 005°01,4 W",
        "recherchePourcentage": "100%",
        "derniereActivite": "Expéditions réalisées :",
        "typePoint": "lighthouse"
      }
    },
    {
      "type": "Feature",
      "id": "ID488",
      "geometry": {
        "type": "Point",
        "coordinates": [
          -4.9467,
          48.4117
        ]
      },
      "properties": {
        "idPage": 488,
        "nom": "Les Trois Pierres",
        "dplf": "",
        "accessibilite": "Bateau",
        "structure": "Colonne blanche",
        "validationExpedition": "Oui",
        "departement": "29",
        "wlotta": "Oui",
        "positionDMS": "48°24,7 N 004°56,8 W",
        "recherchePourcentage": "100%",
        "derniereActivite": "Expéditions réalisées :",
        "typePoint": "lighthouse"
      }
    },
    {
      "type": "Feature",
      "id": "ID489",
      "geometry": {
        "type": "Point",
        "coordinates": [
          -4.955,
          48.3983
        ]
      },
      "properties": {
        "idPage": 489,
        "nom": "Ile Molene - jetée",
        "dplf": "",
        "accessibilite": "Bateau",
        "structure": "Colonne sur cabane",
        "validationExpedition": "Oui",
        "departement": "29",
        "wlotta": "Oui",
        "positionDMS": "48°23,9 N 004°57,3 W",
        "recherchePourcentage": "100%",
        "derniereActivite": "2018",
        "typePoint": "lighthouse"
      }
    },
    {
      "type": "Feature",
      "id": "ID490",
      "geometry": {
        "type": "Point",
        "coordinates": [
          -4.77,
          48.3317
        ]
      },
      "properties": {
        "idPage": 490,
        "nom": "Saint Mathieu - Feu Auxilliaire",
        "dplf": "",
        "accessibilite": "Voiture",
        "structure": "Tour blanche",
        "validationExpedition": "Oui",
        "departement": "29",
        "wlotta": "Oui",
        "positionDMS": "48°19,9 N 004°46,2 W",
        "recherchePourcentage": "100%",
        "derniereActivite": "Expéditions réalisées :",
        "typePoint": "lighthouse"
      }
    },
    {
      "type": "Feature",
      "id": "ID491",
      "geometry": {
        "type": "Point",
        "coordinates": [
          -4.5917,
          48.2817
        ]
      },
      "properties": {
        "idPage": 491,
        "nom": "Camaret sur Mer - Môle Nord",
        "dplf": "",
        "accessibilite": "A pieds",
        "structure": "Pylône blanc et vert",
        "validationExpedition": "Oui",
        "departement": "29",
        "wlotta": "Oui",
        "positionDMS": "48°16,9 N 004°35,5 W",
        "recherchePourcentage": "100%",
        "derniereActivite": "Expéditions réalisées :",
        "typePoint": "lighthouse"
      }
    },
    {
      "type": "Feature",
      "id": "ID492",
      "geometry": {
        "type": "Point",
        "coordinates": [
          -4.59,
          48.34
        ]
      },
      "properties": {
        "idPage": 492,
        "nom": "Roche Mengam",
        "dplf": "",
        "accessibilite": "Bateau",
        "structure": "Tourelle noire rouge noire",
        "validationExpedition": "Oui",
        "departement": "29",
        "wlotta": "Oui",
        "positionDMS": "48°20,4 N 004°35,4 W",
        "recherchePourcentage": "100%",
        "derniereActivite": "Expéditions réalisées :",
        "typePoint": "lighthouse"
      }
    },
    {
      "type": "Feature",
      "id": "ID493",
      "geometry": {
        "type": "Point",
        "coordinates": [
          -4.4917,
          48.38
        ]
      },
      "properties": {
        "idPage": 493,
        "nom": "Brest Range Front",
        "dplf": "",
        "accessibilite": "Voiture (attention secteur protégé Radio)",
        "structure": "Tour blanche ronde - Tour vigie - Base Navale",
        "validationExpedition": "Oui",
        "departement": "29",
        "wlotta": "Oui",
        "positionDMS": "48°22,8 N 004°29,5 W",
        "recherchePourcentage": "100%",
        "derniereActivite": "Expéditions réalisées :",
        "typePoint": "lighthouse"
      }
    },
    {
      "type": "Feature",
      "id": "ID494",
      "geometry": {
        "type": "Point",
        "coordinates": [
          -4.49,
          48.3733
        ]
      },
      "properties": {
        "idPage": 494,
        "nom": "Brest Range Rear",
        "dplf": "",
        "accessibilite": "Voiture (attention secteur protégé Radio)",
        "structure": "Sur un point haut du château - Base Navale",
        "validationExpedition": "Oui",
        "departement": "29",
        "wlotta": "Oui",
        "positionDMS": "48°22,4 N 004°29,4 W",
        "recherchePourcentage": "100%",
        "derniereActivite": "Expéditions réalisées :",
        "typePoint": "lighthouse"
      }
    },
    {
      "type": "Feature",
      "id": "ID495",
      "geometry": {
        "type": "Point",
        "coordinates": [
          -4.8133,
          48.025
        ]
      },
      "properties": {
        "idPage": 495,
        "nom": "Le Chat",
        "dplf": "",
        "accessibilite": "Bateau",
        "structure": "Tourelle noire haut jaune",
        "validationExpedition": "Oui",
        "departement": "29",
        "wlotta": "Oui",
        "positionDMS": "48°01,5 N 004°48,8 W",
        "recherchePourcentage": "100%",
        "derniereActivite": "Expéditions réalisées :",
        "typePoint": "lighthouse"
      }
    },
    {
      "type": "Feature",
      "id": "ID496",
      "geometry": {
        "type": "Point",
        "coordinates": [
          -4.7583,
          48.04
        ]
      },
      "properties": {
        "idPage": 496,
        "nom": "La Plate",
        "dplf": "",
        "accessibilite": "Bateau",
        "structure": "Cardinale Ouest",
        "validationExpedition": "Oui",
        "departement": "29",
        "wlotta": "Oui",
        "positionDMS": "48°02,4 N 004°45,5 W",
        "recherchePourcentage": "100%",
        "derniereActivite": "Expéditions réalisées :",
        "typePoint": "lighthouse"
      }
    },
    {
      "type": "Feature",
      "id": "ID498",
      "geometry": {
        "type": "Point",
        "coordinates": [
          -4.2833,
          47.7883
        ]
      },
      "properties": {
        "idPage": 498,
        "nom": "Mole de Lechiagat - Entrance range Front",
        "dplf": "",
        "accessibilite": "A pieds",
        "structure": "Pylone blanc",
        "validationExpedition": "Oui",
        "departement": "29",
        "wlotta": "Oui",
        "positionDMS": "47°47,3 N 004°17,0 W",
        "recherchePourcentage": "100%",
        "derniereActivite": "Expéditions réalisées :",
        "typePoint": "lighthouse"
      }
    },
    {
      "type": "Feature",
      "id": "ID499",
      "geometry": {
        "type": "Point",
        "coordinates": [
          -4.3383,
          47.7883
        ]
      },
      "properties": {
        "idPage": 499,
        "nom": "locarec Rocher",
        "dplf": "",
        "accessibilite": "Bateau",
        "structure": "Colonne métallique sur le rocher",
        "validationExpedition": "Oui",
        "departement": "29",
        "wlotta": "Oui",
        "positionDMS": "47°47,3 N 004°20,3 W",
        "recherchePourcentage": "100%",
        "derniereActivite": "Expéditions réalisées :",
        "typePoint": "lighthouse"
      }
    },
    {
      "type": "Feature",
      "id": "ID501",
      "geometry": {
        "type": "Point",
        "coordinates": [
          -4.2833,
          47.7917
        ]
      },
      "properties": {
        "idPage": 501,
        "nom": "Mole de Lechiagat - Middle",
        "dplf": "",
        "accessibilite": "A pieds",
        "structure": "Pylone avec marque circulaire rouge",
        "validationExpedition": "Oui",
        "departement": "29",
        "wlotta": "Oui",
        "positionDMS": "47°47,5 N 004°17,0 W",
        "recherchePourcentage": "100%",
        "derniereActivite": "Expéditions réalisées :",
        "typePoint": "lighthouse"
      }
    },
    {
      "type": "Feature",
      "id": "ID502",
      "geometry": {
        "type": "Point",
        "coordinates": [
          -4.21,
          47.7967
        ]
      },
      "properties": {
        "idPage": 502,
        "nom": "Men Ar Groas - Lesconil",
        "dplf": "",
        "accessibilite": "Voiture",
        "structure": "Tour blanche haut vert",
        "validationExpedition": "Oui",
        "departement": "29",
        "wlotta": "Oui",
        "positionDMS": "47°47,8 N 004°12,6 W",
        "recherchePourcentage": "100%",
        "derniereActivite": "Expéditions réalisées :",
        "typePoint": "lighthouse"
      }
    },
    {
      "type": "Feature",
      "id": "ID503",
      "geometry": {
        "type": "Point",
        "coordinates": [
          -3.925,
          47.8583
        ]
      },
      "properties": {
        "idPage": 503,
        "nom": "Le Cochon",
        "dplf": "",
        "accessibilite": "Bateau",
        "structure": "Tour verte",
        "validationExpedition": "Oui",
        "departement": "29",
        "wlotta": "Oui",
        "positionDMS": "47°51,5 N 003°55,5 W",
        "recherchePourcentage": "100%",
        "derniereActivite": "Expéditions réalisées :",
        "typePoint": "lighthouse"
      }
    },
    {
      "type": "Feature",
      "id": "ID504",
      "geometry": {
        "type": "Point",
        "coordinates": [
          -3.9133,
          47.8717
        ]
      },
      "properties": {
        "idPage": 504,
        "nom": "Passage de Lanriec - Ville close",
        "dplf": "",
        "accessibilite": "Voiture",
        "structure": "Pylone blanc",
        "validationExpedition": "Oui",
        "departement": "29",
        "wlotta": "Oui",
        "positionDMS": "47°52,3 N 003°54,8 W",
        "recherchePourcentage": "100%",
        "derniereActivite": "Expéditions réalisées :",
        "typePoint": "lighthouse"
      }
    },
    {
      "type": "Feature",
      "id": "ID505",
      "geometry": {
        "type": "Point",
        "coordinates": [
          -3.855,
          47.795
        ]
      },
      "properties": {
        "idPage": 505,
        "nom": "Trevignon - Shelter",
        "dplf": "",
        "accessibilite": "A pieds",
        "structure": "Colonne blanche haut vert",
        "validationExpedition": "Oui",
        "departement": "29",
        "wlotta": "Oui",
        "positionDMS": "47°47,7 N 003°51,3 W",
        "recherchePourcentage": "100%",
        "derniereActivite": "Expéditions réalisées :",
        "typePoint": "lighthouse"
      }
    },
    {
      "type": "Feature",
      "id": "ID506",
      "geometry": {
        "type": "Point",
        "coordinates": [
          -3.67,
          47.7817
        ]
      },
      "properties": {
        "idPage": 506,
        "nom": "Brigneau",
        "dplf": "",
        "accessibilite": "Voiture",
        "structure": "Colonne blanche haut rouge",
        "validationExpedition": "Oui",
        "departement": "29",
        "wlotta": "Oui",
        "positionDMS": "47°46,9 N 003°40,2 W",
        "recherchePourcentage": "100%",
        "derniereActivite": "Expéditions réalisées :",
        "typePoint": "lighthouse"
      }
    },
    {
      "type": "Feature",
      "id": "ID507",
      "geometry": {
        "type": "Point",
        "coordinates": [
          -4.96,
          48.395
        ]
      },
      "properties": {
        "idPage": 507,
        "nom": "Ile de Molene",
        "dplf": "",
        "accessibilite": "Bateau",
        "structure": "Validation expédition : Oui",
        "validationExpedition": "Oui",
        "departement": "29",
        "wlotta": "Oui",
        "positionDMS": "48°23,7 N 004°57,6 W",
        "recherchePourcentage": "100%",
        "derniereActivite": "Expéditions réalisées :",
        "typePoint": "lighthouse"
      }
    },
    {
      "type": "Feature",
      "id": "ID510",
      "geometry": {
        "type": "Point",
        "coordinates": [
          -3.3883,
          48.8017
        ]
      },
      "properties": {
        "idPage": 510,
        "nom": "Nantouar",
        "dplf": "",
        "accessibilite": "Voiture",
        "structure": "Vieux Phare",
        "validationExpedition": "Oui",
        "departement": "22",
        "wlotta": "Oui",
        "positionDMS": "48°48,1 N 003°23,3 W",
        "recherchePourcentage": "100%",
        "derniereActivite": "2019",
        "typePoint": "lighthouse"
      }
    },
    {
      "type": "Feature",
      "id": "ID512",
      "geometry": {
        "type": "Point",
        "coordinates": [
          -1.8517,
          48.6683
        ]
      },
      "properties": {
        "idPage": 512,
        "nom": "La Houle sous Cancale - Jetée",
        "dplf": "",
        "accessibilite": "A pieds",
        "structure": "Mât",
        "validationExpedition": "Oui",
        "departement": "35",
        "wlotta": "Oui",
        "positionDMS": "48°40,1 N 001°51,1 W",
        "recherchePourcentage": "100%",
        "derniereActivite": "2022",
        "typePoint": "lighthouse"
      }
    },
    {
      "type": "Feature",
      "id": "ID513",
      "geometry": {
        "type": "Point",
        "coordinates": [
          -2.5167,
          47.3
        ]
      },
      "properties": {
        "idPage": 513,
        "nom": "Le Croisic Middle Breakwater",
        "dplf": "",
        "accessibilite": "Voiture",
        "structure": "Pylône blanc sur passerelle",
        "validationExpedition": "Oui",
        "departement": "44",
        "wlotta": "Non",
        "positionDMS": "47°18,0 N 002°31,0 W",
        "recherchePourcentage": "100%",
        "derniereActivite": "2016",
        "typePoint": "lighthouse"
      }
    },
    {
      "type": "Feature",
      "id": "ID514",
      "geometry": {
        "type": "Point",
        "coordinates": [
          -1.57,
          49.6583
        ]
      },
      "properties": {
        "idPage": 514,
        "nom": "Digue et Île Pelée",
        "dplf": "",
        "accessibilite": "Bateau",
        "structure": "Voir phares PB 385",
        "validationExpedition": "Oui",
        "departement": "50",
        "wlotta": "Oui",
        "positionDMS": "49°39,5 N 001°34,2 W",
        "recherchePourcentage": "100%",
        "derniereActivite": "Expéditions réalisées :",
        "typePoint": "lighthouse"
      }
    },
    {
      "type": "Feature",
      "id": "ID518",
      "geometry": {
        "type": "Point",
        "coordinates": [
          -3.365,
          47.7283
        ]
      },
      "properties": {
        "idPage": 518,
        "nom": "Keroman Rear",
        "dplf": "",
        "accessibilite": "Voiture",
        "structure": "Cabane bandes blanches et rouges",
        "validationExpedition": "Oui",
        "departement": "56",
        "wlotta": "Oui",
        "positionDMS": "47°43,7 N 003°21,9 W",
        "recherchePourcentage": "100%",
        "derniereActivite": "2016",
        "typePoint": "lighthouse"
      }
    },
    {
      "type": "Feature",
      "id": "ID519",
      "geometry": {
        "type": "Point",
        "coordinates": [
          -2.875,
          47.345
        ]
      },
      "properties": {
        "idPage": 519,
        "nom": "Ile Hoedic",
        "dplf": "",
        "accessibilite": "Bateau",
        "structure": "Validation expédition : Non",
        "validationExpedition": "Non",
        "departement": "56",
        "wlotta": "Oui",
        "positionDMS": "47°20,7 N 002°52,5 W",
        "recherchePourcentage": "100%",
        "derniereActivite": "2017",
        "typePoint": "lighthouse"
      }
    },
    {
      "type": "Feature",
      "id": "ID520",
      "geometry": {
        "type": "Point",
        "coordinates": [
          -2.9567,
          47.3917
        ]
      },
      "properties": {
        "idPage": 520,
        "nom": "Ile Houat",
        "dplf": "",
        "accessibilite": "Bateau",
        "structure": "Tour blanche haut vert",
        "validationExpedition": "Oui",
        "departement": "56",
        "wlotta": "?",
        "positionDMS": "47°23,5 N 002°57,4 W",
        "recherchePourcentage": "100%",
        "derniereActivite": "Expéditions réalisées :",
        "typePoint": "lighthouse"
      }
    },
    {
      "type": "Feature",
      "id": "ID524",
      "geometry": {
        "type": "Point",
        "coordinates": [
          7.34,
          43.7083
        ]
      },
      "properties": {
        "idPage": 524,
        "nom": "Beaulieu sur Mer - Digue détachée",
        "dplf": "",
        "accessibilite": "Bateau",
        "structure": "Tour blanche haut rouge",
        "validationExpedition": "Oui",
        "departement": "06",
        "wlotta": "Oui",
        "positionDMS": "43°42,5 N 007°20,4 E",
        "recherchePourcentage": "100%",
        "derniereActivite": "Expéditions réalisées :",
        "typePoint": "lighthouse"
      }
    },
    {
      "type": "Feature",
      "id": "ID525",
      "geometry": {
        "type": "Point",
        "coordinates": [
          7.415,
          43.7233
        ]
      },
      "properties": {
        "idPage": 525,
        "nom": "Port de Cap d'Ail - Digue du large",
        "dplf": "",
        "accessibilite": "Voiture",
        "structure": "Batiment en béton vert",
        "validationExpedition": "Oui",
        "departement": "06",
        "wlotta": "Non",
        "positionDMS": "43°43,4 N 007°24,9 E",
        "recherchePourcentage": "100%",
        "derniereActivite": "Expéditions réalisées :",
        "typePoint": "lighthouse"
      }
    },
    {
      "type": "Feature",
      "id": "ID526",
      "geometry": {
        "type": "Point",
        "coordinates": [
          7.3533,
          43.7167
        ]
      },
      "properties": {
        "idPage": 526,
        "nom": "Eze Sur Mer - Digue Port Silva Maris",
        "dplf": "",
        "accessibilite": "Voiture",
        "structure": "Colone blanche, base et lanterne rouge",
        "validationExpedition": "Oui",
        "departement": "06",
        "wlotta": "Non",
        "positionDMS": "43°43,0 N 007°21,2 E",
        "recherchePourcentage": "100%",
        "derniereActivite": "Expéditions réalisées :",
        "typePoint": "lighthouse"
      }
    },
    {
      "type": "Feature",
      "id": "ID527",
      "geometry": {
        "type": "Point",
        "coordinates": [
          7.3117,
          43.7
        ]
      },
      "properties": {
        "idPage": 527,
        "nom": "Villefranche",
        "dplf": "",
        "accessibilite": "Voiture",
        "structure": "Lanterne rouge",
        "validationExpedition": "Oui",
        "departement": "06",
        "wlotta": "Non",
        "positionDMS": "43°42,0 N 007°18,7 E",
        "recherchePourcentage": "100%",
        "derniereActivite": "Expéditions réalisées :",
        "typePoint": "lighthouse"
      }
    },
    {
      "type": "Feature",
      "id": "ID528",
      "geometry": {
        "type": "Point",
        "coordinates": [
          7.1133,
          43.5633
        ]
      },
      "properties": {
        "idPage": 528,
        "nom": "Gallice",
        "dplf": "",
        "accessibilite": "Voiture",
        "structure": "Tour blanche haut vert",
        "validationExpedition": "Oui",
        "departement": "06",
        "wlotta": "Non",
        "positionDMS": "43°33,8 N 007°06,8 E",
        "recherchePourcentage": "100%",
        "derniereActivite": "Expéditions réalisées :",
        "typePoint": "lighthouse"
      }
    },
    {
      "type": "Feature",
      "id": "ID529",
      "geometry": {
        "type": "Point",
        "coordinates": [
          7.1133,
          43.5633
        ]
      },
      "properties": {
        "idPage": 529,
        "nom": "Golfe Juan - Jetée Club Nautique",
        "dplf": "",
        "accessibilite": "Voiture",
        "structure": "Colone blanche haut rouge",
        "validationExpedition": "Oui",
        "departement": "06",
        "wlotta": "Non",
        "positionDMS": "43°33,8 N 007°06,8 E",
        "recherchePourcentage": "100%",
        "derniereActivite": "Expéditions réalisées :",
        "typePoint": "lighthouse"
      }
    },
    {
      "type": "Feature",
      "id": "ID530",
      "geometry": {
        "type": "Point",
        "coordinates": [
          7.0517,
          43.5
        ]
      },
      "properties": {
        "idPage": 530,
        "nom": "Les Moines - Sud Iles de Lerins",
        "dplf": "",
        "accessibilite": "Bateau",
        "structure": "Tour Jaune et noire",
        "validationExpedition": "Oui",
        "departement": "06",
        "wlotta": "Non",
        "positionDMS": "43°30,0 N 007°03,1 E",
        "recherchePourcentage": "100%",
        "derniereActivite": "Expéditions réalisées :",
        "typePoint": "lighthouse"
      }
    },
    {
      "type": "Feature",
      "id": "ID531",
      "geometry": {
        "type": "Point",
        "coordinates": [
          7.0433,
          43.5417
        ]
      },
      "properties": {
        "idPage": 531,
        "nom": "Port de Mouré Rouge",
        "dplf": "",
        "accessibilite": "A Pieds",
        "structure": "Tour blanche haut vert",
        "validationExpedition": "Oui",
        "departement": "06",
        "wlotta": "Non",
        "positionDMS": "43°32,5 N 007°02,6 E",
        "recherchePourcentage": "100%",
        "derniereActivite": "Expéditions réalisées :",
        "typePoint": "lighthouse"
      }
    },
    {
      "type": "Feature",
      "id": "ID532",
      "geometry": {
        "type": "Point",
        "coordinates": [
          6.94,
          43.51
        ]
      },
      "properties": {
        "idPage": 532,
        "nom": "Theoule sur Mer - Jetée Est",
        "dplf": "",
        "accessibilite": "Voiture",
        "structure": "Tour rouge haut rouge",
        "validationExpedition": "Oui",
        "departement": "06",
        "wlotta": "Non",
        "positionDMS": "43°30,6 N 006°56,4 E",
        "recherchePourcentage": "100%",
        "derniereActivite": "Expéditions réalisées :",
        "typePoint": "lighthouse"
      }
    },
    {
      "type": "Feature",
      "id": "ID533",
      "geometry": {
        "type": "Point",
        "coordinates": [
          6.9333,
          43.4833
        ]
      },
      "properties": {
        "idPage": 533,
        "nom": "La Figueirette - Jetée",
        "dplf": "",
        "accessibilite": "Voiture",
        "structure": "Colone blanche haut vert",
        "validationExpedition": "Oui",
        "departement": "06",
        "wlotta": "Non",
        "positionDMS": "43°29,0 N 006°56,0 E",
        "recherchePourcentage": "100%",
        "derniereActivite": "Expéditions réalisées :",
        "typePoint": "lighthouse"
      }
    },
    {
      "type": "Feature",
      "id": "ID534",
      "geometry": {
        "type": "Point",
        "coordinates": [
          4.8683,
          43.4067
        ]
      },
      "properties": {
        "idPage": 534,
        "nom": "Port de Fos - Entrée Avant",
        "dplf": "",
        "accessibilite": "Voiture",
        "structure": "Pylône gris, 2 bandes horizontales rouge",
        "validationExpedition": "Oui",
        "departement": "13",
        "wlotta": "Non",
        "positionDMS": "43°24,4 N 004°52,1 E",
        "recherchePourcentage": "100%",
        "derniereActivite": "Expéditions réalisées :",
        "typePoint": "lighthouse"
      }
    },
    {
      "type": "Feature",
      "id": "ID535",
      "geometry": {
        "type": "Point",
        "coordinates": [
          4.8617,
          43.4083
        ]
      },
      "properties": {
        "idPage": 535,
        "nom": "Port de Fos - Entrée Arrière",
        "dplf": "",
        "accessibilite": "Voiture",
        "structure": "Pylône gris, 2 bandes verticales rouge",
        "validationExpedition": "Oui",
        "departement": "13",
        "wlotta": "Non",
        "positionDMS": "43°24,5 N 004°51,7 E",
        "recherchePourcentage": "100%",
        "derniereActivite": "Expéditions réalisées :",
        "typePoint": "lighthouse"
      }
    },
    {
      "type": "Feature",
      "id": "ID536",
      "geometry": {
        "type": "Point",
        "coordinates": [
          4.8583,
          43.4017
        ]
      },
      "properties": {
        "idPage": 536,
        "nom": "Mole Graveleau Avant",
        "dplf": "",
        "accessibilite": "Voiture",
        "structure": "Tour metallique blanche 2 marques horizontales orange",
        "validationExpedition": "Oui",
        "departement": "13",
        "wlotta": "Non",
        "positionDMS": "43°24,1 N 004°51,5 E",
        "recherchePourcentage": "100%",
        "derniereActivite": "Expéditions réalisées :",
        "typePoint": "lighthouse"
      }
    },
    {
      "type": "Feature",
      "id": "ID537",
      "geometry": {
        "type": "Point",
        "coordinates": [
          4.87,
          43.4333
        ]
      },
      "properties": {
        "idPage": 537,
        "nom": "Bassin N°1",
        "dplf": "",
        "accessibilite": "Voiture",
        "structure": "Colone",
        "validationExpedition": "Oui",
        "departement": "13",
        "wlotta": "Non",
        "positionDMS": "43°26,0 N 004°52,2 E",
        "recherchePourcentage": "100%",
        "derniereActivite": "Expéditions réalisées :",
        "typePoint": "lighthouse"
      }
    },
    {
      "type": "Feature",
      "id": "ID538",
      "geometry": {
        "type": "Point",
        "coordinates": [
          4.855,
          43.4017
        ]
      },
      "properties": {
        "idPage": 538,
        "nom": "Mole Graveleau Arrière",
        "dplf": "",
        "accessibilite": "Voiture",
        "structure": "Pylône blanc haut bleu marque orange",
        "validationExpedition": "Oui",
        "departement": "13",
        "wlotta": "Non",
        "positionDMS": "43°24,1 N 004°51,3 E",
        "recherchePourcentage": "100%",
        "derniereActivite": "Expéditions réalisées :",
        "typePoint": "lighthouse"
      }
    },
    {
      "type": "Feature",
      "id": "ID539",
      "geometry": {
        "type": "Point",
        "coordinates": [
          4.94,
          43.4283
        ]
      },
      "properties": {
        "idPage": 539,
        "nom": "Anse Saint Gervais",
        "dplf": "",
        "accessibilite": "Voiture",
        "structure": "Tour grise haut vert",
        "validationExpedition": "Non",
        "departement": "13",
        "wlotta": "Oui",
        "positionDMS": "43°25,7 N 004°56,4 E",
        "recherchePourcentage": "100%",
        "derniereActivite": "Expéditions réalisées :",
        "typePoint": "lighthouse"
      }
    },
    {
      "type": "Feature",
      "id": "ID540",
      "geometry": {
        "type": "Point",
        "coordinates": [
          4.9467,
          43.5167
        ]
      },
      "properties": {
        "idPage": 540,
        "nom": "Istres",
        "dplf": "",
        "accessibilite": "Voiture",
        "structure": "Château d'eau",
        "validationExpedition": "Oui",
        "departement": "13",
        "wlotta": "Non",
        "positionDMS": "43°31,0 N 004°56,8 E",
        "recherchePourcentage": "100%",
        "derniereActivite": "Expéditions réalisées :",
        "typePoint": "lighthouse"
      }
    },
    {
      "type": "Feature",
      "id": "ID541",
      "geometry": {
        "type": "Point",
        "coordinates": [
          4.985,
          43.3933
        ]
      },
      "properties": {
        "idPage": 541,
        "nom": "Saint Antoine",
        "dplf": "",
        "accessibilite": "A Pieds",
        "structure": "Tour blanche haut vert",
        "validationExpedition": "Oui",
        "departement": "13",
        "wlotta": "Non",
        "positionDMS": "43°23,6 N 004°59,1 E",
        "recherchePourcentage": "100%",
        "derniereActivite": "Expéditions réalisées :",
        "typePoint": "lighthouse"
      }
    },
    {
      "type": "Feature",
      "id": "ID542",
      "geometry": {
        "type": "Point",
        "coordinates": [
          4.9833,
          43.3967
        ]
      },
      "properties": {
        "idPage": 542,
        "nom": "Saint Antoine - Jetée Port de peche",
        "dplf": "",
        "accessibilite": "Voiture",
        "structure": "Fût blanc haut rouge",
        "validationExpedition": "Oui",
        "departement": "13",
        "wlotta": "Oui",
        "positionDMS": "43°23,8 N 004°59,0 E",
        "recherchePourcentage": "100%",
        "derniereActivite": "Expéditions réalisées :",
        "typePoint": "lighthouse"
      }
    },
    {
      "type": "Feature",
      "id": "ID543",
      "geometry": {
        "type": "Point",
        "coordinates": [
          4.9933,
          43.4033
        ]
      },
      "properties": {
        "idPage": 543,
        "nom": "Chantier Naval de Provence - Avant",
        "dplf": "",
        "accessibilite": "Voiture",
        "structure": "Pylône Rouge",
        "validationExpedition": "Oui",
        "departement": "13",
        "wlotta": "Non",
        "positionDMS": "43°24,2 N 004°59,6 E",
        "recherchePourcentage": "100%",
        "derniereActivite": "Expéditions réalisées :",
        "typePoint": "lighthouse"
      }
    },
    {
      "type": "Feature",
      "id": "ID544",
      "geometry": {
        "type": "Point",
        "coordinates": [
          4.995,
          43.405
        ]
      },
      "properties": {
        "idPage": 544,
        "nom": "Chantier Naval de Provence - Arrière",
        "dplf": "",
        "accessibilite": "Voiture",
        "structure": "Pylône Rouge",
        "validationExpedition": "Oui",
        "departement": "13",
        "wlotta": "Non",
        "positionDMS": "43°24,3 N 004°59,7 E",
        "recherchePourcentage": "100%",
        "derniereActivite": "Expéditions réalisées :",
        "typePoint": "lighthouse"
      }
    },
    {
      "type": "Feature",
      "id": "ID545",
      "geometry": {
        "type": "Point",
        "coordinates": [
          -3.045,
          48.785
        ]
      },
      "properties": {
        "idPage": 545,
        "nom": "Kerpalud - Kernoa Arrière",
        "dplf": "",
        "accessibilite": "Voiture",
        "structure": "Pylone blanc haut rouge",
        "validationExpedition": "Oui",
        "departement": "22",
        "wlotta": "Non",
        "positionDMS": "48°47,1 N 003°02,7 W",
        "recherchePourcentage": "100%",
        "derniereActivite": "2024",
        "typePoint": "lighthouse"
      }
    },
    {
      "type": "Feature",
      "id": "ID546",
      "geometry": {
        "type": "Point",
        "coordinates": [
          4.9917,
          43.4033
        ]
      },
      "properties": {
        "idPage": 546,
        "nom": "Port de pêche anse Aubran Avant",
        "dplf": "",
        "accessibilite": "Voiture",
        "structure": "Pylône blanc haut rouge",
        "validationExpedition": "Oui",
        "departement": "13",
        "wlotta": "Non",
        "positionDMS": "43°24,2 N 004°59,5 E",
        "recherchePourcentage": "100%",
        "derniereActivite": "Expéditions réalisées :",
        "typePoint": "lighthouse"
      }
    },
    {
      "type": "Feature",
      "id": "ID547",
      "geometry": {
        "type": "Point",
        "coordinates": [
          4.9933,
          43.405
        ]
      },
      "properties": {
        "idPage": 547,
        "nom": "Port de pêche anse Aubran Arrière",
        "dplf": "",
        "accessibilite": "Voiture",
        "structure": "Pylône blanc haut rouge",
        "validationExpedition": "Oui",
        "departement": "13",
        "wlotta": "Non",
        "positionDMS": "43°24,3 N 004°59,6 E",
        "recherchePourcentage": "100%",
        "derniereActivite": "Expéditions réalisées :",
        "typePoint": "lighthouse"
      }
    },
    {
      "type": "Feature",
      "id": "ID548",
      "geometry": {
        "type": "Point",
        "coordinates": [
          5.1433,
          43.46
        ]
      },
      "properties": {
        "idPage": 548,
        "nom": "Pointe de Berre Jetée - Proche Lyondell Basel France",
        "dplf": "",
        "accessibilite": "Voiture",
        "structure": "Colonne blanche lanterne rouge",
        "validationExpedition": "Oui",
        "departement": "13",
        "wlotta": "Non",
        "positionDMS": "43°27,6 N 005°08,6 E",
        "recherchePourcentage": "100%",
        "derniereActivite": "Expéditions réalisées :",
        "typePoint": "lighthouse"
      }
    },
    {
      "type": "Feature",
      "id": "ID549",
      "geometry": {
        "type": "Point",
        "coordinates": [
          5.0167,
          43.355
        ]
      },
      "properties": {
        "idPage": 549,
        "nom": "Anse de Laurons - Jetée",
        "dplf": "",
        "accessibilite": "A Pieds",
        "structure": "Colonne blanche haut rouge",
        "validationExpedition": "Oui",
        "departement": "13",
        "wlotta": "Non",
        "positionDMS": "43°21,3 N 005°01,0 E",
        "recherchePourcentage": "100%",
        "derniereActivite": "Expéditions réalisées :",
        "typePoint": "lighthouse"
      }
    },
    {
      "type": "Feature",
      "id": "ID550",
      "geometry": {
        "type": "Point",
        "coordinates": [
          4.0433,
          43.33
        ]
      },
      "properties": {
        "idPage": 550,
        "nom": "Carro - Jetée",
        "dplf": "",
        "accessibilite": "Voiture",
        "structure": "Colonne blanche haut rouge",
        "validationExpedition": "Oui",
        "departement": "13",
        "wlotta": "Non",
        "positionDMS": "43°19,8 N 004°02,6 E",
        "recherchePourcentage": "100%",
        "derniereActivite": "Expéditions réalisées :",
        "typePoint": "lighthouse"
      }
    },
    {
      "type": "Feature",
      "id": "ID551",
      "geometry": {
        "type": "Point",
        "coordinates": [
          0.3633,
          49.4367
        ]
      },
      "properties": {
        "idPage": 551,
        "nom": "La Risle",
        "dplf": "",
        "accessibilite": "Voiture",
        "structure": "Colonne métallique blanche haut vert",
        "validationExpedition": "Oui",
        "departement": "27",
        "wlotta": "Oui",
        "positionDMS": "49°26,2 N 000°21,8 E",
        "recherchePourcentage": "100%",
        "derniereActivite": "Expéditions réalisées :",
        "typePoint": "lighthouse"
      }
    },
    {
      "type": "Feature",
      "id": "ID552",
      "geometry": {
        "type": "Point",
        "coordinates": [
          0.4183,
          49.4517
        ]
      },
      "properties": {
        "idPage": 552,
        "nom": "Epi de la Roque",
        "dplf": "",
        "accessibilite": "Voiture",
        "structure": "Colonne métallique blanche haut vert",
        "validationExpedition": "Oui",
        "departement": "27",
        "wlotta": "Oui",
        "positionDMS": "49°27,1 N 000°25,1 E",
        "recherchePourcentage": "100%",
        "derniereActivite": "Expéditions réalisées :",
        "typePoint": "lighthouse"
      }
    },
    {
      "type": "Feature",
      "id": "ID553",
      "geometry": {
        "type": "Point",
        "coordinates": [
          0.44,
          49.4567
        ]
      },
      "properties": {
        "idPage": 553,
        "nom": "Marais Vernier",
        "dplf": "",
        "accessibilite": "Voiture",
        "structure": "Colonne métallique blanche haut vert",
        "validationExpedition": "Oui",
        "departement": "27",
        "wlotta": "Oui",
        "positionDMS": "49°27,4 N 000°26,4 E",
        "recherchePourcentage": "100%",
        "derniereActivite": "Expéditions réalisées :",
        "typePoint": "lighthouse"
      }
    },
    {
      "type": "Feature",
      "id": "ID554",
      "geometry": {
        "type": "Point",
        "coordinates": [
          0.54,
          49.4533
        ]
      },
      "properties": {
        "idPage": 554,
        "nom": "Saint Leonard Aval",
        "dplf": "",
        "accessibilite": "Voiture",
        "structure": "Pylône Gris haut vert",
        "validationExpedition": "Oui",
        "departement": "27",
        "wlotta": "Oui",
        "positionDMS": "49°27,2 N 000°32,4 E",
        "recherchePourcentage": "100%",
        "derniereActivite": "Expéditions réalisées :",
        "typePoint": "lighthouse"
      }
    },
    {
      "type": "Feature",
      "id": "ID555",
      "geometry": {
        "type": "Point",
        "coordinates": [
          5.2783,
          43.35
        ]
      },
      "properties": {
        "idPage": 555,
        "nom": "Pointe de l'Esquilladou",
        "dplf": "",
        "accessibilite": "A pieds",
        "structure": "Colonne blanche haut rouge",
        "validationExpedition": "Oui",
        "departement": "13",
        "wlotta": "Non",
        "positionDMS": "43°21,0 N 005°16,7 E",
        "recherchePourcentage": "100%",
        "derniereActivite": "Expéditions réalisées :",
        "typePoint": "lighthouse"
      }
    },
    {
      "type": "Feature",
      "id": "ID556",
      "geometry": {
        "type": "Point",
        "coordinates": [
          5.2367,
          43.33
        ]
      },
      "properties": {
        "idPage": 556,
        "nom": "Ile Erevine",
        "dplf": "",
        "accessibilite": "Bateau",
        "structure": "Tour Cardinale Sud",
        "validationExpedition": "Oui",
        "departement": "13",
        "wlotta": "Oui",
        "positionDMS": "43°19,8 N 005°14,2 E",
        "recherchePourcentage": "100%",
        "derniereActivite": "Expéditions réalisées :",
        "typePoint": "lighthouse"
      }
    },
    {
      "type": "Feature",
      "id": "ID557",
      "geometry": {
        "type": "Point",
        "coordinates": [
          5.3133,
          43.355
        ]
      },
      "properties": {
        "idPage": 557,
        "nom": "Drydock N°10",
        "dplf": "",
        "accessibilite": "Voiture",
        "structure": "Pylône blanc haut rouge",
        "validationExpedition": "Oui",
        "departement": "13",
        "wlotta": "Non",
        "positionDMS": "43°21,3 N 005°18,8 E",
        "recherchePourcentage": "100%",
        "derniereActivite": "Expéditions réalisées :",
        "typePoint": "lighthouse"
      }
    },
    {
      "type": "Feature",
      "id": "ID558",
      "geometry": {
        "type": "Point",
        "coordinates": [
          5.3183,
          43.3467
        ]
      },
      "properties": {
        "idPage": 558,
        "nom": "Digue Extérieure Nord",
        "dplf": "",
        "accessibilite": "Voiture",
        "structure": "Tripode blanc haut vert",
        "validationExpedition": "Oui",
        "departement": "13",
        "wlotta": "Oui",
        "positionDMS": "43°20,8 N 005°19,1 E",
        "recherchePourcentage": "100%",
        "derniereActivite": "Expéditions réalisées :",
        "typePoint": "lighthouse"
      }
    },
    {
      "type": "Feature",
      "id": "ID559",
      "geometry": {
        "type": "Point",
        "coordinates": [
          5.32,
          43.3483
        ]
      },
      "properties": {
        "idPage": 559,
        "nom": "Jetée Saumaty",
        "dplf": "",
        "accessibilite": "Voiture",
        "structure": "Tour blanche haut rouge",
        "validationExpedition": "Oui",
        "departement": "13",
        "wlotta": "Non",
        "positionDMS": "43°20,9 N 005°19,2 E",
        "recherchePourcentage": "100%",
        "derniereActivite": "Expéditions réalisées :",
        "typePoint": "lighthouse"
      }
    },
    {
      "type": "Feature",
      "id": "ID560",
      "geometry": {
        "type": "Point",
        "coordinates": [
          5.3533,
          43.2967
        ]
      },
      "properties": {
        "idPage": 560,
        "nom": "Digue Sainte Marie - Sud Ouest",
        "dplf": "",
        "accessibilite": "A Pieds",
        "structure": "Pylône blanc haut rouge",
        "validationExpedition": "Oui",
        "departement": "13",
        "wlotta": "Oui",
        "positionDMS": "43°17,8 N 005°21,2 E",
        "recherchePourcentage": "100%",
        "derniereActivite": "Expéditions réalisées :",
        "typePoint": "lighthouse"
      }
    },
    {
      "type": "Feature",
      "id": "ID561",
      "geometry": {
        "type": "Point",
        "coordinates": [
          5.3267,
          43.2133
        ]
      },
      "properties": {
        "idPage": 561,
        "nom": "Ile Tiboulen",
        "dplf": "",
        "accessibilite": "Bateau",
        "structure": "Colonne blanche haut noir",
        "validationExpedition": "Oui",
        "departement": "13",
        "wlotta": "Oui",
        "positionDMS": "43°12,8 N 005°19,6 E",
        "recherchePourcentage": "100%",
        "derniereActivite": "Expéditions réalisées :",
        "typePoint": "lighthouse"
      }
    },
    {
      "type": "Feature",
      "id": "ID562",
      "geometry": {
        "type": "Point",
        "coordinates": [
          5.615,
          43.1783
        ]
      },
      "properties": {
        "idPage": 562,
        "nom": "Bassin des Capucins - Entrée Est",
        "dplf": "",
        "accessibilite": "Voiture",
        "structure": "Tour blanche haut rouge",
        "validationExpedition": "Oui",
        "departement": "13",
        "wlotta": "Non",
        "positionDMS": "43°10,7 N 005°36,9 E",
        "recherchePourcentage": "100%",
        "derniereActivite": "Expéditions réalisées :",
        "typePoint": "lighthouse"
      }
    },
    {
      "type": "Feature",
      "id": "ID563",
      "geometry": {
        "type": "Point",
        "coordinates": [
          5.35,
          43.32
        ]
      },
      "properties": {
        "idPage": 563,
        "nom": "Digue Nord - Digue Sainte Marie",
        "dplf": "",
        "accessibilite": "Bateau",
        "structure": "2 phares - Nord et Sud",
        "validationExpedition": "Oui",
        "departement": "13",
        "wlotta": "Oui",
        "positionDMS": "43°19,2 N 005°21,0 E",
        "recherchePourcentage": "100%",
        "derniereActivite": "Expéditions réalisées :",
        "typePoint": "lighthouse"
      }
    },
    {
      "type": "Feature",
      "id": "ID564",
      "geometry": {
        "type": "Point",
        "coordinates": [
          -1.03,
          45.6167
        ]
      },
      "properties": {
        "idPage": 564,
        "nom": "Royan Jetée Sud",
        "dplf": "",
        "accessibilite": "Voiture",
        "structure": "Tour blanche base Rouge",
        "validationExpedition": "Oui",
        "departement": "17",
        "wlotta": "Non",
        "positionDMS": "45°37,0 N 001°01,8 W",
        "recherchePourcentage": "100%",
        "derniereActivite": "Expéditions réalisées :",
        "typePoint": "lighthouse"
      }
    },
    {
      "type": "Feature",
      "id": "ID565",
      "geometry": {
        "type": "Point",
        "coordinates": [
          -1.04,
          45.6217
        ]
      },
      "properties": {
        "idPage": 565,
        "nom": "Le Chay Avant",
        "dplf": "",
        "accessibilite": "Voiture",
        "structure": "Tour blanche haut Rouge",
        "validationExpedition": "Oui",
        "departement": "17",
        "wlotta": "Non",
        "positionDMS": "45°37,3 N 001°02,4 W",
        "recherchePourcentage": "100%",
        "derniereActivite": "Expéditions réalisées :",
        "typePoint": "lighthouse"
      }
    },
    {
      "type": "Feature",
      "id": "ID566",
      "geometry": {
        "type": "Point",
        "coordinates": [
          -1.025,
          45.6333
        ]
      },
      "properties": {
        "idPage": 566,
        "nom": "Saint Pierre Arrière",
        "dplf": "",
        "accessibilite": "Voiture",
        "structure": "Sur le Château d'eau",
        "validationExpedition": "Oui",
        "departement": "17",
        "wlotta": "Non",
        "positionDMS": "45°38,0 N 001°01,5 W",
        "recherchePourcentage": "100%",
        "derniereActivite": "Expéditions réalisées :",
        "typePoint": "lighthouse"
      }
    },
    {
      "type": "Feature",
      "id": "ID567",
      "geometry": {
        "type": "Point",
        "coordinates": [
          -1.12,
          45.6633
        ]
      },
      "properties": {
        "idPage": 567,
        "nom": "La Palmyre arrière",
        "dplf": "",
        "accessibilite": "Voiture",
        "structure": "Tour radar blanche",
        "validationExpedition": "Oui",
        "departement": "17",
        "wlotta": "Non",
        "positionDMS": "45°39,8 N 001°07,2 W",
        "recherchePourcentage": "100%",
        "derniereActivite": "Expéditions réalisées :",
        "typePoint": "lighthouse"
      }
    },
    {
      "type": "Feature",
      "id": "ID568",
      "geometry": {
        "type": "Point",
        "coordinates": [
          -1.145,
          45.66
        ]
      },
      "properties": {
        "idPage": 568,
        "nom": "La Palmyre avant",
        "dplf": "",
        "accessibilite": "Bateau",
        "structure": "Mât rond blanc sur socle en mer",
        "validationExpedition": "Oui",
        "departement": "17",
        "wlotta": "?",
        "positionDMS": "45°39,6 N 001°08,7 W",
        "recherchePourcentage": "100%",
        "derniereActivite": "Expéditions réalisées :",
        "typePoint": "lighthouse"
      }
    },
    {
      "type": "Feature",
      "id": "ID569",
      "geometry": {
        "type": "Point",
        "coordinates": [
          -1.3283,
          45.915
        ]
      },
      "properties": {
        "idPage": 569,
        "nom": "La Cotinière jetée coude",
        "dplf": "",
        "accessibilite": "Voiture",
        "structure": "Tour blanche haut rouge",
        "validationExpedition": "Oui",
        "departement": "17",
        "wlotta": "Oui",
        "positionDMS": "45°54,9 N 001°19,7 W",
        "recherchePourcentage": "100 %",
        "derniereActivite": "Expéditions réalisées :",
        "typePoint": "lighthouse"
      }
    },
    {
      "type": "Feature",
      "id": "ID570",
      "geometry": {
        "type": "Point",
        "coordinates": [
          -1.33,
          45.915
        ]
      },
      "properties": {
        "idPage": 570,
        "nom": "La Cotinière arrière",
        "dplf": "",
        "accessibilite": "Voiture",
        "structure": "Pylone bandes rouges et blanches",
        "validationExpedition": "Oui",
        "departement": "17",
        "wlotta": "Oui",
        "positionDMS": "45°54,9 N 001°19,8 W",
        "recherchePourcentage": "100%",
        "derniereActivite": "Expéditions réalisées :",
        "typePoint": "lighthouse"
      }
    },
    {
      "type": "Feature",
      "id": "ID571",
      "geometry": {
        "type": "Point",
        "coordinates": [
          -1.3633,
          46.0283
        ]
      },
      "properties": {
        "idPage": 571,
        "nom": "Feu directionel",
        "dplf": "",
        "accessibilite": "Voiture",
        "structure": "Poteau en béton blanc",
        "validationExpedition": "Oui",
        "departement": "17",
        "wlotta": "Oui",
        "positionDMS": "46°01,7 N 001°21,8 W",
        "recherchePourcentage": "100%",
        "derniereActivite": "Expéditions réalisées :",
        "typePoint": "lighthouse"
      }
    },
    {
      "type": "Feature",
      "id": "ID572",
      "geometry": {
        "type": "Point",
        "coordinates": [
          -1.3267,
          45.9133
        ]
      },
      "properties": {
        "idPage": 572,
        "nom": "La Cotinière avant",
        "dplf": "",
        "accessibilite": "A Pieds",
        "structure": "Tour blanche haut rouge",
        "validationExpedition": "Oui",
        "departement": "17",
        "wlotta": "Oui",
        "positionDMS": "45°54,8 N 001°19,6 W",
        "recherchePourcentage": "100%",
        "derniereActivite": "Expéditions réalisées :",
        "typePoint": "lighthouse"
      }
    },
    {
      "type": "Feature",
      "id": "ID573",
      "geometry": {
        "type": "Point",
        "coordinates": [
          -1.3667,
          46.0367
        ]
      },
      "properties": {
        "idPage": 573,
        "nom": "Saint Denis d'Oléron",
        "dplf": "",
        "accessibilite": "A Pieds",
        "structure": "Cabane carrée blanche haut vert",
        "validationExpedition": "Oui",
        "departement": "17",
        "wlotta": "Oui",
        "positionDMS": "46°02,2 N 001°22,0 W",
        "recherchePourcentage": "100%",
        "derniereActivite": "Expéditions réalisées :",
        "typePoint": "lighthouse"
      }
    },
    {
      "type": "Feature",
      "id": "ID574",
      "geometry": {
        "type": "Point",
        "coordinates": [
          -1.3933,
          46.0667
        ]
      },
      "properties": {
        "idPage": 574,
        "nom": "Antioche Rock",
        "dplf": "",
        "accessibilite": "Bateau",
        "structure": "Cardinale Noire Jaune",
        "validationExpedition": "Oui",
        "departement": "17",
        "wlotta": "?",
        "positionDMS": "46°04,0 N 001°23,6 W",
        "recherchePourcentage": "100%",
        "derniereActivite": "Expéditions réalisées :",
        "typePoint": "lighthouse"
      }
    },
    {
      "type": "Feature",
      "id": "ID575",
      "geometry": {
        "type": "Point",
        "coordinates": [
          -1.065,
          45.945
        ]
      },
      "properties": {
        "idPage": 575,
        "nom": "Port des Barques Arrière",
        "dplf": "",
        "accessibilite": "Voiture",
        "structure": "Tour carrée blanche bande noire",
        "validationExpedition": "Oui",
        "departement": "17",
        "wlotta": "Non",
        "positionDMS": "45°56,7 N 001°03,9 W",
        "recherchePourcentage": "100%",
        "derniereActivite": "Expéditions réalisées :",
        "typePoint": "lighthouse"
      }
    },
    {
      "type": "Feature",
      "id": "ID576",
      "geometry": {
        "type": "Point",
        "coordinates": [
          -1.07,
          45.9483
        ]
      },
      "properties": {
        "idPage": 576,
        "nom": "Port des Barques Avant",
        "dplf": "",
        "accessibilite": "Voiture",
        "structure": "Tour carrée blanche",
        "validationExpedition": "Oui",
        "departement": "17",
        "wlotta": "Non",
        "positionDMS": "45°56,9 N 001°04,2 W",
        "recherchePourcentage": "100%",
        "derniereActivite": "Expéditions réalisées :",
        "typePoint": "lighthouse"
      }
    },
    {
      "type": "Feature",
      "id": "ID577",
      "geometry": {
        "type": "Point",
        "coordinates": [
          -1.0633,
          45.965
        ]
      },
      "properties": {
        "idPage": 577,
        "nom": "Soumard Arriere",
        "dplf": "",
        "accessibilite": "A Pieds",
        "structure": "Tour carrée blanche haut rouge",
        "validationExpedition": "Oui",
        "departement": "17",
        "wlotta": "Non",
        "positionDMS": "45°57,9 N 001°03,8 W",
        "recherchePourcentage": "100%",
        "derniereActivite": "Expéditions réalisées :",
        "typePoint": "lighthouse"
      }
    },
    {
      "type": "Feature",
      "id": "ID578",
      "geometry": {
        "type": "Point",
        "coordinates": [
          -1.0717,
          45.9667
        ]
      },
      "properties": {
        "idPage": 578,
        "nom": "Fouras Avant",
        "dplf": "",
        "accessibilite": "A Pieds",
        "structure": "Tour carrée blanche haut rouge",
        "validationExpedition": "Oui",
        "departement": "17",
        "wlotta": "Non",
        "positionDMS": "45°58,0 N 001°04,3 W",
        "recherchePourcentage": "100%",
        "derniereActivite": "Expéditions réalisées :",
        "typePoint": "lighthouse"
      }
    }
  ]
}